0.0000000,0.0000003
0.0100000,0.1009690
0.0200000,0.1362515
0.0300000,0.1592477
0.0400000,0.1733072
0.0500000,0.1669351
0.0600000,0.1573694
0.0700000,0.1541830
0.0800000,0.1420863
0.0900000,0.1238234
0.1000000,0.1106320
0.1100000,0.1435731
0.1200000,0.1150390
0.1300000,0.1104367
0.1400000,0.1213734
0.1500000,0.1136497
0.1600000,0.1185285
0.1700000,0.1188080
0.1800000,0.1128848
0.1900000,0.1138209
0.2000000,0.1160940
0.2100000,0.1032922
0.2200000,0.1096075
0.2300000,0.1063687
0.2400000,0.1315155
0.2500000,0.1414980
0.2600000,0.1176932
0.2700000,0.1142182
0.2800000,0.1244062
0.2900000,0.1176980
0.3000000,0.1249564
0.3100000,0.1218950
0.3200000,0.1229409
0.3300000,0.1305018
0.3400000,0.1204461
0.3500000,0.1097229
0.3600000,0.1290456
0.3700000,0.1341613
0.3800000,0.1425196
0.3900000,0.1415369
0.4000000,0.1625786
0.4100000,0.1407049
0.4200000,0.1183448
0.4300000,0.1209136
0.4400000,0.1274593
0.4500000,0.1238562
0.4600000,0.1331140
0.4700000,0.1233304
0.4800000,0.1374158
0.4900000,0.1566528
0.5000000,0.1405006
0.5100001,0.1284951
0.5200000,0.1421976
0.5300000,0.1296434
0.5400000,0.1471796
0.5500000,0.1396700
0.5600000,0.1431371
0.5700001,0.1404373
0.5800000,0.1265770
0.5900000,0.1240121
0.6000000,0.1219727
0.6100000,0.1260704
0.6200000,0.1390482
0.6300001,0.1533944
0.6400000,0.1647284
0.6500000,0.1484588
0.6600000,0.1463608
0.6700000,0.1634617
0.6800000,0.1924613
0.6900001,0.1771813
0.7000000,0.1670367
0.7100000,0.1650503
0.7200000,0.1554864
0.7300000,0.1536801
0.7400000,0.1625814
0.7500001,0.1606937
0.7600001,0.1670832
0.7700000,0.1568621
0.7800000,0.1537942
0.7900000,0.1366936
0.8000000,0.1542038
0.8100001,0.1611387
0.8200001,0.1587330
0.8300000,0.1651563
0.8400000,0.1434059
0.8500000,0.1373418
0.8600000,0.1623232
0.8700001,0.1872524
0.8800001,0.1900068
0.8900000,0.1965168
0.9000000,0.1833859
0.9100000,0.1897109
0.9200000,0.1842335
0.9300001,0.1701254
0.9400001,0.1891034
0.9500000,0.1886771
0.9600000,0.1780662
0.9700000,0.1858191
0.9800000,0.1696544
0.9900001,0.1758879
1.0000000,0.1771011
1.0100000,0.1809957
1.0200001,0.1729519
1.0300001,0.1617607
1.0400001,0.1636729
1.0500001,0.1851298
1.0600001,0.2007530
1.0700001,0.1750506
1.0800000,0.1677488
1.0900000,0.1548726
1.1000000,0.1591699
1.1100000,0.1720432
1.1200000,0.1641857
1.1300000,0.1642331
1.1400001,0.1742355
1.1500001,0.1507450
1.1600001,0.1640478
1.1700001,0.1610189
1.1800001,0.1725067
1.1900001,0.1727834
1.2000000,0.1608518
1.2100000,0.1595351
1.2200000,0.1572560
1.2300000,0.1484827
1.2400000,0.1450906
1.2500000,0.1484758
1.2600001,0.1471098
1.2700001,0.1499403
1.2800001,0.1352338
1.2900001,0.1419266
1.3000001,0.1384296
1.3100001,0.1359637
1.3200001,0.1527933
1.3300000,0.1621483
1.3400000,0.1437987
1.3500000,0.1583842
1.3600000,0.1737924
1.3700001,0.1690308
1.3800001,0.1581228
1.3900001,0.1369966
1.4000001,0.1273000
1.4100001,0.1555947
1.4200001,0.1585138
1.4300001,0.1388816
1.4400001,0.1445915
1.4500000,0.1794278
1.4600000,0.1758021
1.4700000,0.1795101
1.4800000,0.1795252
1.4900001,0.1628648
1.5000001,0.1717447
1.5100001,0.1888197
1.5200001,0.1897652
1.5300001,0.1870060
1.5400001,0.1792333
1.5500001,0.1790847
1.5600001,0.1633866
1.5700001,0.1776496
1.5800000,0.1908441
1.5900000,0.2072362
1.6000000,0.2050868
1.6100001,0.1702883
1.6200001,0.1749869
1.6300001,0.1764250
1.6400001,0.1941660
1.6500001,0.1744367
1.6600001,0.1550373
1.6700001,0.1532470
1.6800001,0.1576763
1.6900001,0.1506397
1.7000000,0.1573322
1.7100000,0.1492909
1.7200000,0.1365530
1.7300001,0.1546854
1.7400001,0.1644944
1.7500001,0.1626970
1.7600001,0.1637580
1.7700001,0.1504335
1.7800001,0.1521233
1.7900001,0.1577406
1.8000001,0.1561362
1.8100001,0.1623554
1.8200001,0.1338209
1.8300000,0.1429084
1.8400000,0.1656523
1.8500001,0.1506451
1.8600001,0.1401132
1.8700001,0.1389780
1.8800001,0.1333173
1.8900001,0.1389890
1.9000001,0.1484377
1.9100001,0.1603595
1.9200001,0.1911505
1.9300001,0.2092579
1.9400001,0.1773648
1.9500000,0.1561462
1.9600000,0.1428532
1.9700001,0.1477846
1.9800001,0.1638654
1.9900001,0.1473138
2.0000000,0.1443028
2.0100000,0.1463613
2.0200000,0.1473768
2.0300002,0.1471088
2.0400002,0.1522686
2.0500002,0.1491721
2.0600002,0.1469956
2.0700002,0.1509842
2.0800002,0.1587761
2.0900002,0.1567265
2.1000001,0.1628856
2.1100001,0.1654563
2.1200001,0.1570402
2.1300001,0.1625205
2.1400001,0.1808160
2.1500001,0.1757026
2.1600001,0.1861470
2.1700001,0.1876612
2.1800001,0.1778158
2.1900001,0.1919530
2.2000000,0.1773359
2.2100000,0.1696168
2.2200000,0.1780404
2.2300000,0.1785739
2.2400000,0.1879336
2.2500000,0.1878126
2.2600000,0.1821855
2.2700002,0.1774095
2.2800002,0.1939544
2.2900002,0.1915539
2.3000002,0.1972140
2.3100002,0.1966945
2.3200002,0.1925733
2.3300002,0.1981716
2.3400002,0.2030223
2.3500001,0.2096045
2.3600001,0.1904563
2.3700001,0.1831560
2.3800001,0.1892715
2.3900001,0.1758277
2.4000001,0.1921752
2.4100001,0.1870223
2.4200001,0.1817353
2.4300001,0.1861937
2.4400001,0.1976104
2.4500000,0.2023520
2.4600000,0.1952387
2.4700000,0.1886219
2.4800000,0.1855969
2.4900000,0.1857387
2.5000000,0.1794549
2.5100002,0.1767164
2.5200002,0.1723963
2.5300002,0.1809209
2.5400002,0.1861270
2.5500002,0.1908683
2.5600002,0.1824846
2.5700002,0.1854328
2.5800002,0.1933650
2.5900002,0.1799443
2.6000001,0.1816356
2.6100001,0.1779903
2.6200001,0.1958257
2.6300001,0.1816112
2.6400001,0.1805360
2.6500001,0.1819143
2.6600001,0.1927654
2.6700001,0.1906500
2.6800001,0.1891177
2.6900001,0.1830616
2.7000000,0.1778865
2.7100000,0.1741321
2.7200000,0.1784459
2.7300000,0.1740258
2.7400002,0.1814023
2.7500002,0.1845932
2.7600002,0.1762832
2.7700002,0.1730471
2.7800002,0.1739753
2.7900002,0.1697761
2.8000002,0.1735526
2.8100002,0.1660742
2.8200002,0.1682173
2.8300002,0.1752432
2.8400002,0.1873943
2.8500001,0.1877945
2.8600001,0.1836950
2.8700001,0.1851504
2.8800001,0.1837763
2.8900001,0.1808892
2.9000001,0.1867191
2.9100001,0.1816489
2.9200001,0.1785745
2.9300001,0.1733453
2.9400001,0.1694236
2.9500000,0.1738422
2.9600000,0.1879739
2.9700000,0.1801476
2.9800003,0.1718647
2.9900002,0.1701363
3.0000002,0.1722313
3.0100002,0.1697694
3.0200002,0.1709522
3.0300002,0.1691726
3.0400002,0.1712529
3.0500002,0.1706544
3.0600002,0.1649310
3.0700002,0.1758113
3.0800002,0.1671899
3.0900002,0.1706324
3.1000001,0.1852929
3.1100001,0.1859018
3.1200001,0.1789941
3.1300001,0.1794891
3.1400001,0.1806834
3.1500001,0.1745418
3.1600001,0.1874128
3.1700001,0.1920329
3.1800001,0.1822227
3.1900001,0.1778933
3.2000000,0.1729929
3.2100000,0.1789430
3.2200003,0.1765037
3.2300003,0.1811701
3.2400002,0.1699632
3.2500002,0.1766962
3.2600002,0.1789982
3.2700002,0.1768584
3.2800002,0.1626476
3.2900002,0.1779118
3.3000002,0.1661420
3.3100002,0.1863609
3.3200002,0.1885150
3.3300002,0.1797881
3.3400002,0.1900055
3.3500001,0.1838721
3.3600001,0.1703974
3.3700001,0.1811655
3.3800001,0.1831610
3.3900001,0.1929766
3.4000001,0.1880699
3.4100001,0.1854104
3.4200001,0.1957863
3.4300001,0.1872113
3.4400001,0.1584435
3.4500000,0.1798909
3.4600003,0.1801372
3.4700003,0.1762791
3.4800003,0.1855637
3.4900002,0.1722178
3.5000002,0.1946998
3.5100002,0.1813999
3.5200002,0.1813936
3.5300002,0.1772400
3.5400002,0.1610916
3.5500002,0.1618458
3.5600002,0.1836213
3.5700002,0.1802767
3.5800002,0.1907176
3.5900002,0.2115375
3.6000001,0.2047642
3.6100001,0.2162800
3.6200001,0.2064659
3.6300001,0.1932849
3.6400001,0.1995820
3.6500001,0.1957116
3.6600001,0.1857939
3.6700001,0.1714166
3.6800001,0.1905153
3.6900001,0.1887662
3.7000003,0.1797196
3.7100003,0.1825595
3.7200003,0.1821331
3.7300003,0.1996774
3.7400002,0.2027145
3.7500002,0.2087916
3.7600002,0.2058029
3.7700002,0.2059489
3.7800002,0.1999439
3.7900002,0.1846766
3.8000002,0.1965633
3.8100002,0.1925770
3.8200002,0.1911594
3.8300002,0.1981450
3.8400002,0.2073184
3.8500001,0.2031289
3.8600001,0.2083321
3.8700001,0.1872254
3.8800001,0.1835221
3.8900001,0.1868003
3.9000001,0.1793058
3.9100001,0.1897643
3.9200001,0.1829816
3.9300003,0.2138892
3.9400003,0.2114455
3.9500003,0.1989707
3.9600003,0.1926405
3.9700003,0.1653221
3.9800003,0.1622646
3.9900002,0.1839159
4.0000000,0.1784974
4.0100002,0.1769224
4.0200000,0.1863915
4.0300002,0.1786548
4.0400000,0.1784839
4.0500002,0.1648088
4.0600004,0.1722602
4.0700002,0.1784476
4.0800004,0.1963982
4.0900002,0.1956047
4.1000004,0.1719036
4.1100001,0.1802717
4.1200004,0.1907840
4.1300001,0.1721981
4.1400003,0.1910879
4.1500001,0.1975626
4.1600003,0.2025589
4.1700001,0.2131261
4.1800003,0.2205009
4.1900001,0.2001774
4.2000003,0.2042162
4.2100000,0.2108639
4.2200003,0.2122022
4.2300000,0.2069239
4.2400002,0.1970780
4.2500000,0.2000006
4.2600002,0.2057641
4.2700000,0.1951276
4.2800002,0.1912438
4.2900004,0.2042069
4.3000002,0.1926184
4.3100004,0.1784691
4.3200002,0.2042418
4.3300004,0.1923767
4.3400002,0.1694713
4.3500004,0.1787141
4.3600001,0.1888389
4.3700004,0.1866685
4.3800001,0.1881445
4.3900003,0.2205199
4.4000001,0.1966417
4.4100003,0.1946766
4.4200001,0.2028713
4.4300003,0.2009055
4.4400001,0.1866006
4.4500003,0.1936292
4.4600000,0.2040896
4.4700003,0.1748036
4.4800000,0.1734213
4.4900002,0.2064820
4.5000000,0.1974299
4.5100002,0.2119858
4.5200000,0.2033018
4.5300002,0.1993704
4.5400004,0.2215285
4.5500002,0.1835823
4.5600004,0.1705427
4.5700002,0.1552867
4.5800004,0.1802593
4.5900002,0.1510725
4.6000004,0.1570575
4.6100001,0.1612589
4.6200004,0.1528760
4.6300001,0.1668435
4.6400003,0.1605723
4.6500001,0.1708495
4.6600003,0.1551356
4.6700001,0.1508422
4.6800003,0.1605655
4.6900001,0.1655927
4.7000003,0.1558744
4.7100000,0.1657699
4.7200003,0.1677178
4.7300000,0.1776170
4.7400002,0.1682629
4.7500000,0.1553103
4.7600002,0.1690701
4.7700005,0.1711666
4.7800002,0.1843616
4.7900004,0.1694968
4.8000002,0.1549182
4.8100004,0.1630351
4.8200002,0.1593165
4.8300004,0.1534436
4.8400002,0.1593261
4.8500004,0.1648611
4.8600001,0.1730929
4.8700004,0.1811998
4.8800001,0.1665682
4.8900003,0.1655161
4.9000001,0.1491309
4.9100003,0.1531951
4.9200001,0.1452372
4.9300003,0.1505048
4.9400001,0.1700946
4.9500003,0.1614875
4.9600000,0.1599706
4.9700003,0.1566807
4.9800000,0.1808035
4.9900002,0.1829002
5.0000000,0.1730832
5.0100002,0.1624683
5.0200005,0.1674702
5.0300002,0.1580617
5.0400004,0.1603916
5.0500002,0.1699545
5.0600004,0.1650724
5.0700002,0.1651881
5.0800004,0.1758313
5.0900002,0.1827047
5.1000004,0.1612463
5.1100001,0.1729206
5.1200004,0.1806326
5.1300001,0.1693450
5.1400003,0.1744821
5.1500001,0.1821844
5.1600003,0.1825557
5.1700001,0.1758501
5.1800003,0.1751371
5.1900001,0.1683495
5.2000003,0.1589089
5.2100000,0.1600992
5.2200003,0.1596619
5.2300000,0.1664085
5.2400002,0.1664637
5.2500005,0.1595410
5.2600002,0.1829632
5.2700005,0.1644377
5.2800002,0.1602751
5.2900004,0.1686671
5.3000002,0.1648142
5.3100004,0.1670860
5.3200002,0.1690673
5.3300004,0.1727482
5.3400002,0.1822100
5.3500004,0.1852819
5.3600001,0.1754897
5.3700004,0.1695527
5.3800001,0.1771155
5.3900003,0.1813099
5.4000001,0.1794010
5.4100003,0.1763931
5.4200001,0.1715066
5.4300003,0.1746189
5.4400001,0.1722595
5.4500003,0.1804300
5.4600000,0.1872573
5.4700003,0.1636212
5.4800005,0.1804396
5.4900002,0.1630979
5.5000005,0.1868093
5.5100002,0.1933870
5.5200005,0.1929841
5.5300002,0.1665903
5.5400004,0.1655160
5.5500002,0.1674001
5.5600004,0.1693325
5.5700002,0.1722033
5.5800004,0.1772704
5.5900002,0.1608033
5.6000004,0.1811589
5.6100001,0.1784863
5.6200004,0.1790736
5.6300001,0.1701199
5.6400003,0.1674654
5.6500001,0.1752974
5.6600003,0.1773109
5.6700001,0.1983905
5.6800003,0.1955077
5.6900001,0.2016417
5.7000003,0.1908077
5.7100000,0.2131442
5.7200003,0.1908997
5.7300005,0.2116948
5.7400002,0.1870500
5.7500005,0.1995196
5.7600002,0.1946835
5.7700005,0.1921509
5.7800002,0.1959549
5.7900004,0.1887668
5.8000002,0.1992127
5.8100004,0.1812787
5.8200002,0.1920024
5.8300004,0.1866638
5.8400002,0.2025308
5.8500004,0.1843771
5.8600001,0.1835219
5.8700004,0.1817313
5.8800001,0.1692403
5.8900003,0.1783518
5.9000001,0.1847193
5.9100003,0.1734623
5.9200001,0.1834378
5.9300003,0.1551035
5.9400001,0.1700131
5.9500003,0.1489215
5.9600005,0.1517647
5.9700003,0.1637571
5.9800005,0.1685392
5.9900002,0.1742180
6.0000005,0.1698014
6.0100002,0.1613981
6.0200005,0.1682291
6.0300002,0.1745842
6.0400004,0.1806245
6.0500002,0.1752423
6.0600004,0.1832087
6.0700002,0.1903749
6.0800004,0.1982631
6.0900002,0.1971952
6.1000004,0.2064061
6.1100001,0.1968716
6.1200004,0.1935503
6.1300001,0.2133296
6.1400003,0.1988473
6.1500001,0.1870093
6.1600003,0.1887135
6.1700001,0.1824827
6.1800003,0.1921162
6.1900001,0.1840802
6.2000003,0.2109549
6.2100005,0.2047603
6.2200003,0.1998797
6.2300005,0.1820343
6.2400002,0.1806878
6.2500005,0.1824557
6.2600002,0.1849136
6.2700005,0.1835270
6.2800002,0.1619482
6.2900004,0.1598632
6.3000002,0.1647707
6.3100004,0.1704968
6.3200002,0.1853795
6.3300004,0.1915378
6.3400002,0.1843442
6.3500004,0.1835736
6.3600001,0.1842648
6.3700004,0.1710501
6.3800001,0.1810567
6.3900003,0.1836107
6.4000001,0.1863230
6.4100003,0.1829333
6.4200001,0.1767952
6.4300003,0.1646673
6.4400005,0.1513510
6.4500003,0.1612755
6.4600005,0.1782457
6.4700003,0.1771718
6.4800005,0.1858097
6.4900002,0.1932132
6.5000005,0.2013558
6.5100002,0.1835545
6.5200005,0.1993482
6.5300002,0.1988885
6.5400004,0.1825124
6.5500002,0.1673976
6.5600004,0.1747287
6.5700002,0.1810128
6.5800004,0.1923207
6.5900002,0.1806286
6.6000004,0.1500673
6.6100001,0.1611300
6.6200004,0.1641510
6.6300001,0.1611217
6.6400003,0.1598080
6.6500001,0.1513842
6.6600003,0.1709138
6.6700006,0.1571548
6.6800003,0.1797261
6.6900005,0.1782852
6.7000003,0.1757324
6.7100005,0.1784599
6.7200003,0.1761008
6.7300005,0.1729832
6.7400002,0.1843658
6.7500005,0.1876474
6.7600002,0.1678779
6.7700005,0.1776629
6.7800002,0.1766808
6.7900004,0.1885499
6.8000002,0.1778186
6.8100004,0.1651919
6.8200002,0.1607331
6.8300004,0.1862688
6.8400002,0.1644702
6.8500004,0.1853862
6.8600001,0.1833040
6.8700004,0.1804924
6.8800001,0.1825221
6.8900003,0.1849874
6.9000001,0.1734984
6.9100003,0.1699172
6.9200006,0.1780424
6.9300003,0.1880914
6.9400005,0.1952947
6.9500003,0.1758250
6.9600005,0.1779271
6.9700003,0.1777223
6.9800005,0.1803254
6.9900002,0.1831859
7.0000005,0.1745314
7.0100002,0.1811041
7.0200005,0.2076394
7.0300002,0.2085387
7.0400004,0.2139813
7.0500002,0.1823549
7.0600004,0.1813813
7.0700002,0.1690268
7.0800004,0.1812675
7.0900002,0.1941723
7.1000004,0.1890530
7.1100001,0.2073259
7.1200004,0.1992183
7.1300001,0.2090688
7.1400003,0.1947916
7.1500006,0.2029299
7.1600003,0.1974527
7.1700006,0.1967090
7.1800003,0.1997742
7.1900005,0.1879978
7.2000003,0.1910383
7.2100005,0.1908866
7.2200003,0.1926019
7.2300005,0.1877793
7.2400002,0.1867430
7.2500005,0.1803740
7.2600002,0.1802675
7.2700005,0.1675735
7.2800002,0.1608722
7.2900004,0.1680361
7.3000002,0.1595501
7.3100004,0.1523841
7.3200002,0.1605384
7.3300004,0.1754777
7.3400002,0.1568974
7.3500004,0.1726695
7.3600001,0.1671928
7.3700004,0.1759208
7.3800001,0.1888891
7.3900003,0.1665497
7.4000006,0.1581651
7.4100003,0.1637387
7.4200006,0.1738451
7.4300003,0.1842270
7.4400005,0.1839750
7.4500003,0.1693386
7.4600005,0.1612637
7.4700003,0.1648344
7.4800005,0.1842630
7.4900002,0.1590061
7.5000005,0.1810904
7.5100002,0.1653184
7.5200005,0.1652755
7.5300002,0.1720212
7.5400004,0.1764326
7.5500002,0.1763462
7.5600004,0.1801879
7.5700002,0.1525227
7.5800004,0.1537332
7.5900002,0.1650060
7.6000004,0.1891381
7.6100001,0.1807786
7.6200004,0.1759119
7.6300006,0.1736406
7.6400003,0.1779997
7.6500006,0.1775910
7.6600003,0.1575582
7.6700006,0.1659054
7.6800003,0.1819121
7.6900005,0.1954809
7.7000003,0.1998614
7.7100005,0.1799128
7.7200003,0.1906361
7.7300005,0.1852730
7.7400002,0.1953709
7.7500005,0.2099621
7.7600002,0.1878689
7.7700005,0.1735170
7.7800002,0.1743450
7.7900004,0.1523107
7.8000002,0.1602629
7.8100004,0.1740442
7.8200002,0.1744845
7.8300004,0.1680424
7.8400002,0.1602245
7.8500004,0.1583979
7.8600006,0.1637549
7.8700004,0.1575790
7.8800006,0.1559003
7.8900003,0.1655492
7.9000006,0.1591290
7.9100003,0.1634826
7.9200006,0.1523657
7.9300003,0.1472283
7.9400005,0.1661934
7.9500003,0.1524481
7.9600005,0.1673710
7.9700003,0.1664292
7.9800005,0.1658361
7.9900002,0.1725770
8.0000000,0.1799815
8.0100002,0.1622161
8.0200005,0.1739216
8.0300007,0.1582259
8.0400000,0.1607543
8.0500002,0.1787179
8.0600004,0.1747556
8.0700006,0.1761247
8.0799999,0.1824609
8.0900002,0.1588040
8.1000004,0.1818295
8.1100006,0.1724148
8.1200008,0.1725913
8.1300001,0.1789792
8.1400003,0.1855345
8.1500006,0.1850614
8.1600008,0.1746455
8.1700001,0.1842575
8.1800003,0.2042115
8.1900005,0.1948938
8.2000008,0.1866226
8.2100000,0.1695750
8.2200003,0.1867746
8.2300005,0.2055850
8.2400007,0.1803319
8.2500000,0.1854208
8.2600002,0.1757389
8.2700005,0.1939992
8.2800007,0.1785668
8.2900000,0.1877486
8.3000002,0.1659142
8.3100004,0.1602179
8.3200006,0.1777871
8.3299999,0.1787020
8.3400002,0.1847988
8.3500004,0.1922038
8.3600006,0.1853762
8.3700008,0.1829704
8.3800001,0.1872860
8.3900003,0.1788416
8.4000006,0.1821111
8.4100008,0.1908663
8.4200001,0.2150309
8.4300003,0.2101556
8.4400005,0.1819611
8.4500008,0.1925473
8.4600000,0.1929782
8.4700003,0.2171801
8.4800005,0.2322036
8.4900007,0.2533199
8.5000000,0.2578813
8.5100002,0.2495970
8.5200005,0.2288138
8.5300007,0.2382806
8.5400000,0.2015945
8.5500002,0.1908714
8.5600004,0.1740285
8.5700006,0.1795404
8.5800009,0.1951399
8.5900002,0.1980452
8.6000004,0.1912234
8.6100006,0.1836638
8.6200008,0.1654614
8.6300001,0.1613968
8.6400003,0.1700167
8.6500006,0.1615645
8.6600008,0.1695709
8.6700001,0.1705873
8.6800003,0.1615539
8.6900005,0.1810918
8.7000008,0.1679838
8.7100000,0.1870487
8.7200003,0.1864883
8.7300005,0.1897298
8.7400007,0.1860562
8.7500000,0.1802801
8.7600002,0.1858175
8.7700005,0.1788682
8.7800007,0.1761291
8.7900000,0.1945860
8.8000002,0.1971281
8.8100004,0.2041559
8.8200006,0.1843306
8.8300009,0.2038249
8.8400002,0.1911218
8.8500004,0.1925216
8.8600006,0.1858512
8.8700008,0.1881692
8.8800001,0.1902948
8.8900003,0.1666718
8.9000006,0.1752382
8.9100008,0.1709319
8.9200001,0.1655276
8.9300003,0.1694236
8.9400005,0.1793883
8.9500008,0.1693553
8.9600000,0.1824475
8.9700003,0.1786236
8.9800005,0.1903122
8.9900007,0.1960499
9.0000000,0.2103237
9.0100002,0.2004162
9.0200005,0.1931520
9.0300007,0.2069444
9.0400000,0.1709937
9.0500002,0.1653722
9.0600004,0.1700014
9.0700006,0.1918574
9.0800009,0.1747696
9.0900002,0.1670969
9.1000004,0.1845072
9.1100006,0.1773938
9.1200008,0.1905106
9.1300001,0.1899627
9.1400003,0.1995627
9.1500006,0.1907405
9.1600008,0.2004459
9.1700001,0.1979264
9.1800003,0.1846285
9.1900005,0.1824298
9.2000008,0.1814761
9.2100000,0.1840166
9.2200003,0.1879412
9.2300005,0.1763613
9.2400007,0.1981497
9.2500000,0.1710608
9.2600002,0.1740190
9.2700005,0.1791186
9.2800007,0.1869081
9.2900009,0.1927868
9.3000002,0.1915417
9.3100004,0.1851425
9.3200006,0.2013049
9.3300009,0.1877894
9.3400002,0.1846151
9.3500004,0.1931237
9.3600006,0.2161199
9.3700008,0.1875956
9.3800001,0.1908275
9.3900003,0.1946323
9.4000006,0.1865049
9.4100008,0.1942869
9.4200001,0.1819153
9.4300003,0.1909045
9.4400005,0.2068792
9.4500008,0.1995743
9.4600000,0.1929311
9.4700003,0.2013420
9.4800005,0.1965475
9.4900007,0.2344106
9.5000000,0.2294000
9.5100002,0.2209036
9.5200005,0.2091474
9.5300007,0.2051511
9.5400009,0.2179066
9.5500002,0.2073058
9.5600004,0.1991071
9.5700006,0.2137805
9.5800009,0.1968204
9.5900002,0.2074480
9.6000004,0.2129335
9.6100006,0.2192931
9.6200008,0.2061200
9.6300001,0.2006981
9.6400003,0.2057887
9.6500006,0.2057411
9.6600008,0.1940278
9.6700001,0.1906964
9.6800003,0.2053667
9.6900005,0.1782104
9.7000008,0.1949213
9.7100000,0.1841921
9.7200003,0.2065775
9.7300005,0.1905962
9.7400007,0.1908506
9.7500000,0.1943579
9.7600002,0.1965218
9.7700005,0.2152819
9.7800007,0.1956716
9.7900009,0.1913276
9.8000002,0.1910460
9.8100004,0.1715361
9.8200006,0.1753187
9.8300009,0.1720353
9.8400002,0.2010630
9.8500004,0.1656574
9.8600006,0.1904764
9.8700008,0.1990079
9.8800001,0.1700843
9.8900003,0.1751232
9.9000006,0.1776215
9.9100008,0.1699721
9.9200001,0.1572148
9.9300003,0.1517958
9.9400005,0.1796288
9.9500008,0.1613496
9.9600000,0.1649358
9.9700003,0.1688136
9.9800005,0.1719726
9.9900007,0.1744799
10.0000000,0.1784032
10.0100002,0.1647812
10.0200005,0.1759128
10.0300007,0.1712693
10.0400009,0.1699076
10.0500002,0.1761341
10.0600004,0.1788538
10.0700006,0.1786985
10.0800009,0.1871064
10.0900002,0.1717739
10.1000004,0.1766940
10.1100006,0.1740094
10.1200008,0.1693523
10.1300001,0.1763400
10.1400003,0.1748897
10.1500006,0.1677942
10.1600008,0.1590656
10.1700001,0.1813713
10.1800003,0.1873218
10.1900005,0.1758984
10.2000008,0.1731187
10.2100000,0.1743012
10.2200003,0.1768889
10.2300005,0.1795731
10.2400007,0.1716449
10.2500010,0.1848503
10.2600002,0.1862423
10.2700005,0.1648019
10.2800007,0.1712222
10.2900009,0.1754304
10.3000002,0.1688183
10.3100004,0.1634406
10.3200006,0.1596285
10.3300009,0.1707745
10.3400002,0.1779423
10.3500004,0.1750275
10.3600006,0.1732139
10.3700008,0.1740950
10.3800001,0.1778229
10.3900003,0.1775809
10.4000006,0.1615685
10.4100008,0.1803118
10.4200001,0.1801286
10.4300003,0.1716554
10.4400005,0.1771391
10.4500008,0.1652437
10.4600000,0.1730795
10.4700003,0.1679753
10.4800005,0.1641054
10.4900007,0.1685939
10.5000010,0.1616927
10.5100002,0.1691530
10.5200005,0.1668033
10.5300007,0.1622231
10.5400009,0.1777376
10.5500002,0.1882846
10.5600004,0.1727221
10.5700006,0.1803977
10.5800009,0.1560637
10.5900002,0.1604448
10.6000004,0.1592600
10.6100006,0.1714143
10.6200008,0.1674224
10.6300001,0.1689503
10.6400003,0.2003129
10.6500006,0.1849135
10.6600008,0.1801478
10.6700001,0.1822625
10.6800003,0.1857271
10.6900005,0.1660900
10.7000008,0.1704404
10.7100000,0.1665440
10.7200003,0.1765022
10.7300005,0.1702625
10.7400007,0.1735730
10.7500010,0.1806007
10.7600002,0.1853081
10.7700005,0.1982162
10.7800007,0.1932112
10.7900009,0.2036911
10.8000002,0.1902741
10.8100004,0.1823324
10.8200006,0.1909755
10.8300009,0.2096262
10.8400002,0.1746693
10.8500004,0.1944675
10.8600006,0.1876471
10.8700008,0.1842610
10.8800001,0.1835864
10.8900003,0.1854055
10.9000006,0.1931656
10.9100008,0.2054127
10.9200001,0.2121501
10.9300003,0.1846486
10.9400005,0.1864398
10.9500008,0.2026542
10.9600010,0.1959114
10.9700003,0.2023707
10.9800005,0.1862559
10.9900007,0.1871969
11.0000010,0.1987416
11.0100002,0.1941553
11.0200005,0.1877870
11.0300007,0.1717644
11.0400009,0.1813907
11.0500002,0.1749344
11.0600004,0.1913708
11.0700006,0.1727329
11.0800009,0.1959197
11.0900002,0.1750454
11.1000004,0.1746344
11.1100006,0.1757935
11.1200008,0.1811443
11.1300001,0.1908176
11.1400003,0.1866228
11.1500006,0.1724788
11.1600008,0.1773687
11.1700001,0.1813745
11.1800003,0.1798810
11.1900005,0.1771559
11.2000008,0.1811161
11.2100010,0.1828791
11.2200003,0.1668134
11.2300005,0.1844695
11.2400007,0.2013164
11.2500010,0.1741052
11.2600002,0.1746199
11.2700005,0.1758273
11.2800007,0.1899040
11.2900009,0.1985608
11.3000002,0.1757282
11.3100004,0.2025309
11.3200006,0.1846914
11.3300009,0.1771455
11.3400002,0.2033041
11.3500004,0.2101359
11.3600006,0.1960783
11.3700008,0.2099393
11.3800001,0.1985233
11.3900003,0.1865818
11.4000006,0.1832625
11.4100008,0.1808176
11.4200001,0.1769850
11.4300003,0.1726760
11.4400005,0.1769170
11.4500008,0.2019766
11.4600010,0.2230110
11.4700003,0.2435699
11.4800005,0.2402658
11.4900007,0.2577720
11.5000010,0.2624731
11.5100002,0.2943565
11.5200005,0.2901296
11.5300007,0.2714121
11.5400009,0.2759347
11.5500002,0.2711048
11.5600004,0.2458884
11.5700006,0.2188667
11.5800009,0.2215904
11.5900002,0.2467014
11.6000004,0.2329446
11.6100006,0.2278425
11.6200008,0.2475709
11.6300001,0.2310929
11.6400003,0.2175354
11.6500006,0.2302515
11.6600008,0.2164524
11.6700010,0.2098771
11.6800003,0.2037383
11.6900005,0.1985352
11.7000008,0.1979287
11.7100010,0.1929644
11.7200003,0.2060466
11.7300005,0.1994408
11.7400007,0.1888436
11.7500010,0.1813993
11.7600002,0.1858152
11.7700005,0.1810028
11.7800007,0.1870194
11.7900009,0.1927484
11.8000002,0.2044310
11.8100004,0.1984243
11.8200006,0.2327049
11.8300009,0.2190585
11.8400002,0.1933422
11.8500004,0.2069052
11.8600006,0.2032914
11.8700008,0.2014372
11.8800001,0.2002852
11.8900003,0.2132722
11.9000006,0.2087432
11.9100008,0.1983003
11.9200010,0.1956051
11.9300003,0.1904964
11.9400005,0.1970589
11.9500008,0.2023211
11.9600010,0.2125647
11.9700003,0.2071217
11.9800005,0.2003462
11.9900007,0.1925442
12.0000010,0.1916496
12.0100002,0.2026851
12.0200005,0.2004192
12.0300007,0.2038178
12.0400009,0.1927129
12.0500002,0.1990870
12.0600004,0.2000250
12.0700006,0.1964443
12.0800009,0.1938656
12.0900002,0.1899121
12.1000004,0.1907623
12.1100006,0.2000419
12.1200008,0.1931261
12.1300001,0.1890038
12.1400003,0.1812695
12.1500006,0.1911096
12.1600008,0.1924165
12.1700010,0.1794235
12.1800003,0.1882893
12.1900005,0.1923194
12.2000008,0.1829513
12.2100010,0.1714850
12.2200003,0.1753851
12.2300005,0.1706345
12.2400007,0.1702983
12.2500010,0.1877759
12.2600002,0.2024547
12.2700005,0.1892644
12.2800007,0.1938533
12.2900009,0.1916852
12.3000002,0.1943878
12.3100004,0.1794454
12.3200006,0.1752205
12.3300009,0.1731157
12.3400002,0.1732650
12.3500004,0.1703663
12.3600006,0.1725444
12.3700008,0.1746497
12.3800001,0.1747070
12.3900003,0.1649588
12.4000006,0.1635900
12.4100008,0.1680858
12.4200010,0.1874052
12.4300003,0.1866856
12.4400005,0.1889857
12.4500008,0.1835508
12.4600010,0.1905231
12.4700003,0.1967399
12.4800005,0.1951212
12.4900007,0.1911502
12.5000010,0.1922510
12.5100002,0.1913241
12.5200005,0.1670014
12.5300007,0.1834968
12.5400009,0.2015949
12.5500002,0.1925837
12.5600004,0.1976577
12.5700006,0.1911357
12.5800009,0.1917921
12.5900002,0.1883307
12.6000004,0.2146813
12.6100006,0.2398534
12.6200008,0.2422125
12.6300011,0.2399836
12.6400003,0.2623862
12.6500006,0.2477367
12.6600008,0.2089837
12.6700010,0.2089439
12.6800003,0.1791149
12.6900005,0.1742764
12.7000008,0.1747483
12.7100010,0.1942472
12.7200003,0.2054351
12.7300005,0.2302817
12.7400007,0.2257179
12.7500010,0.2289549
12.7600002,0.2000639
12.7700005,0.1914257
12.7800007,0.1829863
12.7900009,0.1890443
12.8000002,0.1773764
12.8100004,0.1798254
12.8200006,0.1998908
12.8300009,0.1923666
12.8400002,0.1880081
12.8500004,0.1813944
12.8600006,0.1773047
12.8700008,0.2101747
12.8800011,0.2221766
12.8900003,0.2041881
12.9000006,0.2130008
12.9100008,0.1981019
12.9200010,0.2245689
12.9300003,0.2290620
12.9400005,0.2227796
12.9500008,0.2212000
12.9600010,0.2255531
12.9700003,0.2415117
12.9800005,0.2165025
12.9900007,0.2258320
13.0000010,0.2197582
13.0100002,0.2087660
13.0200005,0.2056869
13.0300007,0.1916038
13.0400009,0.1761875
13.0500002,0.1805329
13.0600004,0.1884388
13.0700006,0.1770904
13.0800009,0.1765610
13.0900002,0.1707937
13.1000004,0.1895137
13.1100006,0.2054976
13.1200008,0.2089264
13.1300011,0.2007840
13.1400003,0.2020297
13.1500006,0.2198183
13.1600008,0.2154396
13.1700010,0.2149213
13.1800003,0.2104753
13.1900005,0.2188438
13.2000008,0.2098789
13.2100010,0.2236538
13.2200003,0.2265452
13.2300005,0.2220140
13.2400007,0.2156616
13.2500010,0.2097200
13.2600002,0.2201037
13.2700005,0.2162811
13.2800007,0.2242831
13.2900009,0.2227303
13.3000002,0.2269107
13.3100004,0.2142901
13.3200006,0.2105551
13.3300009,0.2161778
13.3400011,0.2278193
13.3500004,0.2211380
13.3600006,0.2160677
13.3700008,0.2133573
13.3800011,0.1912795
13.3900003,0.1938111
13.4000006,0.2128285
13.4100008,0.2020617
13.4200010,0.2035194
13.4300003,0.2156002
13.4400005,0.2103928
13.4500008,0.2049200
13.4600010,0.1970202
13.4700003,0.1921584
13.4800005,0.2101088
13.4900007,0.2080719
13.5000010,0.2155981
13.5100002,0.1974682
13.5200005,0.1890126
13.5300007,0.1883105
13.5400009,0.2060992
13.5500002,0.1913358
13.5600004,0.1922957
13.5700006,0.2044866
13.5800009,0.1857578
13.5900011,0.1899039
13.6000004,0.2049249
13.6100006,0.2028797
13.6200008,0.1921054
13.6300011,0.1942683
13.6400003,0.1851855
13.6500006,0.1839361
13.6600008,0.1860847
13.6700010,0.1798246
13.6800003,0.1747145
13.6900005,0.1921967
13.7000008,0.1931978
13.7100010,0.1885540
13.7200003,0.1993508
13.7300005,0.1913551
13.7400007,0.1849185
13.7500010,0.1717052
13.7600002,0.1724974
13.7700005,0.1716025
13.7800007,0.1712609
13.7900009,0.1841484
13.8000002,0.1864095
13.8100004,0.1936382
13.8200006,0.1920206
13.8300009,0.1727453
13.8400011,0.1789905
13.8500004,0.1734425
13.8600006,0.1748542
13.8700008,0.1739070
13.8800011,0.1658376
13.8900003,0.1796111
13.9000006,0.1740823
13.9100008,0.1694617
13.9200010,0.1744611
13.9300003,0.1818190
13.9400005,0.1784403
13.9500008,0.1826089
13.9600010,0.1724970
13.9700003,0.1810238
13.9800005,0.1792625
13.9900007,0.1725642
14.0000010,0.1631286
14.0100002,0.1683090
14.0200005,0.1639264
14.0300007,0.1751613
14.0400009,0.1685567
14.0500002,0.1752903
14.0600004,0.1748792
14.0700006,0.1783407
14.0800009,0.1698576
14.0900011,0.1714481
14.1000004,0.1788348
14.1100006,0.1508394
14.1200008,0.1524788
14.1300011,0.1597826
14.1400003,0.1556247
14.1500006,0.1553398
14.1600008,0.1708589
14.1700010,0.1617519
14.1800003,0.1751604
14.1900005,0.2009806
14.2000008,0.1791604
14.2100010,0.1706885
14.2200003,0.1649097
14.2300005,0.1664612
14.2400007,0.1795639
14.2500010,0.1707886
14.2600002,0.1735699
14.2700005,0.1749971
14.2800007,0.1754557
14.2900009,0.1783448
14.3000011,0.1758758
14.3100004,0.1768145
14.3200006,0.1767689
14.3300009,0.1705945
14.3400011,0.1819942
14.3500004,0.1871025
14.3600006,0.1588496
14.3700008,0.1802267
14.3800011,0.1729218
14.3900003,0.1707434
14.4000006,0.1887379
14.4100008,0.1903014
14.4200010,0.1892900
14.4300003,0.1807870
14.4400005,0.1726734
14.4500008,0.1691732
14.4600010,0.1733517
14.4700003,0.1825731
14.4800005,0.1794454
14.4900007,0.1783379
14.5000010,0.1755477
14.5100002,0.1847695
14.5200005,0.1872888
14.5300007,0.1862692
14.5400009,0.1927014
14.5500011,0.1814559
14.5600004,0.1874812
14.5700006,0.1780098
14.5800009,0.1724101
14.5900011,0.1798013
14.6000004,0.1768058
14.6100006,0.1783944
14.6200008,0.1890503
14.6300011,0.1784001
14.6400003,0.1842544
14.6500006,0.1719651
14.6600008,0.1695449
14.6700010,0.1699154
14.6800003,0.1693875
14.6900005,0.1744815
14.7000008,0.1852708
14.7100010,0.1713320
14.7200003,0.1752152
14.7300005,0.1851043
14.7400007,0.1909658
14.7500010,0.1878241
14.7600002,0.1837621
14.7700005,0.1962375
14.7800007,0.2071634
14.7900009,0.1972006
14.8000011,0.1986897
14.8100004,0.1847275
14.8200006,0.1933121
14.8300009,0.1953231
14.8400011,0.1856072
14.8500004,0.1930573
14.8600006,0.1874895
14.8700008,0.1799478
14.8800011,0.1814909
14.8900003,0.1956483
14.9000006,0.1905390
14.9100008,0.2056633
14.9200010,0.1921730
14.9300003,0.1779799
14.9400005,0.1709212
14.9500008,0.1695552
14.9600010,0.1854556
14.9700003,0.1838929
14.9800005,0.1872519
14.9900007,0.1643718
15.0000010,0.1934093
15.0100012,0.1764957
15.0200005,0.1795676
15.0300007,0.1859599
15.0400009,0.1809831
15.0500011,0.1769500
15.0600004,0.1773199
15.0700006,0.1857320
15.0800009,0.1803075
15.0900011,0.1928985
15.1000004,0.1871855
15.1100006,0.1839877
15.1200008,0.1982140
15.1300011,0.1832137
15.1400003,0.1920468
15.1500006,0.1800320
15.1600008,0.1917510
15.1700010,0.1897366
15.1800003,0.1983329
15.1900005,0.2166514
15.2000008,0.2214058
15.2100010,0.2147017
15.2200003,0.2169218
15.2300005,0.1966416
15.2400007,0.1992430
15.2500010,0.2107706
15.2600012,0.2025912
15.2700005,0.1911298
15.2800007,0.1891539
15.2900009,0.1962223
15.3000011,0.1917337
15.3100004,0.1900731
15.3200006,0.1901189
15.3300009,0.2016524
15.3400011,0.2155090
15.3500004,0.2002479
15.3600006,0.2045406
15.3700008,0.1984875
15.3800011,0.1972919
15.3900003,0.1956041
15.4000006,0.1893822
15.4100008,0.1964254
15.4200010,0.1876261
15.4300003,0.2050766
15.4400005,0.2007229
15.4500008,0.1954496
15.4600010,0.1845735
15.4700003,0.1722530
15.4800005,0.1768507
15.4900007,0.1814255
15.5000010,0.1775668
15.5100012,0.1760601
15.5200005,0.1806034
15.5300007,0.1849259
15.5400009,0.1741480
15.5500011,0.1851923
15.5600004,0.1812156
15.5700006,0.1712362
15.5800009,0.1848646
15.5900011,0.1907380
15.6000004,0.1885260
15.6100006,0.1869153
15.6200008,0.1786709
15.6300011,0.1889051
15.6400003,0.1944899
15.6500006,0.2022191
15.6600008,0.1745459
15.6700010,0.1837389
15.6800003,0.1864375
15.6900005,0.1893340
15.7000008,0.1928802
15.7100010,0.2007504
15.7200012,0.1847412
15.7300005,0.1915519
15.7400007,0.1805865
15.7500010,0.1859388
15.7600012,0.1792509
15.7700005,0.1716611
15.7800007,0.1705819
15.7900009,0.1794811
15.8000011,0.1798411
15.8100004,0.1780712
15.8200006,0.1756167
15.8300009,0.1765495
15.8400011,0.1740535
15.8500004,0.1715811
15.8600006,0.1777198
15.8700008,0.1948484
15.8800011,0.1924710
15.8900003,0.1827357
15.9000006,0.1827340
15.9100008,0.1911692
15.9200010,0.1925643
15.9300003,0.1726592
15.9400005,0.1845932
15.9500008,0.1919553
15.9600010,0.1866355
15.9700012,0.1806680
15.9800005,0.1771986
15.9900007,0.1795664
16.0000000,0.1863675
16.0100002,0.1979087
16.0200005,0.1962117
16.0300007,0.1809693
16.0400009,0.1889481
16.0500011,0.2024298
16.0600014,0.1796772
16.0700016,0.1814790
16.0799999,0.1863253
16.0900002,0.1847000
16.1000004,0.1855385
16.1100006,0.1922696
16.1200008,0.1994589
16.1300011,0.2064309
16.1400013,0.1974764
16.1500015,0.1944749
16.1599998,0.1821329
16.1700001,0.1926890
16.1800003,0.1822860
16.1900005,0.1910859
16.2000008,0.1962805
16.2100010,0.1852852
16.2200012,0.1726596
16.2300014,0.1809244
16.2400017,0.1698049
16.2500000,0.1796557
16.2600002,0.1831334
16.2700005,0.1832951
16.2800007,0.1796227
16.2900009,0.1636371
16.3000011,0.1634903
16.3100014,0.1760032
16.3200016,0.1682084
16.3299999,0.1645832
16.3400002,0.1736974
16.3500004,0.1710345
16.3600006,0.1742489
16.3700008,0.1814789
16.3800011,0.1691968
16.3900013,0.1608211
16.4000015,0.1741062
16.4099998,0.1742461
16.4200001,0.1656139
16.4300003,0.1767208
16.4400005,0.1710691
16.4500008,0.1659950
16.4600010,0.1684506
16.4700012,0.1778195
16.4800014,0.1732718
16.4900017,0.1871524
16.5000000,0.1770014
16.5100002,0.1737301
16.5200005,0.1683871
16.5300007,0.1700936
16.5400009,0.1705632
16.5500011,0.1646609
16.5600014,0.1602167
16.5700016,0.1665359
16.5799999,0.1723687
16.5900002,0.1875694
16.6000004,0.1717791
16.6100006,0.1837632
16.6200008,0.1716014
16.6300011,0.1695309
16.6400013,0.1828298
16.6500015,0.1776543
16.6599998,0.1793022
16.6700001,0.1734898
16.6800003,0.1821758
16.6900005,0.1958914
16.7000008,0.1986477
16.7100010,0.2008413
16.7200012,0.1872528
16.7300014,0.1806823
16.7400017,0.1769345
16.7500000,0.1761813
16.7600002,0.1881673
16.7700005,0.1831804
16.7800007,0.1822869
16.7900009,0.1877750
16.8000011,0.1865476
16.8100014,0.1913131
16.8200016,0.1760379
16.8299999,0.1898588
16.8400002,0.1836358
16.8500004,0.1712304
16.8600006,0.1943409
16.8700008,0.1845548
16.8800011,0.1884360
16.8900013,0.1794278
16.9000015,0.1808313
16.9100018,0.1686942
16.9200001,0.1813139
16.9300003,0.1848782
16.9400005,0.1874194
16.9500008,0.1788984
16.9600010,0.1823867
16.9700012,0.1841987
16.9800014,0.1868883
16.9900017,0.1939266
17.0000000,0.1849516
17.0100002,0.1847842
17.0200005,0.1892520
17.0300007,0.1750184
17.0400009,0.1692624
17.0500011,0.1851773
17.0600014,0.1815652
17.0700016,0.1921000
17.0799999,0.1925181
17.0900002,0.1883916
17.1000004,0.1862478
17.1100006,0.1953058
17.1200008,0.1876977
17.1300011,0.1751470
17.1400013,0.1772986
17.1500015,0.1846821
17.1600018,0.1772052
17.1700001,0.1753485
17.1800003,0.1765781
17.1900005,0.1841327
17.2000008,0.1815844
17.2100010,0.1917332
17.2200012,0.1883435
17.2300014,0.2135820
17.2400017,0.1953895
17.2500000,0.1828895
17.2600002,0.1681185
17.2700005,0.1716109
17.2800007,0.1799272
17.2900009,0.1898803
17.3000011,0.1929842
17.3100014,0.1751360
17.3200016,0.1810441
17.3299999,0.1847436
17.3400002,0.1869185
17.3500004,0.1864928
17.3600006,0.1765357
17.3700008,0.1815148
17.3800011,0.1935548
17.3900013,0.1931241
17.4000015,0.1778589
17.4100018,0.1783397
17.4200001,0.1775738
17.4300003,0.1766242
17.4400005,0.1735409
17.4500008,0.1836417
17.4600010,0.1846093
17.4700012,0.1857030
17.4800014,0.1885239
17.4900017,0.1829198
17.5000000,0.1863017
17.5100002,0.1816834
17.5200005,0.1876041
17.5300007,0.1858506
17.5400009,0.1886717
17.5500011,0.1937766
17.5600014,0.1852127
17.5700016,0.2006996
17.5799999,0.1826171
17.5900002,0.1908322
17.6000004,0.1851340
17.6100006,0.1925543
17.6200008,0.2025047
17.6300011,0.1841197
17.6400013,0.1837461
17.6500015,0.1857231
17.6600018,0.1932293
17.6700001,0.2137796
17.6800003,0.1970378
17.6900005,0.2095178
17.7000008,0.1983378
17.7100010,0.1941496
17.7200012,0.2029026
17.7300014,0.1906298
17.7400017,0.1906374
17.7500000,0.1752049
17.7600002,0.1820005
17.7700005,0.1865914
17.7800007,0.1828637
17.7900009,0.1636128
17.8000011,0.1624194
17.8100014,0.1702390
17.8200016,0.1818198
17.8299999,0.1715869
17.8400002,0.1697357
17.8500004,0.1647774
17.8600006,0.1788479
17.8700008,0.1715385
17.8800011,0.1856288
17.8900013,0.1739656
17.9000015,0.1844973
17.9100018,0.1705510
17.9200001,0.1842742
17.9300003,0.1639396
17.9400005,0.1632525
17.9500008,0.1677378
17.9600010,0.1862397
17.9700012,0.1652792
17.9800014,0.1681963
17.9900017,0.1650192
18.0000000,0.1839753
18.0100002,0.1763704
18.0200005,0.1686120
18.0300007,0.1706083
18.0400009,0.1715378
18.0500011,0.1681030
18.0600014,0.1812427
18.0700016,0.1750036
18.0799999,0.1695808
18.0900002,0.1867872
18.1000004,0.1813811
18.1100006,0.1589778
18.1200008,0.1718885
18.1300011,0.1708958
18.1400013,0.1783242
18.1500015,0.1715354
18.1600018,0.1692820
18.1700001,0.1782437
18.1800003,0.1678176
18.1900005,0.2007252
18.2000008,0.1808245
18.2100010,0.1773001
18.2200012,0.1827385
18.2300014,0.1896211
18.2400017,0.1956765
18.2500000,0.1819830
18.2600002,0.1647595
18.2700005,0.1678820
18.2800007,0.1711315
18.2900009,0.1727243
18.3000011,0.1712797
18.3100014,0.1633589
18.3200016,0.1812280
18.3299999,0.1722079
18.3400002,0.1754066
18.3500004,0.1706140
18.3600006,0.1822741
18.3700008,0.1771774
18.3800011,0.1796699
18.3900013,0.1698958
18.4000015,0.1801409
18.4100018,0.1880214
18.4200001,0.1726010
18.4300003,0.1704768
18.4400005,0.1796813
18.4500008,0.1798454
18.4600010,0.1663997
18.4700012,0.1638101
18.4800014,0.1621288
18.4900017,0.1860303
18.5000000,0.1899248
18.5100002,0.1930432
18.5200005,0.2038220
18.5300007,0.2108214
18.5400009,0.2053440
18.5500011,0.2164435
18.5600014,0.1899236
18.5700016,0.1725799
18.5800018,0.1793573
18.5900002,0.1671449
18.6000004,0.1725579
18.6100006,0.1716689
18.6200008,0.1703638
18.6300011,0.1666723
18.6400013,0.1721105
18.6500015,0.1786162
18.6600018,0.1814132
18.6700001,0.1826597
18.6800003,0.1593943
18.6900005,0.1781781
18.7000008,0.1674728
18.7100010,0.1660764
18.7200012,0.1660517
18.7300014,0.1830902
18.7400017,0.1602180
18.7500000,0.1739167
18.7600002,0.1681760
18.7700005,0.1587795
18.7800007,0.1647978
18.7900009,0.1706630
18.8000011,0.1741081
18.8100014,0.1851754
18.8200016,0.2052164
18.8300018,0.2227903
18.8400002,0.2307106
18.8500004,0.2327926
18.8600006,0.2090947
18.8700008,0.2208569
18.8800011,0.2152404
18.8900013,0.2342299
18.9000015,0.2222349
18.9100018,0.2178929
18.9200001,0.2137295
18.9300003,0.2295536
18.9400005,0.2283126
18.9500008,0.2394054
18.9600010,0.2351725
18.9700012,0.2181745
18.9800014,0.2239600
18.9900017,0.2275831
19.0000000,0.2447733
19.0100002,0.2448986
19.0200005,0.2271819
19.0300007,0.2100544
19.0400009,0.2100281
19.0500011,0.2197963
19.0600014,0.2367455
19.0700016,0.2232403
19.0800018,0.2213126
19.0900002,0.2125189
19.1000004,0.2091971
19.1100006,0.2088867
19.1200008,0.2017253
19.1300011,0.2021450
19.1400013,0.2118484
19.1500015,0.2062816
19.1600018,0.1982825
19.1700001,0.2039588
19.1800003,0.2071787
19.1900005,0.1994702
19.2000008,0.1969500
19.2100010,0.2038289
19.2200012,0.2049708
19.2300014,0.2122467
19.2400017,0.2149728
19.2500000,0.2334425
19.2600002,0.2208652
19.2700005,0.2198167
19.2800007,0.2072824
19.2900009,0.2044935
19.3000011,0.2057815
19.3100014,0.1923647
19.3200016,0.1928638
19.3300018,0.1925573
19.3400002,0.2102415
19.3500004,0.1932735
19.3600006,0.1853969
19.3700008,0.1906722
19.3800011,0.1875504
19.3900013,0.1985493
19.4000015,0.2019636
19.4100018,0.2187027
19.4200001,0.2237704
19.4300003,0.2135596
19.4400005,0.2022036
19.4500008,0.2022062
19.4600010,0.1946500
19.4700012,0.1781588
19.4800014,0.1657699
19.4900017,0.1513218
19.5000000,0.1690006
19.5100002,0.1664665
19.5200005,0.1600561
19.5300007,0.1733981
19.5400009,0.1777472
19.5500011,0.1749046
19.5600014,0.1655327
19.5700016,0.1674306
19.5800018,0.1688375
19.5900002,0.1516761
19.6000004,0.1654593
19.6100006,0.1630348
19.6200008,0.1721098
19.6300011,0.1770488
19.6400013,0.1739477
19.6500015,0.1674423
19.6600018,0.1639882
19.6700001,0.1744383
19.6800003,0.1724683
19.6900005,0.1710385
19.7000008,0.1708025
19.7100010,0.1755216
19.7200012,0.1686857
19.7300014,0.1757781
19.7400017,0.1599023
19.7500000,0.1668666
19.7600002,0.1584093
19.7700005,0.1625534
19.7800007,0.1728893
19.7900009,0.1696927
19.8000011,0.1802377
19.8100014,0.1729318
19.8200016,0.1776124
19.8300018,0.1777412
19.8400002,0.1749363
19.8500004,0.1773545
19.8600006,0.1738074
19.8700008,0.1796854
19.8800011,0.1790922
19.8900013,0.1673144
19.9000015,0.1687343
19.9100018,0.1695754
19.9200001,0.1658210
19.9300003,0.1653735
19.9400005,0.1667333
19.9500008,0.1664282
19.9600010,0.1828607
19.9700012,0.1632068
19.9800014,0.1631822
19.9900017,0.1655523
20.0000000,0.1713143
20.0100002,0.1757695
20.0200005,0.1672368
20.0300007,0.1629623
20.0400009,0.1763007
20.0500011,0.1781202
20.0600014,0.1762834
20.0700016,0.1914440
20.0800018,0.1908483
20.0900002,0.1846111
20.1000004,0.1855790
20.1100006,0.1795643
20.1200008,0.1840906
20.1300011,0.1933337
20.1400013,0.1844329
20.1500015,0.1845614
20.1600018,0.1822172
20.1700001,0.1868350
20.1800003,0.1736187
20.1900005,0.1856751
20.2000008,0.1892615
20.2100010,0.1886028
20.2200012,0.1848552
20.2300014,0.1802001
20.2400017,0.1794749
20.2500019,0.1835588
20.2600002,0.1753130
20.2700005,0.1843208
20.2800007,0.1924001
20.2900009,0.1794726
20.3000011,0.1818494
20.3100014,0.1856542
20.3200016,0.1799225
20.3300018,0.1959309
20.3400002,0.1968088
20.3500004,0.1764647
20.3600006,0.1853672
20.3700008,0.1662319
20.3800011,0.1762040
20.3900013,0.1844114
20.4000015,0.1697861
20.4100018,0.1714082
20.4200001,0.1744792
20.4300003,0.1620436
20.4400005,0.1725655
20.4500008,0.1653346
20.4600010,0.1760195
20.4700012,0.1751782
20.4800014,0.1678652
20.4900017,0.1808493
20.5000019,0.1788163
20.5100002,0.1654807
20.5200005,0.1775866
20.5300007,0.1676009
20.5400009,0.1656134
20.5500011,0.1623621
20.5600014,0.1701485
20.5700016,0.1719108
20.5800018,0.1729756
20.5900002,0.1816805
20.6000004,0.1887323
20.6100006,0.1750097
20.6200008,0.1762403
20.6300011,0.2027973
20.6400013,0.1975058
20.6500015,0.1944782
20.6600018,0.1900891
20.6700001,0.1799646
20.6800003,0.1934080
20.6900005,0.1833566
20.7000008,0.1827820
20.7100010,0.1622338
20.7200012,0.1670586
20.7300014,0.1656698
20.7400017,0.1667253
20.7500019,0.1615359
20.7600002,0.1723336
20.7700005,0.1712813
20.7800007,0.1678998
20.7900009,0.1717357
20.8000011,0.1724330
20.8100014,0.1842771
20.8200016,0.1868013
20.8300018,0.1735130
20.8400002,0.1906703
20.8500004,0.1839094
20.8600006,0.1824279
20.8700008,0.1954060
20.8800011,0.1883402
20.8900013,0.1881267
20.9000015,0.1891515
20.9100018,0.1633721
20.9200001,0.1788899
20.9300003,0.1861637
20.9400005,0.1691019
20.9500008,0.1889523
20.9600010,0.1713979
20.9700012,0.1751512
20.9800014,0.1824223
20.9900017,0.1797385
21.0000019,0.1753375
21.0100002,0.1865788
21.0200005,0.1843236
21.0300007,0.1822383
21.0400009,0.1873620
21.0500011,0.1819316
21.0600014,0.1921913
21.0700016,0.1787611
21.0800018,0.1746556
21.0900002,0.1768686
21.1000004,0.1845505
21.1100006,0.1698174
21.1200008,0.1771361
21.1300011,0.1743596
21.1400013,0.1855130
21.1500015,0.1836772
21.1600018,0.1780743
21.1700001,0.1911615
21.1800003,0.1819092
21.1900005,0.1761238
21.2000008,0.1836537
21.2100010,0.1645017
21.2200012,0.1889491
21.2300014,0.1909454
21.2400017,0.1828983
21.2500019,0.1795997
21.2600002,0.1834126
21.2700005,0.1864010
21.2800007,0.1765031
21.2900009,0.1837474
21.3000011,0.1820446
21.3100014,0.1803396
21.3200016,0.1867224
21.3300018,0.1921607
21.3400002,0.1934744
21.3500004,0.1872619
21.3600006,0.1747050
21.3700008,0.1826474
21.3800011,0.1866830
21.3900013,0.1833918
21.4000015,0.1764174
21.4100018,0.1880517
21.4200001,0.1893987
21.4300003,0.1758924
21.4400005,0.1691753
21.4500008,0.1773489
21.4600010,0.1619931
21.4700012,0.1928781
21.4800014,0.1694710
21.4900017,0.1705168
21.5000019,0.1727374
21.5100002,0.1661188
21.5200005,0.1797797
21.5300007,0.1876255
21.5400009,0.1820663
21.5500011,0.1863432
21.5600014,0.1845131
21.5700016,0.1751038
21.5800018,0.1732068
21.5900002,0.1714521
21.6000004,0.1762286
21.6100006,0.1758454
21.6200008,0.1758671
21.6300011,0.1794451
21.6400013,0.1860429
21.6500015,0.1871466
21.6600018,0.1841410
21.6700001,0.1866346
21.6800003,0.1812422
21.6900005,0.1804810
21.7000008,0.1723427
21.7100010,0.1955284
21.7200012,0.1780474
21.7300014,0.1899625
21.7400017,0.1783618
21.7500019,0.1741815
21.7600002,0.1844475
21.7700005,0.1843814
21.7800007,0.1858188
21.7900009,0.1751104
21.8000011,0.1909803
21.8100014,0.1845961
21.8200016,0.1835499
21.8300018,0.1898421
21.8400002,0.1858839
21.8500004,0.1778474
21.8600006,0.1804499
21.8700008,0.1782883
21.8800011,0.1913911
21.8900013,0.1938114
21.9000015,0.1865168
21.9100018,0.1875604
21.9200020,0.1849119
21.9300003,0.1867223
21.9400005,0.1887884
21.9500008,0.1889589
21.9600010,0.1891716
21.9700012,0.2014363
21.9800014,0.1861338
21.9900017,0.1671740
22.0000019,0.1792577
22.0100002,0.1718869
22.0200005,0.1897549
22.0300007,0.1857446
22.0400009,0.1938747
22.0500011,0.1783089
22.0600014,0.1844005
22.0700016,0.1947923
22.0800018,0.1938823
22.0900002,0.1837958
22.1000004,0.1839076
22.1100006,0.1825413
22.1200008,0.1810762
22.1300011,0.1795584
22.1400013,0.1746125
22.1500015,0.1818623
22.1600018,0.1972675
22.1700020,0.1762640
22.1800003,0.1931550
22.1900005,0.1805227
22.2000008,0.1832605
22.2100010,0.1804116
22.2200012,0.1868711
22.2300014,0.1937458
22.2400017,0.1863478
22.2500019,0.1651650
22.2600002,0.1638420
22.2700005,0.1663182
22.2800007,0.1692534
22.2900009,0.1698880
22.3000011,0.1701222
22.3100014,0.1617789
22.3200016,0.1645437
22.3300018,0.1718129
22.3400002,0.1815387
22.3500004,0.1773157
22.3600006,0.1849280
22.3700008,0.1834100
22.3800011,0.1837371
22.3900013,0.1755436
22.4000015,0.1653358
22.4100018,0.1815653
22.4200020,0.1856326
22.4300003,0.1795835
22.4400005,0.1861090
22.4500008,0.1857681
22.4600010,0.1863505
22.4700012,0.1861264
22.4800014,0.1909067
22.4900017,0.1977772
22.5000019,0.1770507
22.5100002,0.1898455
22.5200005,0.1827441
22.5300007,0.1884968
22.5400009,0.1852818
22.5500011,0.1848668
22.5600014,0.1809892
22.5700016,0.2003966
22.5800018,0.1975761
22.5900002,0.1828932
22.6000004,0.1911598
22.6100006,0.1884543
22.6200008,0.2010551
22.6300011,0.1855953
22.6400013,0.1954129
22.6500015,0.1782337
22.6600018,0.1853334
22.6700020,0.1937011
22.6800003,0.1845382
22.6900005,0.1794110
22.7000008,0.1823730
22.7100010,0.1716977
22.7200012,0.1881809
22.7300014,0.1765709
22.7400017,0.1801273
22.7500019,0.1731428
22.7600002,0.1686890
22.7700005,0.1852941
22.7800007,0.1844714
22.7900009,0.1796396
22.8000011,0.1744533
22.8100014,0.1681229
22.8200016,0.1853256
22.8300018,0.1876899
22.8400002,0.1774045
22.8500004,0.1833348
22.8600006,0.1761350
22.8700008,0.1869725
22.8800011,0.1880685
22.8900013,0.1808323
22.9000015,0.2090200
22.9100018,0.2121437
22.9200020,0.1900090
22.9300003,0.1919166
22.9400005,0.1909467
22.9500008,0.1921866
22.9600010,0.1841304
22.9700012,0.1861428
22.9800014,0.1926856
22.9900017,0.1854354
23.0000019,0.1876483
23.0100002,0.1838973
23.0200005,0.1895068
23.0300007,0.1885319
23.0400009,0.1976951
23.0500011,0.2025697
23.0600014,0.1979985
23.0700016,0.2004933
23.0800018,0.2001713
23.0900002,0.1880026
23.1000004,0.1942159
23.1100006,0.1973894
23.1200008,0.1881182
23.1300011,0.1951592
23.1400013,0.1864602
23.1500015,0.1919346
23.1600018,0.1942132
23.1700020,0.1951560
23.1800003,0.1880012
23.1900005,0.1873351
23.2000008,0.1885794
23.2100010,0.2035883
23.2200012,0.2213676
23.2300014,0.2066106
23.2400017,0.1974807
23.2500019,0.1907119
23.2600002,0.1990013
23.2700005,0.1888027
23.2800007,0.1979335
23.2900009,0.1938866
23.3000011,0.2151466
23.3100014,0.2059993
23.3200016,0.1854336
23.3300018,0.1777670
23.3400021,0.1823638
23.3500004,0.1725762
23.3600006,0.1770313
23.3700008,0.1785858
23.3800011,0.1815399
23.3900013,0.1820687
23.4000015,0.1818960
23.4100018,0.1911688
23.4200020,0.1854014
23.4300003,0.2008158
23.4400005,0.1920858
23.4500008,0.1918838
23.4600010,0.2009815
23.4700012,0.1932482
23.4800014,0.1935498
23.4900017,0.1904776
23.5000019,0.1812280
23.5100002,0.1937943
23.5200005,0.2015974
23.5300007,0.1926355
23.5400009,0.1998643
23.5500011,0.1989082
23.5600014,0.1902332
23.5700016,0.1950023
23.5800018,0.1907119
23.5900021,0.1934001
23.6000004,0.1845509
23.6100006,0.1935583
23.6200008,0.1975542
23.6300011,0.1800806
23.6400013,0.1875591
23.6500015,0.2002430
23.6600018,0.1986764
23.6700020,0.1856038
23.6800003,0.1921559
23.6900005,0.2004429
23.7000008,0.1936621
23.7100010,0.1870543
23.7200012,0.1917712
23.7300014,0.1982826
23.7400017,0.2072610
23.7500019,0.2059372
23.7600002,0.2040470
23.7700005,0.1964713
23.7800007,0.1824749
23.7900009,0.1821471
23.8000011,0.1980224
23.8100014,0.1856876
23.8200016,0.1909418
23.8300018,0.1965052
23.8400021,0.1756470
23.8500004,0.1865329
23.8600006,0.1849741
23.8700008,0.2202307
23.8800011,0.2140440
23.8900013,0.2123699
23.9000015,0.2073367
23.9100018,0.1935963
23.9200020,0.1942901
23.9300003,0.1959596
23.9400005,0.2088028
23.9500008,0.1912785
23.9600010,0.1894637
23.9700012,0.1931435
23.9800014,0.1824149
23.9900017,0.1855278
24.0000019,0.1984189
24.0100002,0.1957185
24.0200005,0.1867991
24.0300007,0.1857895
24.0400009,0.1807619
24.0500011,0.1840667
24.0600014,0.1761097
24.0700016,0.1816886
24.0800018,0.2134027
24.0900021,0.1919437
24.1000004,0.1815510
24.1100006,0.1963724
24.1200008,0.1789304
24.1300011,0.1874957
24.1400013,0.1905509
24.1500015,0.1918470
24.1600018,0.1857303
24.1700020,0.1858252
24.1800003,0.2054982
24.1900005,0.1990946
24.2000008,0.1891305
24.2100010,0.1892206
24.2200012,0.1914991
24.2300014,0.2022445
24.2400017,0.1940205
24.2500019,0.1908329
24.2600002,0.1959742
24.2700005,0.2002883
24.2800007,0.1874984
24.2900009,0.1909608
24.3000011,0.1841790
24.3100014,0.1832516
24.3200016,0.1882870
24.3300018,0.2065618
24.3400021,0.1960472
24.3500004,0.2085762
24.3600006,0.1968000
24.3700008,0.1999364
24.3800011,0.1910117
24.3900013,0.1979817
24.4000015,0.1997484
24.4100018,0.1917736
24.4200020,0.2082416
24.4300003,0.1972236
24.4400005,0.2172557
24.4500008,0.2004336
24.4600010,0.1945655
24.4700012,0.1909980
24.4800014,0.1880823
24.4900017,0.1919782
24.5000019,0.1898753
24.5100002,0.1875253
24.5200005,0.1990237
24.5300007,0.1979317
24.5400009,0.1892525
24.5500011,0.1949029
24.5600014,0.1963608
24.5700016,0.1929099
24.5800018,0.1966341
24.5900021,0.1937781
24.6000004,0.2056405
24.6100006,0.1999887
24.6200008,0.2055577
24.6300011,0.2083880
24.6400013,0.2044612
24.6500015,0.2063575
24.6600018,0.1984838
24.6700020,0.2137731
24.6800003,0.2077004
24.6900005,0.2155072
24.7000008,0.1953040
24.7100010,0.2149077
24.7200012,0.1990774
24.7300014,0.1930199
24.7400017,0.1937112
24.7500019,0.1845795
24.7600002,0.1995145
24.7700005,0.1930352
24.7800007,0.1920490
24.7900009,0.1835898
24.8000011,0.1783659
24.8100014,0.1917035
24.8200016,0.1863530
24.8300018,0.1960342
24.8400021,0.1934185
24.8500004,0.1931348
24.8600006,0.1887258
24.8700008,0.1799391
24.8800011,0.1763131
24.8900013,0.1871120
24.9000015,0.2003105
24.9100018,0.2048121
24.9200020,0.1870460
24.9300003,0.1892718
24.9400005,0.2099962
24.9500008,0.1895692
24.9600010,0.1935215
24.9700012,0.1993552
24.9800014,0.2048037
24.9900017,0.1998583
25.0000019,0.2051512
25.0100021,0.1884881
25.0200005,0.1934080
25.0300007,0.1933165
25.0400009,0.2012025
25.0500011,0.1940474
25.0600014,0.1957226
25.0700016,0.1955087
25.0800018,0.2031125
25.0900021,0.1941915
25.1000004,0.2002123
25.1100006,0.1926818
25.1200008,0.1979203
25.1300011,0.1954620
25.1400013,0.1976047
25.1500015,0.1854917
25.1600018,0.1902082
25.1700020,0.1828297
25.1800003,0.1949353
25.1900005,0.1908486
25.2000008,0.1900009
25.2100010,0.1905837
25.2200012,0.1950065
25.2300014,0.1902660
25.2400017,0.1906126
25.2500019,0.1957917
25.2600021,0.1947313
25.2700005,0.1909635
25.2800007,0.2026114
25.2900009,0.1972521
25.3000011,0.1978467
25.3100014,0.1960781
25.3200016,0.1865519
25.3300018,0.1942263
25.3400021,0.2059697
25.3500004,0.1994355
25.3600006,0.1964726
25.3700008,0.2071758
25.3800011,0.2059059
25.3900013,0.2061549
25.4000015,0.2036033
25.4100018,0.2030043
25.4200020,0.1967095
25.4300003,0.2010024
25.4400005,0.2052390
25.4500008,0.2045336
25.4600010,0.1943382
25.4700012,0.1945973
25.4800014,0.1981832
25.4900017,0.1947857
25.5000019,0.2060950
25.5100021,0.2081470
25.5200005,0.1968382
25.5300007,0.1997427
25.5400009,0.1960814
25.5500011,0.2056965
25.5600014,0.2019914
25.5700016,0.2115344
25.5800018,0.2207566
25.5900021,0.2094138
25.6000004,0.2182069
25.6100006,0.2243378
25.6200008,0.2214607
25.6300011,0.2116416
25.6400013,0.2038508
25.6500015,0.2098720
25.6600018,0.2046256
25.6700020,0.2021773
25.6800003,0.2018051
25.6900005,0.2005725
25.7000008,0.2028232
25.7100010,0.2203023
25.7200012,0.2028801
25.7300014,0.1987189
25.7400017,0.2075318
25.7500019,0.1908582
25.7600021,0.1859801
25.7700005,0.1783334
25.7800007,0.1868551
25.7900009,0.1836416
25.8000011,0.1817553
25.8100014,0.1927928
25.8200016,0.1823556
25.8300018,0.1873711
25.8400021,0.1873888
25.8500004,0.1779792
25.8600006,0.1779356
25.8700008,0.1752547
25.8800011,0.1907349
25.8900013,0.1843474
25.9000015,0.1953132
25.9100018,0.1967022
25.9200020,0.1991121
25.9300003,0.2007529
25.9400005,0.2165630
25.9500008,0.2003714
25.9600010,0.1876464
25.9700012,0.1932635
25.9800014,0.1954622
25.9900017,0.2057470
26.0000019,0.1982039
26.0100021,0.1949965
26.0200005,0.1955677
26.0300007,0.2048855
26.0400009,0.1887550
26.0500011,0.2036657
26.0600014,0.2011622
26.0700016,0.2031031
26.0800018,0.1964569
26.0900021,0.2050818
26.1000004,0.2109194
26.1100006,0.1968557
26.1200008,0.2143021
26.1300011,0.2004556
26.1400013,0.1892798
26.1500015,0.2060365
26.1600018,0.1981874
26.1700020,0.1985247
26.1800003,0.1929979
26.1900005,0.1976777
26.2000008,0.2081866
26.2100010,0.1990349
26.2200012,0.2056821
26.2300014,0.2053709
26.2400017,0.1950790
26.2500019,0.2016961
26.2600021,0.1858534
26.2700005,0.1936410
26.2800007,0.1936302
26.2900009,0.1815994
26.3000011,0.1876967
26.3100014,0.2033448
26.3200016,0.2031119
26.3300018,0.1955966
26.3400021,0.1992523
26.3500004,0.2103006
26.3600006,0.2092957
26.3700008,0.2217673
26.3800011,0.2003627
26.3900013,0.2070650
26.4000015,0.2094988
26.4100018,0.2025570
26.4200020,0.2132344
26.4300003,0.2162718
26.4400005,0.2035014
26.4500008,0.2008259
26.4600010,0.2022916
26.4700012,0.1956998
26.4800014,0.1832820
26.4900017,0.1892890
26.5000019,0.1962974
26.5100021,0.2026059
26.5200005,0.2123907
26.5300007,0.2028961
26.5400009,0.2100725
26.5500011,0.2056573
26.5600014,0.2072102
26.5700016,0.1961620
26.5800018,0.2067597
26.5900021,0.2082129
26.6000004,0.1905691
26.6100006,0.1954587
26.6200008,0.2095387
26.6300011,0.1996473
26.6400013,0.1949693
26.6500015,0.1944993
26.6600018,0.1834045
26.6700020,0.1991999
26.6800022,0.1879714
26.6900005,0.1905798
26.7000008,0.2032130
26.7100010,0.1970419
26.7200012,0.1866256
26.7300014,0.2123258
26.7400017,0.1998388
26.7500019,0.1854876
26.7600021,0.1992020
26.7700005,0.2033205
26.7800007,0.1964818
26.7900009,0.1975323
26.8000011,0.1976468
26.8100014,0.2006948
26.8200016,0.2130850
26.8300018,0.1985642
26.8400021,0.1941168
26.8500004,0.1876429
26.8600006,0.1963274
26.8700008,0.1854971
26.8800011,0.2033025
26.8900013,0.2340731
26.9000015,0.2336433
26.9100018,0.2182449
26.9200020,0.2133976
26.9300022,0.2150068
26.9400005,0.1946404
26.9500008,0.1870116
26.9600010,0.2045449
26.9700012,0.1919042
26.9800014,0.1965120
26.9900017,0.2015529
27.0000019,0.2096310
27.0100021,0.2123477
27.0200005,0.2059081
27.0300007,0.2019781
27.0400009,0.2229581
27.0500011,0.2172834
27.0600014,0.2074525
27.0700016,0.2139888
27.0800018,0.2192171
27.0900021,0.1978817
27.1000004,0.1992172
27.1100006,0.1945909
27.1200008,0.1923704
27.1300011,0.1935592
27.1400013,0.1930629
27.1500015,0.1954321
27.1600018,0.1989815
27.1700020,0.1841838
27.1800022,0.1957670
27.1900005,0.1996259
27.2000008,0.2045374
27.2100010,0.1990269
27.2200012,0.1927398
27.2300014,0.1937783
27.2400017,0.1995835
27.2500019,0.1811714
27.2600021,0.1838790
27.2700005,0.1983826
27.2800007,0.1871349
27.2900009,0.1945407
27.3000011,0.1978274
27.3100014,0.1883093
27.3200016,0.1755520
27.3300018,0.1853670
27.3400021,0.1876920
27.3500004,0.1954999
27.3600006,0.1948568
27.3700008,0.1868797
27.3800011,0.1925797
27.3900013,0.1921868
27.4000015,0.1972450
27.4100018,0.1972632
27.4200020,0.2003387
27.4300022,0.2040611
27.4400005,0.2089827
27.4500008,0.2030600
27.4600010,0.2012527
27.4700012,0.1998584
27.4800014,0.2042152
27.4900017,0.1886812
27.5000019,0.1936817
27.5100021,0.1790226
27.5200005,0.1861722
27.5300007,0.1895827
27.5400009,0.1932753
27.5500011,0.1880147
27.5600014,0.1680829
27.5700016,0.1821404
27.5800018,0.1979516
27.5900021,0.1992207
27.6000004,0.2025221
27.6100006,0.2048027
27.6200008,0.2164245
27.6300011,0.2116210
27.6400013,0.2032382
27.6500015,0.1992914
27.6600018,0.1934723
27.6700020,0.1933474
27.6800022,0.1855851
27.6900005,0.1849020
27.7000008,0.1734691
27.7100010,0.1798325
27.7200012,0.1855724
27.7300014,0.1769632
27.7400017,0.1916847
27.7500019,0.1840317
27.7600021,0.1774091
27.7700005,0.1857163
27.7800007,0.1784330
27.7900009,0.1580912
27.8000011,0.1594245
27.8100014,0.1666823
27.8200016,0.1651540
27.8300018,0.1661489
27.8400021,0.1766150
27.8500004,0.1706722
27.8600006,0.1826527
27.8700008,0.1796578
27.8800011,0.1793929
27.8900013,0.1769328
27.9000015,0.1882306
27.9100018,0.1787785
27.9200020,0.1759062
27.9300022,0.1846470
27.9400005,0.1826885
27.9500008,0.1848166
27.9600010,0.1787069
27.9700012,0.1782215
27.9800014,0.1755476
27.9900017,0.1778934
28.0000019,0.1800472
28.0100021,0.1865917
28.0200005,0.1841437
28.0300007,0.1769788
28.0400009,0.1883827
28.0500011,0.1896470
28.0600014,0.1843399
28.0700016,0.1848854
28.0800018,0.1875566
28.0900021,0.1711248
28.1000004,0.1600502
28.1100006,0.1657051
28.1200008,0.1688116
28.1300011,0.1639120
28.1400013,0.1685719
28.1500015,0.1659018
28.1600018,0.1670996
28.1700020,0.1608759
28.1800022,0.1733270
28.1900005,0.1637533
28.2000008,0.1753964
28.2100010,0.1706464
28.2200012,0.1829875
28.2300014,0.1796257
28.2400017,0.1778907
28.2500019,0.1750078
28.2600021,0.1733255
28.2700005,0.1902362
28.2800007,0.1727663
28.2900009,0.1762555
28.3000011,0.1879256
28.3100014,0.2080090
28.3200016,0.1778963
28.3300018,0.1782713
28.3400021,0.2043491
28.3500023,0.2357365
28.3600006,0.2142871
28.3700008,0.2189432
28.3800011,0.2257514
28.3900013,0.2026622
28.4000015,0.2175051
28.4100018,0.2090875
28.4200020,0.1859855
28.4300022,0.1905147
28.4400005,0.1867635
28.4500008,0.1830027
28.4600010,0.1800178
28.4700012,0.1782740
28.4800014,0.1845398
28.4900017,0.1960113
28.5000019,0.1864566
28.5100021,0.1880953
28.5200005,0.1820633
28.5300007,0.1820165
28.5400009,0.1876130
28.5500011,0.1856531
28.5600014,0.1782131
28.5700016,0.1771377
28.5800018,0.1713501
28.5900021,0.1714377
28.6000023,0.1721290
28.6100006,0.1755515
28.6200008,0.1776537
28.6300011,0.1699562
28.6400013,0.1715306
28.6500015,0.1726035
28.6600018,0.1674301
28.6700020,0.1708284
28.6800022,0.1829622
28.6900005,0.1673059
28.7000008,0.1766604
28.7100010,0.1769530
28.7200012,0.1587678
28.7300014,0.1614461
28.7400017,0.1640383
28.7500019,0.1673073
28.7600021,0.1809944
28.7700005,0.1615255
28.7800007,0.1652832
28.7900009,0.1735104
28.8000011,0.1660617
28.8100014,0.1694170
28.8200016,0.1684226
28.8300018,0.1619322
28.8400021,0.1686034
28.8500023,0.1733897
28.8600006,0.1669580
28.8700008,0.1664690
28.8800011,0.1639927
28.8900013,0.1718850
28.9000015,0.1607230
28.9100018,0.1686826
28.9200020,0.1825919
28.9300022,0.1758976
28.9400005,0.1826552
28.9500008,0.1871687
28.9600010,0.1675302
28.9700012,0.1759795
28.9800014,0.1740590
28.9900017,0.1714633
29.0000019,0.1724467
29.0100021,0.1706082
29.0200005,0.1846004
29.0300007,0.1860839
29.0400009,0.1793296
29.0500011,0.1965712
29.0600014,0.1755569
29.0700016,0.1757495
29.0800018,0.1704503
29.0900021,0.1812414
29.1000023,0.1699023
29.1100006,0.1808840
29.1200008,0.1682707
29.1300011,0.1717329
29.1400013,0.1788305
29.1500015,0.1769279
29.1600018,0.1793906
29.1700020,0.1749058
29.1800022,0.1792129
29.1900005,0.1675177
29.2000008,0.1845052
29.2100010,0.1802417
29.2200012,0.1901835
29.2300014,0.1900782
29.2400017,0.1975005
29.2500019,0.1967639
29.2600021,0.2037981
29.2700005,0.2013018
29.2800007,0.1986480
29.2900009,0.2012709
29.3000011,0.2108329
29.3100014,0.2172688
29.3200016,0.2149559
29.3300018,0.2057100
29.3400021,0.2051831
29.3500023,0.1924647
29.3600006,0.1833930
29.3700008,0.1932955
29.3800011,0.1884626
29.3900013,0.1989098
29.4000015,0.1819050
29.4100018,0.1958626
29.4200020,0.1922240
29.4300022,0.1764202
29.4400005,0.1892982
29.4500008,0.1781316
29.4600010,0.1905234
29.4700012,0.1914425
29.4800014,0.1890950
29.4900017,0.1895642
29.5000019,0.1821265
29.5100021,0.1847872
29.5200005,0.1748594
29.5300007,0.1800197
29.5400009,0.1815853
29.5500011,0.1825311
29.5600014,0.2195179
29.5700016,0.2060584
29.5800018,0.2039483
29.5900021,0.2017889
29.6000023,0.1825783
29.6100006,0.1983239
29.6200008,0.1851348
29.6300011,0.1850197
29.6400013,0.1971339
29.6500015,0.1746837
29.6600018,0.1862964
29.6700020,0.1906374
29.6800022,0.1903294
29.6900005,0.1929799
29.7000008,0.1917976
29.7100010,0.1837843
29.7200012,0.1917188
29.7300014,0.1881670
29.7400017,0.1984030
29.7500019,0.1934356
29.7600021,0.1971331
29.7700024,0.1944746
29.7800007,0.1997908
29.7900009,0.2055450
29.8000011,0.2010635
29.8100014,0.2024686
29.8200016,0.1944237
29.8300018,0.1957518
29.8400021,0.2058076
29.8500023,0.2040442
29.8600006,0.1988813
29.8700008,0.2062213
29.8800011,0.2229446
29.8900013,0.2006732
29.9000015,0.1930241
29.9100018,0.2006250
29.9200020,0.1978804
29.9300022,0.2009207
29.9400005,0.1958456
29.9500008,0.2028910
29.9600010,0.2079934
29.9700012,0.1975137
29.9800014,0.1973436
29.9900017,0.1992353
30.0000019,0.1856090
30.0100021,0.1883708
30.0200024,0.1971493
30.0300007,0.2011337
30.0400009,0.2058865
30.0500011,0.2092106
30.0600014,0.1961808
30.0700016,0.1996607
30.0800018,0.2044802
30.0900021,0.2128267
30.1000023,0.2082198
30.1100006,0.2070967
30.1200008,0.1902642
30.1300011,0.1807541
30.1400013,0.1874009
30.1500015,0.1917659
30.1600018,0.1808748
30.1700020,0.1886966
30.1800022,0.1768072
30.1900005,0.1818182
30.2000008,0.1947168
30.2100010,0.1836964
30.2200012,0.1912305
30.2300014,0.1985261
30.2400017,0.1999375
30.2500019,0.1936178
30.2600021,0.1915299
30.2700024,0.2023096
30.2800007,0.1921867
30.2900009,0.2005900
30.3000011,0.1853085
30.3100014,0.1804876
30.3200016,0.1789889
30.3300018,0.1897302
30.3400021,0.2026503
30.3500023,0.2076458
30.3600006,0.2054339
30.3700008,0.1942841
30.3800011,0.1976873
30.3900013,0.1913755
30.4000015,0.1944962
30.4100018,0.2009565
30.4200020,0.1915366
30.4300022,0.1930198
30.4400005,0.2058185
30.4500008,0.2062970
30.4600010,0.1929166
30.4700012,0.1885196
30.4800014,0.1988427
30.4900017,0.1995045
30.5000019,0.2035534
30.5100021,0.1911789
30.5200024,0.1898082
30.5300007,0.1785215
30.5400009,0.2064938
30.5500011,0.2006313
30.5600014,0.1926381
30.5700016,0.1741064
30.5800018,0.1659935
30.5900021,0.1734659
30.6000023,0.1832347
30.6100006,0.1985662
30.6200008,0.2027946
30.6300011,0.2113051
30.6400013,0.1939557
30.6500015,0.1880203
30.6600018,0.1893674
30.6700020,0.1871967
30.6800022,0.1869857
30.6900005,0.1829363
30.7000008,0.1947067
30.7100010,0.1884234
30.7200012,0.1764933
30.7300014,0.1963646
30.7400017,0.1905123
30.7500019,0.1998139
30.7600021,0.1863500
30.7700024,0.1901612
30.7800007,0.1879181
30.7900009,0.1970482
30.8000011,0.1814758
30.8100014,0.1742677
30.8200016,0.1897131
30.8300018,0.1863497
30.8400021,0.1878639
30.8500023,0.1944887
30.8600006,0.1882890
30.8700008,0.1904325
30.8800011,0.1933987
30.8900013,0.1845992
30.9000015,0.1793563
30.9100018,0.1801564
30.9200020,0.1866359
30.9300022,0.1788758
30.9400005,0.1867595
30.9500008,0.1963110
30.9600010,0.1784711
30.9700012,0.1814900
30.9800014,0.1957755
30.9900017,0.1839710
31.0000019,0.1912045
31.0100021,0.1899904
31.0200024,0.1901670
31.0300007,0.1827271
31.0400009,0.1829905
31.0500011,0.1864122
31.0600014,0.1911870
31.0700016,0.1847480
31.0800018,0.1985436
31.0900021,0.1774246
31.1000023,0.1814244
31.1100006,0.1854611
31.1200008,0.1862229
31.1300011,0.1886046
31.1400013,0.1802616
31.1500015,0.1983669
31.1600018,0.1843445
31.1700020,0.1902348
31.1800022,0.1923443
31.1900005,0.1894819
31.2000008,0.1824906
31.2100010,0.1899363
31.2200012,0.1841297
31.2300014,0.1862831
31.2400017,0.1813105
31.2500019,0.1790816
31.2600021,0.1614281
31.2700024,0.1768204
31.2800007,0.1889704
31.2900009,0.1856690
31.3000011,0.1986715
31.3100014,0.1924338
31.3200016,0.1957942
31.3300018,0.1896880
31.3400021,0.1888385
31.3500023,0.1918982
31.3600006,0.1917340
31.3700008,0.1929513
31.3800011,0.1785234
31.3900013,0.1847889
31.4000015,0.1677953
31.4100018,0.1778926
31.4200020,0.1846354
31.4300022,0.1777559
31.4400024,0.1881192
31.4500008,0.1966481
31.4600010,0.1844195
31.4700012,0.1813610
31.4800014,0.1893254
31.4900017,0.1853626
31.5000019,0.1847208
31.5100021,0.1842663
31.5200024,0.1910722
31.5300007,0.1880534
31.5400009,0.1815843
31.5500011,0.1986697
31.5600014,0.1850768
31.5700016,0.1855470
31.5800018,0.1711154
31.5900021,0.1802092
31.6000023,0.1794778
31.6100006,0.1948995
31.6200008,0.1882077
31.6300011,0.1802281
31.6400013,0.1756077
31.6500015,0.1701971
31.6600018,0.1854192
31.6700020,0.1801111
31.6800022,0.1789052
31.6900024,0.1764885
31.7000008,0.1702757
31.7100010,0.1864797
31.7200012,0.2020657
31.7300014,0.1957342
31.7400017,0.1856036
31.7500019,0.1775801
31.7600021,0.1912006
31.7700024,0.1957997
31.7800007,0.1896906
31.7900009,0.1821159
31.8000011,0.1858118
31.8100014,0.1848854
31.8200016,0.1723017
31.8300018,0.1887158
31.8400021,0.1998128
31.8500023,0.1776631
31.8600006,0.1760543
31.8700008,0.1762919
31.8800011,0.1719547
31.8900013,0.1729109
31.9000015,0.1817039
31.9100018,0.1794491
31.9200020,0.1898862
31.9300022,0.1862747
31.9400024,0.1959098
31.9500008,0.1815393
31.9600010,0.1721654
31.9700012,0.1720319
31.9800014,0.1731936
31.9900017,0.1637939
32.0000000,0.1774815
32.0100021,0.1682156
32.0200005,0.1769229
32.0300026,0.1761450
32.0400009,0.1763964
32.0500031,0.1862832
32.0600014,0.1741980
32.0699997,0.1990746
32.0800018,0.1807100
32.0900002,0.1659166
32.1000023,0.1824110
32.1100006,0.1703963
32.1200027,0.1799881
32.1300011,0.1885289
32.1400032,0.1748476
32.1500015,0.1749462
32.1599998,0.1717951
32.1700020,0.1708368
32.1800003,0.1731393
32.1900024,0.1705685
32.2000008,0.1642414
32.2100029,0.1769202
32.2200012,0.1850257
32.2300034,0.1720814
32.2400017,0.1678897
32.2500000,0.1726608
32.2600021,0.1848461
32.2700005,0.1726582
32.2800026,0.1856020
32.2900009,0.1932724
32.3000031,0.1955719
32.3100014,0.1932551
32.3199997,0.1766495
32.3300018,0.1881367
32.3400002,0.1881017
32.3500023,0.1910782
32.3600006,0.1796748
32.3700027,0.1832139
32.3800011,0.1768134
32.3900032,0.1888890
32.4000015,0.1973743
32.4099998,0.1900765
32.4200020,0.1845331
32.4300003,0.1821502
32.4400024,0.1780470
32.4500008,0.1964012
32.4600029,0.1800721
32.4700012,0.1803206
32.4800034,0.1766373
32.4900017,0.1867305
32.5000000,0.1792325
32.5100021,0.1656343
32.5200005,0.1762687
32.5300026,0.1767797
32.5400009,0.1823074
32.5500031,0.1896212
32.5600014,0.1876597
32.5699997,0.1866784
32.5800018,0.1705973
32.5900002,0.1708128
32.6000023,0.1870780
32.6100006,0.1892064
32.6200027,0.1940600
32.6300011,0.1922252
32.6400032,0.1959667
32.6500015,0.1969789
32.6599998,0.1896968
32.6700020,0.1925903
32.6800003,0.1977839
32.6900024,0.1944631
32.7000008,0.1925925
32.7100029,0.2020475
32.7200012,0.2008901
32.7300034,0.2045132
32.7400017,0.2079625
32.7500000,0.2011398
32.7600021,0.1959003
32.7700005,0.2045141
32.7800026,0.2045765
32.7900009,0.1805114
32.8000031,0.1795810
32.8100014,0.1741504
32.8199997,0.1862526
32.8300018,0.1863560
32.8400002,0.2041479
32.8500023,0.1934798
32.8600006,0.1918186
32.8700027,0.2062920
32.8800011,0.1883361
32.8900032,0.1770156
32.9000015,0.1806000
32.9099998,0.1643710
32.9200020,0.1732140
32.9300003,0.1839754
32.9400024,0.1735796
32.9500008,0.1637592
32.9600029,0.1635665
32.9700012,0.1789774
32.9800034,0.1717473
32.9900017,0.1747352
33.0000000,0.1724052
33.0100021,0.1792147
33.0200005,0.1840783
33.0300026,0.1628088
33.0400009,0.1668341
33.0500031,0.1609255
33.0600014,0.1683923
33.0699997,0.1731817
33.0800018,0.1886720
33.0900002,0.1798848
33.1000023,0.1971218
33.1100006,0.1791091
33.1200027,0.1840373
33.1300011,0.1925146
33.1400032,0.1862662
33.1500015,0.1882307
33.1599998,0.1819911
33.1700020,0.1676739
33.1800003,0.1754717
33.1900024,0.1777953
33.2000008,0.1831280
33.2100029,0.1748532
33.2200012,0.1911596
33.2300034,0.1735861
33.2400017,0.1805746
33.2500000,0.1749294
33.2600021,0.1760051
33.2700005,0.1782336
33.2800026,0.1819808
33.2900009,0.1724893
33.3000031,0.1787448
33.3100014,0.1846330
33.3199997,0.1794842
33.3300018,0.1861126
33.3400002,0.1779117
33.3500023,0.1798573
33.3600006,0.1751725
33.3700027,0.1780597
33.3800011,0.1830882
33.3900032,0.1774233
33.4000015,0.1723129
33.4099998,0.1783662
33.4200020,0.1804520
33.4300003,0.2048191
33.4400024,0.1895591
33.4500008,0.1917368
33.4600029,0.1993584
33.4700012,0.1985910
33.4800034,0.2074856
33.4900017,0.1938813
33.5000000,0.1896785
33.5100021,0.1911513
33.5200005,0.1885020
33.5300026,0.1806069
33.5400009,0.1971547
33.5500031,0.1828189
33.5600014,0.1892393
33.5699997,0.1978317
33.5800018,0.1895818
33.5900002,0.1920754
33.6000023,0.1971719
33.6100006,0.1897163
33.6200027,0.1812144
33.6300011,0.1831430
33.6400032,0.1854001
33.6500015,0.1901043
33.6599998,0.1892928
33.6700020,0.1918599
33.6800003,0.1938593
33.6900024,0.1863009
33.7000008,0.1891589
33.7100029,0.1928182
33.7200012,0.1810699
33.7300034,0.1729031
33.7400017,0.1859940
33.7500000,0.1917440
33.7600021,0.1898608
33.7700005,0.1862054
33.7800026,0.1898001
33.7900009,0.1942692
33.8000031,0.1747952
33.8100014,0.1751280
33.8200035,0.1737524
33.8300018,0.1732435
33.8400002,0.1790303
33.8500023,0.1703318
33.8600006,0.1697404
33.8700027,0.1778075
33.8800011,0.1679125
33.8900032,0.1922619
33.9000015,0.1863840
33.9099998,0.1793033
33.9200020,0.1826726
33.9300003,0.1978893
33.9400024,0.1910984
33.9500008,0.1894780
33.9600029,0.1871608
33.9700012,0.1857374
33.9800034,0.1862030
33.9900017,0.1792308
34.0000000,0.1836273
34.0100021,0.1746712
34.0200005,0.1836314
34.0300026,0.1672830
34.0400009,0.1811347
34.0500031,0.1726752
34.0600014,0.1827666
34.0700035,0.1724961
34.0800018,0.1743047
34.0900002,0.1738827
34.1000023,0.1717685
34.1100006,0.1811458
34.1200027,0.1852413
34.1300011,0.1884364
34.1400032,0.1821702
34.1500015,0.1820876
34.1599998,0.1832384
34.1700020,0.1718851
34.1800003,0.1916998
34.1900024,0.1792466
34.2000008,0.1755250
34.2100029,0.1837297
34.2200012,0.1844439
34.2300034,0.1792636
34.2400017,0.1856483
34.2500000,0.1848521
34.2600021,0.2074168
34.2700005,0.1956957
34.2800026,0.2017472
34.2900009,0.1995237
34.3000031,0.1961539
34.3100014,0.1788353
34.3200035,0.1827415
34.3300018,0.1813278
34.3400002,0.1889338
34.3500023,0.1791374
34.3600006,0.1671667
34.3700027,0.1857959
34.3800011,0.1718658
34.3900032,0.1853609
34.4000015,0.1725973
34.4099998,0.1768452
34.4200020,0.1819221
34.4300003,0.1588209
34.4400024,0.1712272
34.4500008,0.1843660
34.4600029,0.1758876
34.4700012,0.1785341
34.4800034,0.1849796
34.4900017,0.1823402
34.5000000,0.1645979
34.5100021,0.1772456
34.5200005,0.1748946
34.5300026,0.1754724
34.5400009,0.1729489
34.5500031,0.1732302
34.5600014,0.1824734
34.5700035,0.1836935
34.5800018,0.1842223
34.5900002,0.1713946
34.6000023,0.1765182
34.6100006,0.1806428
34.6200027,0.1929444
34.6300011,0.1934135
34.6400032,0.1881646
34.6500015,0.1857523
34.6599998,0.1807309
34.6700020,0.1715282
34.6800003,0.1888011
34.6900024,0.1762315
34.7000008,0.1753855
34.7100029,0.1842912
34.7200012,0.1810782
34.7300034,0.1922387
34.7400017,0.1844267
34.7500000,0.1764362
34.7600021,0.1930710
34.7700005,0.1999863
34.7800026,0.2136405
34.7900009,0.2173581
34.8000031,0.2082199
34.8100014,0.2055571
34.8200035,0.1959638
34.8300018,0.2124424
34.8400002,0.2159898
34.8500023,0.2131190
34.8600006,0.2009181
34.8700027,0.1805165
34.8800011,0.1856203
34.8900032,0.1861646
34.9000015,0.1759090
34.9099998,0.2074355
34.9200020,0.1965096
34.9300003,0.2008805
34.9400024,0.1988441
34.9500008,0.2017626
34.9600029,0.1999031
34.9700012,0.2005545
34.9800034,0.2075686
34.9900017,0.2131762
35.0000000,0.2138076
35.0100021,0.2291649
35.0200005,0.2202161
35.0300026,0.2353887
35.0400009,0.2302219
35.0500031,0.2243709
35.0600014,0.2183711
35.0700035,0.2130188
35.0800018,0.2204943
35.0900002,0.2172862
35.1000023,0.2321014
35.1100006,0.2170524
35.1200027,0.2238631
35.1300011,0.2185649
35.1400032,0.2273370
35.1500015,0.2157107
35.1599998,0.2130335
35.1700020,0.2014668
35.1800003,0.2315180
35.1900024,0.2161078
35.2000008,0.2166943
35.2100029,0.2019525
35.2200012,0.2017738
35.2300034,0.1938268
35.2400017,0.1948908
35.2500000,0.1956219
35.2600021,0.2169412
35.2700005,0.2221391
35.2800026,0.2491071
35.2900009,0.2184586
35.3000031,0.2163490
35.3100014,0.2104877
35.3200035,0.2172544
35.3300018,0.2081105
35.3400002,0.2131651
35.3500023,0.2045224
35.3600006,0.1974960
35.3700027,0.2185672
35.3800011,0.2288640
35.3900032,0.2202051
35.4000015,0.2125002
35.4099998,0.2097518
35.4200020,0.2149958
35.4300003,0.2281031
35.4400024,0.2254460
35.4500008,0.2190382
35.4600029,0.2212532
35.4700012,0.2067201
35.4800034,0.1805911
35.4900017,0.1883566
35.5000000,0.1852993
35.5100021,0.1878193
35.5200005,0.2013971
35.5300026,0.2198955
35.5400009,0.2109280
35.5500031,0.2337706
35.5600014,0.2123793
35.5700035,0.2183912
35.5800018,0.2213997
35.5900002,0.2041199
35.6000023,0.2087277
35.6100006,0.2062395
35.6200027,0.2113761
35.6300011,0.2060465
35.6400032,0.1998321
35.6500015,0.2052494
35.6599998,0.2207638
35.6700020,0.2237948
35.6800003,0.2132105
35.6900024,0.2137268
35.7000008,0.2059347
35.7100029,0.2147681
35.7200012,0.1919258
35.7300034,0.2105122
35.7400017,0.1775858
35.7500000,0.1811215
35.7600021,0.1761478
35.7700005,0.1986018
35.7800026,0.1927318
35.7900009,0.1939913
35.8000031,0.1955134
35.8100014,0.1948909
35.8200035,0.1871527
35.8300018,0.1907623
35.8400002,0.1812021
35.8500023,0.1807127
35.8600006,0.1753918
35.8700027,0.1880191
35.8800011,0.1961685
35.8900032,0.1940550
35.9000015,0.1864147
35.9099998,0.1970848
35.9200020,0.2074883
35.9300003,0.2073044
35.9400024,0.2069929
35.9500008,0.2044085
35.9600029,0.2090920
35.9700012,0.2074098
35.9800034,0.2110587
35.9900017,0.1984698
36.0000000,0.2054528
36.0100021,0.2031447
36.0200005,0.2091196
36.0300026,0.1936819
36.0400009,0.1876053
36.0500031,0.1903502
36.0600014,0.1914796
36.0700035,0.1784457
36.0800018,0.1897498
36.0900002,0.1828671
36.1000023,0.1891143
36.1100006,0.1869950
36.1200027,0.1737784
36.1300011,0.1841616
36.1400032,0.1769436
36.1500015,0.1756776
36.1599998,0.1803522
36.1700020,0.1769725
36.1800003,0.1811001
36.1900024,0.1831930
36.2000008,0.1877284
36.2100029,0.1825067
36.2200012,0.1800162
36.2300034,0.1854619
36.2400017,0.1766847
36.2500000,0.1882119
36.2600021,0.1837116
36.2700005,0.1818654
36.2800026,0.1824516
36.2900009,0.1798176
36.3000031,0.1767841
36.3100014,0.1833228
36.3200035,0.1787097
36.3300018,0.1754290
36.3400002,0.1816568
36.3500023,0.1834003
36.3600006,0.1946621
36.3700027,0.1818468
36.3800011,0.1784737
36.3900032,0.1802205
36.4000015,0.1956048
36.4099998,0.1856375
36.4200020,0.1887036
36.4300003,0.1978553
36.4400024,0.1810953
36.4500008,0.1885546
36.4600029,0.1998465
36.4700012,0.2002038
36.4800034,0.1984256
36.4900017,0.1889570
36.5000000,0.1874593
36.5100021,0.1950274
36.5200005,0.1918350
36.5300026,0.1971120
36.5400009,0.1929786
36.5500031,0.1815374
36.5600014,0.1752634
36.5700035,0.1895527
36.5800018,0.1881290
36.5900002,0.1986796
36.6000023,0.1944490
36.6100006,0.1922340
36.6200027,0.1921096
36.6300011,0.2045595
36.6400032,0.2001211
36.6500015,0.1832827
36.6599998,0.1895718
36.6700020,0.1800109
36.6800003,0.1815293
36.6900024,0.1794634
36.7000008,0.1826649
36.7100029,0.1900035
36.7200012,0.1927616
36.7300034,0.1882205
36.7400017,0.1843893
36.7500000,0.1903142
36.7600021,0.1979761
36.7700005,0.2105389
36.7800026,0.2078631
36.7900009,0.2013438
36.8000031,0.2079007
36.8100014,0.2029340
36.8200035,0.1945228
36.8300018,0.2002288
36.8400002,0.1978102
36.8500023,0.1906002
36.8600006,0.1920673
36.8700027,0.2019270
36.8800011,0.1999938
36.8900032,0.1960431
36.9000015,0.1909742
36.9099998,0.1786081
36.9200020,0.2047080
36.9300003,0.1685346
36.9400024,0.1725368
36.9500008,0.1742651
36.9600029,0.1881062
36.9700012,0.1766675
36.9800034,0.1840586
36.9900017,0.1737066
37.0000000,0.1903369
37.0100021,0.1910236
37.0200005,0.1911074
37.0300026,0.1860772
37.0400009,0.1825658
37.0500031,0.1884891
37.0600014,0.1889608
37.0700035,0.1768762
37.0800018,0.1913112
37.0900002,0.1954436
37.1000023,0.1819556
37.1100006,0.1902097
37.1200027,0.1932220
37.1300011,0.1979605
37.1400032,0.1860245
37.1500015,0.1854236
37.1600037,0.1837730
37.1700020,0.1894234
37.1800003,0.1907275
37.1900024,0.1844568
37.2000008,0.1825171
37.2100029,0.1864702
37.2200012,0.1965807
37.2300034,0.1882206
37.2400017,0.1777441
37.2500000,0.1763992
37.2600021,0.1900729
37.2700005,0.1934985
37.2800026,0.2036304
37.2900009,0.1943101
37.3000031,0.1921861
37.3100014,0.1941393
37.3200035,0.1876421
37.3300018,0.1880297
37.3400002,0.1915645
37.3500023,0.1866995
37.3600006,0.1952065
37.3700027,0.1972534
37.3800011,0.1963172
37.3900032,0.1927456
37.4000015,0.1913417
37.4100037,0.1842640
37.4200020,0.1782064
37.4300003,0.1865134
37.4400024,0.1853366
37.4500008,0.1889216
37.4600029,0.1876852
37.4700012,0.1767954
37.4800034,0.1726096
37.4900017,0.1807566
37.5000000,0.1874457
37.5100021,0.1796815
37.5200005,0.1763271
37.5300026,0.1900757
37.5400009,0.1849858
37.5500031,0.1723254
37.5600014,0.1910957
37.5700035,0.1870274
37.5800018,0.1716792
37.5900002,0.1939559
37.6000023,0.1924428
37.6100006,0.1906709
37.6200027,0.1835055
37.6300011,0.1865377
37.6400032,0.1889665
37.6500015,0.1788817
37.6600037,0.1756224
37.6700020,0.1766503
37.6800003,0.1823589
37.6900024,0.1746980
37.7000008,0.1762848
37.7100029,0.1683789
37.7200012,0.1698704
37.7300034,0.1709741
37.7400017,0.1730593
37.7500000,0.1783502
37.7600021,0.1876542
37.7700005,0.1818077
37.7800026,0.1914966
37.7900009,0.1889812
37.8000031,0.1897316
37.8100014,0.1902255
37.8200035,0.2021644
37.8300018,0.1931760
37.8400002,0.1799352
37.8500023,0.1696984
37.8600006,0.1666051
37.8700027,0.1772725
37.8800011,0.1699708
37.8900032,0.1719463
37.9000015,0.1690293
37.9100037,0.1707176
37.9200020,0.1767070
37.9300003,0.1787438
37.9400024,0.1686908
37.9500008,0.1793644
37.9600029,0.1663337
37.9700012,0.1730286
37.9800034,0.1715450
37.9900017,0.1662598
38.0000000,0.1676614
38.0100021,0.1736590
38.0200005,0.1803001
38.0300026,0.1882318
38.0400009,0.1763670
38.0500031,0.1689556
38.0600014,0.1732918
38.0700035,0.1727541
38.0800018,0.1648014
38.0900002,0.1798031
38.1000023,0.1633849
38.1100006,0.1680050
38.1200027,0.1771342
38.1300011,0.1744444
38.1400032,0.1614774
38.1500015,0.1888004
38.1600037,0.2046580
38.1700020,0.1857336
38.1800003,0.1978765
38.1900024,0.1970156
38.2000008,0.2016834
38.2100029,0.1924167
38.2200012,0.1905369
38.2300034,0.1967645
38.2400017,0.2054721
38.2500000,0.1957792
38.2600021,0.1913231
38.2700005,0.1889105
38.2800026,0.1916382
38.2900009,0.1845878
38.3000031,0.1944739
38.3100014,0.1914916
38.3200035,0.1842771
38.3300018,0.1901273
38.3400002,0.1870266
38.3500023,0.1933613
38.3600006,0.1829517
38.3700027,0.1875575
38.3800011,0.1792578
38.3900032,0.1821595
38.4000015,0.1782673
38.4100037,0.1822169
38.4200020,0.1977061
38.4300003,0.1951766
38.4400024,0.1987144
38.4500008,0.1876943
38.4600029,0.1989821
38.4700012,0.1998142
38.4800034,0.2017258
38.4900017,0.2016980
38.5000000,0.1951785
38.5100021,0.1936405
38.5200005,0.1917720
38.5300026,0.1894626
38.5400009,0.1997814
38.5500031,0.2087454
38.5600014,0.2023982
38.5700035,0.1991585
38.5800018,0.2045894
38.5900002,0.1937065
38.6000023,0.2121536
38.6100006,0.2115000
38.6200027,0.2075289
38.6300011,0.1933971
38.6400032,0.1929498
38.6500015,0.1834396
38.6600037,0.1891988
38.6700020,0.1860724
38.6800003,0.2059195
38.6900024,0.1945673
38.7000008,0.1928931
38.7100029,0.1875810
38.7200012,0.1837718
38.7300034,0.1711738
38.7400017,0.1794561
38.7500000,0.1877344
38.7600021,0.2046089
38.7700005,0.1957048
38.7800026,0.1801249
38.7900009,0.1887873
38.8000031,0.1961215
38.8100014,0.1974889
38.8200035,0.1895591
38.8300018,0.1863202
38.8400002,0.1749841
38.8500023,0.1778915
38.8600006,0.1873185
38.8700027,0.1949686
38.8800011,0.1894926
38.8900032,0.1931621
38.9000015,0.1812331
38.9100037,0.1803356
38.9200020,0.1797528
38.9300003,0.1722492
38.9400024,0.1741134
38.9500008,0.1905667
38.9600029,0.1894565
38.9700012,0.1827366
38.9800034,0.1934000
38.9900017,0.1789574
39.0000000,0.1917532
39.0100021,0.1817235
39.0200005,0.1872574
39.0300026,0.1869141
39.0400009,0.1831848
39.0500031,0.1842490
39.0600014,0.1953906
39.0700035,0.1881284
39.0800018,0.1983483
39.0900002,0.1879055
39.1000023,0.1958154
39.1100006,0.1838366
39.1200027,0.1907770
39.1300011,0.1857670
39.1400032,0.1924167
39.1500015,0.1908595
39.1600037,0.2033404
39.1700020,0.1927864
39.1800003,0.1834906
39.1900024,0.1962422
39.2000008,0.1994352
39.2100029,0.1868094
39.2200012,0.1876630
39.2300034,0.1861970
39.2400017,0.1932341
39.2500000,0.1987405
39.2600021,0.2017474
39.2700005,0.1859030
39.2800026,0.1954385
39.2900009,0.2004471
39.3000031,0.2008754
39.3100014,0.1987564
39.3200035,0.1886398
39.3300018,0.1805541
39.3400002,0.1824810
39.3500023,0.1763268
39.3600006,0.1640623
39.3700027,0.1757952
39.3800011,0.1816962
39.3900032,0.1845210
39.4000015,0.1763742
39.4100037,0.1738242
39.4200020,0.1842200
39.4300003,0.1718943
39.4400024,0.1880555
39.4500008,0.1952144
39.4600029,0.1903833
39.4700012,0.1814425
39.4800034,0.1849951
39.4900017,0.1759212
39.5000000,0.1833898
39.5100021,0.1714215
39.5200005,0.1811231
39.5300026,0.1790128
39.5400009,0.1818768
39.5500031,0.1625519
39.5600014,0.1686884
39.5700035,0.1738815
39.5800018,0.1822156
39.5900002,0.1868849
39.6000023,0.1835569
39.6100006,0.1669240
39.6200027,0.1672508
39.6300011,0.1718335
39.6400032,0.1658041
39.6500015,0.1608752
39.6600037,0.1670159
39.6700020,0.1743588
39.6800003,0.1824905
39.6900024,0.1861175
39.7000008,0.1870369
39.7100029,0.1797886
39.7200012,0.1937394
39.7300034,0.1805865
39.7400017,0.1999685
39.7500000,0.1859357
39.7600021,0.1751404
39.7700005,0.1692768
39.7800026,0.1937504
39.7900009,0.1820403
39.8000031,0.1765702
39.8100014,0.1840421
39.8200035,0.1806367
39.8300018,0.1855878
39.8400002,0.1766848
39.8500023,0.2060526
39.8600006,0.1949652
39.8700027,0.1887644
39.8800011,0.1773282
39.8900032,0.1984019
39.9000015,0.1791595
39.9100037,0.1827621
39.9200020,0.1895047
39.9300003,0.1788444
39.9400024,0.1693220
39.9500008,0.1791502
39.9600029,0.1832421
39.9700012,0.1743209
39.9800034,0.1566174
39.9900017,0.1722895
40.0000000,0.1686973
40.0100021,0.1848350
40.0200005,0.1825052
40.0300026,0.1826883
40.0400009,0.1627769
40.0500031,0.1589676
40.0600014,0.1734416
40.0700035,0.1776496
40.0800018,0.1758569
40.0900002,0.1756579
40.1000023,0.1659604
40.1100006,0.1738690
40.1200027,0.1831983
40.1300011,0.1722552
40.1400032,0.1830053
40.1500015,0.1739668
40.1600037,0.1940212
40.1700020,0.1883447
40.1800003,0.1919186
40.1900024,0.1936751
40.2000008,0.1882136
40.2100029,0.1638732
40.2200012,0.1778582
40.2300034,0.1854190
40.2400017,0.1902399
40.2500038,0.1775978
40.2600021,0.1851811
40.2700005,0.1686758
40.2800026,0.1859977
40.2900009,0.1907015
40.3000031,0.1880711
40.3100014,0.1905805
40.3200035,0.1784769
40.3300018,0.1728329
40.3400002,0.1826300
40.3500023,0.1862326
40.3600006,0.1810675
40.3700027,0.1879425
40.3800011,0.1932900
40.3900032,0.2007677
40.4000015,0.2001916
40.4100037,0.1929479
40.4200020,0.1837165
40.4300003,0.1855329
40.4400024,0.1991428
40.4500008,0.1851826
40.4600029,0.1807681
40.4700012,0.1816583
40.4800034,0.1914323
40.4900017,0.1821672
40.5000038,0.1935055
40.5100021,0.1809801
40.5200005,0.1851514
40.5300026,0.1968773
40.5400009,0.1934649
40.5500031,0.1917463
40.5600014,0.2042612
40.5700035,0.2060425
40.5800018,0.2102212
40.5900002,0.1945627
40.6000023,0.1825688
40.6100006,0.1813266
40.6200027,0.1995343
40.6300011,0.1951355
40.6400032,0.1900442
40.6500015,0.1857988
40.6600037,0.1714548
40.6700020,0.1797754
40.6800003,0.1780350
40.6900024,0.1731417
40.7000008,0.1702121
40.7100029,0.1890516
40.7200012,0.1875097
40.7300034,0.1811346
40.7400017,0.1872356
40.7500038,0.1780236
40.7600021,0.1764378
40.7700005,0.1830804
40.7800026,0.1800783
40.7900009,0.1763859
40.8000031,0.1773580
40.8100014,0.1839941
40.8200035,0.1939138
40.8300018,0.1937239
40.8400002,0.2029051
40.8500023,0.1807748
40.8600006,0.1806450
40.8700027,0.1879712
40.8800011,0.2040786
40.8900032,0.1981018
40.9000015,0.1959925
40.9100037,0.1847398
40.9200020,0.2020745
40.9300003,0.1857237
40.9400024,0.1839565
40.9500008,0.1959237
40.9600029,0.1765669
40.9700012,0.1796589
40.9800034,0.1731989
40.9900017,0.1835855
41.0000038,0.2083744
41.0100021,0.1985102
41.0200005,0.2132169
41.0300026,0.2261023
41.0400009,0.2164355
41.0500031,0.2053463
41.0600014,0.1904442
41.0700035,0.1806319
41.0800018,0.1783920
41.0900002,0.1747830
41.1000023,0.1649733
41.1100006,0.1679175
41.1200027,0.1824766
41.1300011,0.1785251
41.1400032,0.1814736
41.1500015,0.1799186
41.1600037,0.1912981
41.1700020,0.1827542
41.1800003,0.1897550
41.1900024,0.1865612
41.2000008,0.1814627
41.2100029,0.1833521
41.2200012,0.1807229
41.2300034,0.1744491
41.2400017,0.1913986
41.2500038,0.1817336
41.2600021,0.1781350
41.2700005,0.1851121
41.2800026,0.1911469
41.2900009,0.1788952
41.3000031,0.1811717
41.3100014,0.1854781
41.3200035,0.1858375
41.3300018,0.1836248
41.3400002,0.1829995
41.3500023,0.1900092
41.3600006,0.1836582
41.3700027,0.1939762
41.3800011,0.1857527
41.3900032,0.1816640
41.4000015,0.1777888
41.4100037,0.1840634
41.4200020,0.1733411
41.4300003,0.1805073
41.4400024,0.1905918
41.4500008,0.1827099
41.4600029,0.1790302
41.4700012,0.1730144
41.4800034,0.1840272
41.4900017,0.1851918
41.5000038,0.1762662
41.5100021,0.1766661
41.5200005,0.1771401
41.5300026,0.1875862
41.5400009,0.2004444
41.5500031,0.1938075
41.5600014,0.1828428
41.5700035,0.1784948
41.5800018,0.1883666
41.5900002,0.1777493
41.6000023,0.1886781
41.6100006,0.1749468
41.6200027,0.1858333
41.6300011,0.1881817
41.6400032,0.1783070
41.6500015,0.1736791
41.6600037,0.1859487
41.6700020,0.1762848
41.6800003,0.1816438
41.6900024,0.1650124
41.7000008,0.1836161
41.7100029,0.1762637
41.7200012,0.1912763
41.7300034,0.1942299
41.7400017,0.1917263
41.7500038,0.1846704
41.7600021,0.1866844
41.7700005,0.1898781
41.7800026,0.2102030
41.7900009,0.2097340
41.8000031,0.2170299
41.8100014,0.2132277
41.8200035,0.2167363
41.8300018,0.2266492
41.8400002,0.2135531
41.8500023,0.2010164
41.8600006,0.2109133
41.8700027,0.1986624
41.8800011,0.1893754
41.8900032,0.1879738
41.9000015,0.1845719
41.9100037,0.1918526
41.9200020,0.1952665
41.9300003,0.2002843
41.9400024,0.1978448
41.9500008,0.1881943
41.9600029,0.1900356
41.9700012,0.1939109
41.9800034,0.1887116
41.9900017,0.1811211
42.0000038,0.1798722
42.0100021,0.1909664
42.0200005,0.1900256
42.0300026,0.1867835
42.0400009,0.1990659
42.0500031,0.1798967
42.0600014,0.1861155
42.0700035,0.1804654
42.0800018,0.1828497
42.0900002,0.1867247
42.1000023,0.1933262
42.1100006,0.1726309
42.1200027,0.1901889
42.1300011,0.1810701
42.1400032,0.1824325
42.1500015,0.1876511
42.1600037,0.1937182
42.1700020,0.1754245
42.1800003,0.1743134
42.1900024,0.1792087
42.2000008,0.1796595
42.2100029,0.1813901
42.2200012,0.1771391
42.2300034,0.1862089
42.2400017,0.1857688
42.2500038,0.1859694
42.2600021,0.1896254
42.2700005,0.1922142
42.2800026,0.1883408
42.2900009,0.1733216
42.3000031,0.1877134
42.3100014,0.1964988
42.3200035,0.2039447
42.3300018,0.2014697
42.3400002,0.1977435
42.3500023,0.1889386
42.3600006,0.1864774
42.3700027,0.1922535
42.3800011,0.2011592
42.3900032,0.1909028
42.4000015,0.2028841
42.4100037,0.2094242
42.4200020,0.2009544
42.4300003,0.1834074
42.4400024,0.1900687
42.4500008,0.1984959
42.4600029,0.1860870
42.4700012,0.1826804
42.4800034,0.2046719
42.4900017,0.2019701
42.5000038,0.1915032
42.5100021,0.1885684
42.5200005,0.1954948
42.5300026,0.2071670
42.5400009,0.1966063
42.5500031,0.2013024
42.5600014,0.1866461
42.5700035,0.1814609
42.5800018,0.1837230
42.5900002,0.1861251
42.6000023,0.1845771
42.6100006,0.1846884
42.6200027,0.1897922
42.6300011,0.1932719
42.6400032,0.1857571
42.6500015,0.1903201
42.6600037,0.1703234
42.6700020,0.1768928
42.6800003,0.1940143
42.6900024,0.1769234
42.7000008,0.1845146
42.7100029,0.1748375
42.7200012,0.1711733
42.7300034,0.1792135
42.7400017,0.1639494
42.7500038,0.1767152
42.7600021,0.1744841
42.7700005,0.1778286
42.7800026,0.1747517
42.7900009,0.1698429
42.8000031,0.1718165
42.8100014,0.1742697
42.8200035,0.1746335
42.8300018,0.1667750
42.8400002,0.1699598
42.8500023,0.1684160
42.8600006,0.1705158
42.8700027,0.1814686
42.8800011,0.1734761
42.8900032,0.1738708
42.9000015,0.1710440
42.9100037,0.1791156
42.9200020,0.1851896
42.9300003,0.1912114
42.9400024,0.2030905
42.9500008,0.1847097
42.9600029,0.1814614
42.9700012,0.1724367
42.9800034,0.1769890
42.9900017,0.1729069
43.0000038,0.1646948
43.0100021,0.1675611
43.0200005,0.1821641
43.0300026,0.1757080
43.0400009,0.1629594
43.0500031,0.1850050
43.0600014,0.1808075
43.0700035,0.1678888
43.0800018,0.1825061
43.0900002,0.1797139
43.1000023,0.1792496
43.1100006,0.1862374
43.1200027,0.1768544
43.1300011,0.1857942
43.1400032,0.1739289
43.1500015,0.1841362
43.1600037,0.1729697
43.1700020,0.1819204
43.1800003,0.1670660
43.1900024,0.1583449
43.2000008,0.1710209
43.2100029,0.1743407
43.2200012,0.1796029
43.2300034,0.1826866
43.2400017,0.1896122
43.2500038,0.1890672
43.2600021,0.1843575
43.2700005,0.2106792
43.2800026,0.1904399
43.2900009,0.1822076
43.3000031,0.1743075
43.3100014,0.1791314
43.3200035,0.1903360
43.3300018,0.1863559
43.3400002,0.1670761
43.3500023,0.1845991
43.3600006,0.1742353
43.3700027,0.1764235
43.3800011,0.1744890
43.3900032,0.1876812
43.4000015,0.1780837
43.4100037,0.1891057
43.4200020,0.1733925
43.4300003,0.1827164
43.4400024,0.1819995
43.4500008,0.1820162
43.4600029,0.1823584
43.4700012,0.1896976
43.4800034,0.1869143
43.4900017,0.1848480
43.5000038,0.1704208
43.5100021,0.1717357
43.5200005,0.1742511
43.5300026,0.1854648
43.5400009,0.1823950
43.5500031,0.1823428
43.5600014,0.1746476
43.5700035,0.1865216
43.5800018,0.1898246
43.5900040,0.1997013
43.6000023,0.1865297
43.6100006,0.1750089
43.6200027,0.1757714
43.6300011,0.1773281
43.6400032,0.1838661
43.6500015,0.1749610
43.6600037,0.1920393
43.6700020,0.1968898
43.6800003,0.1817992
43.6900024,0.1951750
43.7000008,0.1854381
43.7100029,0.1915876
43.7200012,0.1919552
43.7300034,0.1877815
43.7400017,0.1784024
43.7500038,0.1915771
43.7600021,0.1966622
43.7700005,0.1831585
43.7800026,0.1925024
43.7900009,0.1787076
43.8000031,0.1827005
43.8100014,0.1824527
43.8200035,0.1861657
43.8300018,0.2055961
43.8400040,0.1996529
43.8500023,0.1879145
43.8600006,0.2068657
43.8700027,0.1985669
43.8800011,0.1916045
43.8900032,0.1888637
43.9000015,0.1989094
43.9100037,0.1987060
43.9200020,0.2086529
43.9300003,0.2003942
43.9400024,0.2029585
43.9500008,0.2068660
43.9600029,0.2006992
43.9700012,0.2063138
43.9800034,0.1933495
43.9900017,0.2045850
44.0000038,0.1925272
44.0100021,0.2137446
44.0200005,0.2011418
44.0300026,0.1900809
44.0400009,0.1932498
44.0500031,0.1874049
44.0600014,0.1951893
44.0700035,0.1854180
44.0800018,0.1937056
44.0900040,0.1935129
44.1000023,0.1829414
44.1100006,0.1826861
44.1200027,0.1798133
44.1300011,0.1992821
44.1400032,0.1873022
44.1500015,0.1893157
44.1600037,0.1858855
44.1700020,0.1845593
44.1800003,0.1883960
44.1900024,0.1920043
44.2000008,0.1847055
44.2100029,0.1900977
44.2200012,0.2089103
44.2300034,0.1990469
44.2400017,0.2088904
44.2500038,0.2082842
44.2600021,0.2003185
44.2700005,0.2017782
44.2800026,0.1924610
44.2900009,0.1915118
44.3000031,0.1930367
44.3100014,0.1776705
44.3200035,0.1913208
44.3300018,0.1765606
44.3400040,0.1813972
44.3500023,0.1969338
44.3600006,0.1964008
44.3700027,0.1890039
44.3800011,0.1905412
44.3900032,0.1744729
44.4000015,0.1891699
44.4100037,0.1974164
44.4200020,0.1875678
44.4300003,0.1850373
44.4400024,0.1853198
44.4500008,0.1965324
44.4600029,0.1836448
44.4700012,0.1864129
44.4800034,0.1679480
44.4900017,0.1736472
44.5000038,0.1876258
44.5100021,0.1856501
44.5200005,0.1883733
44.5300026,0.1904875
44.5400009,0.1869019
44.5500031,0.1814227
44.5600014,0.1856416
44.5700035,0.1837686
44.5800018,0.1653446
44.5900040,0.1719037
44.6000023,0.1692224
44.6100006,0.1785967
44.6200027,0.1838402
44.6300011,0.1961033
44.6400032,0.1692387
44.6500015,0.1731104
44.6600037,0.1695495
44.6700020,0.1959702
44.6800003,0.1903975
44.6900024,0.1765661
44.7000008,0.1789468
44.7100029,0.1719422
44.7200012,0.1805475
44.7300034,0.1659025
44.7400017,0.1682059
44.7500038,0.1923679
44.7600021,0.1850555
44.7700005,0.1733554
44.7800026,0.1617449
44.7900009,0.1683656
44.8000031,0.1704019
44.8100014,0.1571707
44.8200035,0.1714177
44.8300018,0.1777506
44.8400040,0.1831428
44.8500023,0.1804640
44.8600006,0.1766803
44.8700027,0.1767372
44.8800011,0.1639914
44.8900032,0.1606564
44.9000015,0.1680869
44.9100037,0.1726838
44.9200020,0.1819935
44.9300003,0.1803677
44.9400024,0.1586867
44.9500008,0.1805408
44.9600029,0.1698472
44.9700012,0.1584375
44.9800034,0.1699951
44.9900017,0.1766315
45.0000038,0.1650211
45.0100021,0.1750380
45.0200005,0.1761525
45.0300026,0.1759861
45.0400009,0.1796819
45.0500031,0.1952625
45.0600014,0.1881924
45.0700035,0.2035814
45.0800018,0.1786816
45.0900040,0.1902076
45.1000023,0.1677052
45.1100006,0.1663409
45.1200027,0.1672835
45.1300011,0.1657978
45.1400032,0.1723663
45.1500015,0.1708667
45.1600037,0.1634888
45.1700020,0.1628385
45.1800003,0.1751921
45.1900024,0.1665343
45.2000008,0.1641802
45.2100029,0.1652560
45.2200012,0.1730421
45.2300034,0.1881843
45.2400017,0.1952204
45.2500038,0.1823053
45.2600021,0.1875637
45.2700005,0.1862830
45.2800026,0.2193292
45.2900009,0.2220531
45.3000031,0.2477263
45.3100014,0.2471744
45.3200035,0.2435696
45.3300018,0.2506218
45.3400040,0.2514685
45.3500023,0.2397434
45.3600006,0.2289030
45.3700027,0.2450655
45.3800011,0.2406647
45.3900032,0.2367157
45.4000015,0.2461010
45.4100037,0.2405716
45.4200020,0.2493755
45.4300003,0.2554666
45.4400024,0.2489273
45.4500008,0.2283506
45.4600029,0.2489165
45.4700012,0.2486222
45.4800034,0.2449559
45.4900017,0.2415983
45.5000038,0.2443146
45.5100021,0.2461175
45.5200005,0.2524408
45.5300026,0.2517386
45.5400009,0.2634774
45.5500031,0.2381622
45.5600014,0.2445587
45.5700035,0.2479864
45.5800018,0.2470550
45.5900040,0.2346725
45.6000023,0.2350955
45.6100006,0.2328665
45.6200027,0.2419750
45.6300011,0.2418145
45.6400032,0.2467728
45.6500015,0.2705204
45.6600037,0.2470381
45.6700020,0.2530576
45.6800003,0.2573747
45.6900024,0.2552857
45.7000008,0.2472111
45.7100029,0.2470412
45.7200012,0.2569279
45.7300034,0.2561432
45.7400017,0.2641172
45.7500038,0.2620865
45.7600021,0.2625465
45.7700005,0.2394790
45.7800026,0.2513954
45.7900009,0.2546984
45.8000031,0.2534373
45.8100014,0.2527454
45.8200035,0.2396818
45.8300018,0.2419485
45.8400040,0.2417321
45.8500023,0.2567299
45.8600006,0.2690179
45.8700027,0.2663108
45.8800011,0.2904136
45.8900032,0.2727638
45.9000015,0.2883771
45.9100037,0.2864017
45.9200020,0.2984443
45.9300003,0.3119988
45.9400024,0.2897639
45.9500008,0.2850720
45.9600029,0.2982582
45.9700012,0.2931123
45.9800034,0.2775636
45.9900017,0.2841868
46.0000038,0.2753175
46.0100021,0.2481731
46.0200005,0.2663653
46.0300026,0.2653114
46.0400009,0.2722167
46.0500031,0.2622827
46.0600014,0.2615941
46.0700035,0.2624438
46.0800018,0.2881472
46.0900040,0.2964921
46.1000023,0.2709461
46.1100006,0.2516248
46.1200027,0.2558232
46.1300011,0.2218523
46.1400032,0.2356118
46.1500015,0.2318099
46.1600037,0.2104019
46.1700020,0.2353926
46.1800003,0.2168837
46.1900024,0.2120255
46.2000008,0.2040567
46.2100029,0.1852040
46.2200012,0.1852508
46.2300034,0.1769300
46.2400017,0.1689892
46.2500038,0.1716577
46.2600021,0.1710859
46.2700005,0.1741958
46.2800026,0.1753429
46.2900009,0.1801306
46.3000031,0.1690841
46.3100014,0.1667341
46.3200035,0.1799055
46.3300018,0.1589800
46.3400040,0.1744484
46.3500023,0.1690976
46.3600006,0.1773093
46.3700027,0.2064004
46.3800011,0.1986595
46.3900032,0.2021386
46.4000015,0.1931618
46.4100037,0.1998460
46.4200020,0.2040077
46.4300003,0.2189658
46.4400024,0.2329570
46.4500008,0.2505732
46.4600029,0.2306171
46.4700012,0.2109713
46.4800034,0.1974628
46.4900017,0.2120919
46.5000038,0.2074739
46.5100021,0.1967430
46.5200005,0.1942329
46.5300026,0.1935804
46.5400009,0.2067480
46.5500031,0.2068587
46.5600014,0.1946002
46.5700035,0.1941348
46.5800018,0.1833371
46.5900040,0.1759051
46.6000023,0.2008694
46.6100006,0.2031612
46.6200027,0.2077853
46.6300011,0.2038023
46.6400032,0.1953776
46.6500015,0.1993053
46.6600037,0.1923864
46.6700020,0.2064738
46.6800041,0.2041916
46.6900024,0.1954108
46.7000008,0.1950584
46.7100029,0.1743090
46.7200012,0.1749680
46.7300034,0.1731341
46.7400017,0.1819036
46.7500038,0.1816855
46.7600021,0.1817522
46.7700005,0.1903114
46.7800026,0.1761497
46.7900009,0.1817724
46.8000031,0.1906274
46.8100014,0.1812555
46.8200035,0.2107548
46.8300018,0.2133062
46.8400040,0.2139873
46.8500023,0.2400076
46.8600006,0.2560754
46.8700027,0.2321281
46.8800011,0.2360968
46.8900032,0.2011399
46.9000015,0.1701240
46.9100037,0.1786930
46.9200020,0.1581159
46.9300041,0.1693730
46.9400024,0.1512213
46.9500008,0.1939760
46.9600029,0.1822176
46.9700012,0.1884574
46.9800034,0.1815959
46.9900017,0.1811066
47.0000038,0.1706480
47.0100021,0.1743606
47.0200005,0.1711333
47.0300026,0.1621234
47.0400009,0.1734987
47.0500031,0.1772333
47.0600014,0.1792468
47.0700035,0.1812607
47.0800018,0.1775468
47.0900040,0.1920332
47.1000023,0.1857386
47.1100006,0.1808334
47.1200027,0.1878868
47.1300011,0.1991809
47.1400032,0.2006917
47.1500015,0.1896614
47.1600037,0.1983456
47.1700020,0.1892889
47.1800041,0.1903759
47.1900024,0.1724522
47.2000008,0.1741235
47.2100029,0.1690088
47.2200012,0.1645335
47.2300034,0.1649697
47.2400017,0.1719815
47.2500038,0.1615152
47.2600021,0.1795363
47.2700005,0.1789901
47.2800026,0.1678999
47.2900009,0.1666195
47.3000031,0.1598981
47.3100014,0.1611575
47.3200035,0.1615723
47.3300018,0.1670779
47.3400040,0.1692011
47.3500023,0.1563424
47.3600006,0.1710164
47.3700027,0.1753318
47.3800011,0.1754469
47.3900032,0.1790983
47.4000015,0.1903461
47.4100037,0.1895899
47.4200020,0.1910308
47.4300041,0.1932622
47.4400024,0.1925088
47.4500008,0.1922095
47.4600029,0.1880251
47.4700012,0.1971799
47.4800034,0.1945212
47.4900017,0.1882154
47.5000038,0.1697703
47.5100021,0.1850880
47.5200005,0.1828366
47.5300026,0.1948569
47.5400009,0.1886267
47.5500031,0.1810410
47.5600014,0.1607360
47.5700035,0.1617528
47.5800018,0.1818811
47.5900040,0.1760931
47.6000023,0.1735952
47.6100006,0.1742619
47.6200027,0.1717148
47.6300011,0.1777777
47.6400032,0.1742532
47.6500015,0.1778950
47.6600037,0.1865050
47.6700020,0.1687524
47.6800041,0.1627687
47.6900024,0.1570948
47.7000008,0.1775406
47.7100029,0.1592962
47.7200012,0.1672253
47.7300034,0.1700735
47.7400017,0.1779828
47.7500038,0.1707828
47.7600021,0.1749295
47.7700005,0.1601792
47.7800026,0.1611664
47.7900009,0.1712005
47.8000031,0.1770800
47.8100014,0.1555464
47.8200035,0.1687546
47.8300018,0.1673573
47.8400040,0.1773632
47.8500023,0.1801669
47.8600006,0.1754688
47.8700027,0.1716992
47.8800011,0.1676252
47.8900032,0.1871376
47.9000015,0.1725305
47.9100037,0.1855278
47.9200020,0.1869086
47.9300041,0.1880926
47.9400024,0.1786354
47.9500008,0.1819394
47.9600029,0.1705323
47.9700012,0.1907301
47.9800034,0.1797976
47.9900017,0.1954663
48.0000038,0.2043481
48.0100021,0.2051599
48.0200005,0.1917496
48.0300026,0.1840361
48.0400009,0.1817297
48.0500031,0.1771501
48.0600014,0.1763385
48.0700035,0.1703621
48.0800018,0.1745168
48.0900040,0.1691428
48.1000023,0.1720282
48.1100006,0.1725065
48.1200027,0.1782997
48.1300011,0.1839867
48.1400032,0.1872022
48.1500015,0.1772514
48.1600037,0.1762052
48.1700020,0.1817695
48.1800041,0.1635493
48.1900024,0.1804049
48.2000008,0.1748292
48.2100029,0.1683905
48.2200012,0.1740009
48.2300034,0.1848392
48.2400017,0.1904372
48.2500038,0.1891989
48.2600021,0.1739023
48.2700005,0.1678915
48.2800026,0.1602552
48.2900009,0.1578414
48.3000031,0.1778264
48.3100014,0.1667253
48.3200035,0.1602624
48.3300018,0.1864442
48.3400040,0.1740239
48.3500023,0.1792868
48.3600006,0.1818691
48.3700027,0.1887070
48.3800011,0.1958390
48.3900032,0.1865039
48.4000015,0.1747518
48.4100037,0.1817374
48.4200020,0.1851582
48.4300041,0.1799000
48.4400024,0.1981766
48.4500008,0.1745310
48.4600029,0.1631327
48.4700012,0.1794491
48.4800034,0.1685246
48.4900017,0.1944333
48.5000038,0.1847808
48.5100021,0.1916377
48.5200005,0.1829904
48.5300026,0.1928878
48.5400009,0.1932849
48.5500031,0.1748946
48.5600014,0.1844417
48.5700035,0.1773645
48.5800018,0.1634577
48.5900040,0.1641670
48.6000023,0.1731186
48.6100006,0.1876527
48.6200027,0.1767222
48.6300011,0.1901086
48.6400032,0.1712779
48.6500015,0.1848542
48.6600037,0.1894427
48.6700020,0.1917967
48.6800041,0.1817117
48.6900024,0.1810246
48.7000008,0.1829648
48.7100029,0.1760905
48.7200012,0.1800184
48.7300034,0.1724838
48.7400017,0.1645592
48.7500038,0.1787209
48.7600021,0.1836941
48.7700005,0.1681952
48.7800026,0.1688442
48.7900009,0.1617932
48.8000031,0.1651804
48.8100014,0.1651934
48.8200035,0.1683134
48.8300018,0.1716882
48.8400040,0.1587914
48.8500023,0.1699207
48.8600006,0.1739443
48.8700027,0.1734576
48.8800011,0.1728714
48.8900032,0.1633775
48.9000015,0.1680704
48.9100037,0.1681954
48.9200020,0.1730034
48.9300041,0.1716399
48.9400024,0.1612187
48.9500008,0.1711818
48.9600029,0.1591156
48.9700012,0.1533151
48.9800034,0.1795882
48.9900017,0.1744772
49.0000038,0.1657709
49.0100021,0.1721474
49.0200005,0.1832427
49.0300026,0.1717160
49.0400009,0.1569977
49.0500031,0.1631136
49.0600014,0.1728739
49.0700035,0.1593650
49.0800018,0.1661984
49.0900040,0.1719426
49.1000023,0.1700219
49.1100006,0.1779097
49.1200027,0.1818842
49.1300011,0.1809895
49.1400032,0.1798662
49.1500015,0.1732219
49.1600037,0.1648514
49.1700020,0.1773912
49.1800041,0.1785689
49.1900024,0.1651585
49.2000008,0.1706296
49.2100029,0.1682219
49.2200012,0.1771403
49.2300034,0.1723622
49.2400017,0.1645531
49.2500038,0.1615680
49.2600021,0.1717812
49.2700005,0.1787995
49.2800026,0.1783788
49.2900009,0.1858854
49.3000031,0.1868302
49.3100014,0.1863673
49.3200035,0.1876733
49.3300018,0.1715993
49.3400040,0.1789502
49.3500023,0.1874046
49.3600006,0.1802803
49.3700027,0.1911018
49.3800011,0.1798738
49.3900032,0.1694542
49.4000015,0.1790214
49.4100037,0.1514355
49.4200020,0.1838556
49.4300041,0.1761510
49.4400024,0.1833010
49.4500008,0.1791089
49.4600029,0.1851482
49.4700012,0.1902714
49.4800034,0.1927620
49.4900017,0.1952273
49.5000038,0.1849381
49.5100021,0.2010074
49.5200005,0.1930768
49.5300026,0.1842517
49.5400009,0.1798632
49.5500031,0.1859539
49.5600014,0.1897009
49.5700035,0.1737515
49.5800018,0.1938704
49.5900040,0.1957544
49.6000023,0.2066536
49.6100006,0.1851646
49.6200027,0.2004550
49.6300011,0.1889215
49.6400032,0.2039395
49.6500015,0.2070728
49.6600037,0.1993561
49.6700020,0.1825231
49.6800041,0.1727213
49.6900024,0.1662084
49.7000008,0.1791030
49.7100029,0.1883727
49.7200012,0.2138161
49.7300034,0.2140731
49.7400017,0.1805430
49.7500038,0.2035155
49.7600021,0.2036740
49.7700005,0.2209720
49.7800026,0.2047108
49.7900009,0.2041965
49.8000031,0.1940720
49.8100014,0.2070367
49.8200035,0.1827804
49.8300018,0.1824045
49.8400040,0.1872168
49.8500023,0.1805004
49.8600006,0.1920694
49.8700027,0.1740153
49.8800011,0.1775917
49.8900032,0.1707742
49.9000015,0.1690779
49.9100037,0.1657343
49.9200020,0.1703566
49.9300041,0.1698204
49.9400024,0.1671241
49.9500008,0.1692390
49.9600029,0.1794673
49.9700012,0.1917268
49.9800034,0.1831026
49.9900017,0.1781374
50.0000038,0.1766191
