0.0000000,0.0000003
0.0100000,0.1057332
0.0200000,0.1443775
0.0300000,0.1457844
0.0400000,0.1412080
0.0500000,0.1424397
0.0600000,0.1591024
0.0700000,0.1828022
0.0800000,0.1760770
0.0900000,0.2050187
0.1000000,0.2080870
0.1100000,0.2496415
0.1200000,0.2161860
0.1300000,0.2027438
0.1400000,0.1886053
0.1500000,0.2135570
0.1600000,0.2045802
0.1700000,0.2128306
0.1800000,0.2189403
0.1900000,0.3094417
0.2000000,0.2711624
0.2100000,0.3219467
0.2200000,0.3036980
0.2300000,0.3041275
0.2400000,0.3049274
0.2500000,0.2321878
0.2600000,0.2394207
0.2700000,0.2366604
0.2800000,0.2301388
0.2900000,0.2670330
0.3000000,0.2873612
0.3100000,0.2710485
0.3200000,0.2616319
0.3300000,0.2632907
0.3400000,0.3044926
0.3500000,0.3092366
0.3600000,0.3196551
0.3700000,0.3117842
0.3800000,0.3325838
0.3900000,0.3287671
0.4000000,0.3213055
0.4100000,0.3107130
0.4200000,0.3193437
0.4300000,0.2875706
0.4400000,0.2950686
0.4500000,0.2918278
0.4600000,0.3379052
0.4700000,0.2814212
0.4800000,0.3271011
0.4900000,0.2861456
0.5000000,0.2942030
0.5100001,0.3164296
0.5200000,0.3477735
0.5300000,0.3502191
0.5400000,0.3338063
0.5500000,0.3872333
0.5600000,0.3325529
0.5700001,0.3321450
0.5800000,0.2970510
0.5900000,0.3457702
0.6000000,0.3250203
0.6100000,0.3245524
0.6200000,0.2920585
0.6300001,0.2864063
0.6400000,0.3366506
0.6500000,0.2893966
0.6600000,0.2690285
0.6700000,0.3020964
0.6800000,0.2856871
0.6900001,0.2815813
0.7000000,0.2870493
0.7100000,0.2936203
0.7200000,0.2838863
0.7300000,0.2588395
0.7400000,0.2744768
0.7500001,0.2606277
0.7600001,0.2645983
0.7700000,0.2939699
0.7800000,0.2852771
0.7900000,0.2708998
0.8000000,0.2895337
0.8100001,0.2851523
0.8200001,0.2962701
0.8300000,0.2913734
0.8400000,0.2807398
0.8500000,0.2950490
0.8600000,0.2937384
0.8700001,0.2690118
0.8800001,0.2966392
0.8900000,0.2756028
0.9000000,0.2855379
0.9100000,0.3506882
0.9200000,0.3360623
0.9300001,0.3547517
0.9400001,0.3475219
0.9500000,0.3599916
0.9600000,0.3708311
0.9700000,0.3581252
0.9800000,0.3648373
0.9900001,0.3476765
1.0000000,0.3421927
1.0100000,0.3459495
1.0200001,0.3473085
1.0300001,0.3385611
1.0400001,0.3590766
1.0500001,0.3268992
1.0600001,0.3127719
1.0700001,0.3257487
1.0800000,0.3264648
1.0900000,0.3189003
1.1000000,0.3176838
1.1100000,0.3337133
1.1200000,0.3127469
1.1300000,0.3152639
1.1400001,0.3613911
1.1500001,0.3206830
1.1600001,0.3083568
1.1700001,0.3160529
1.1800001,0.3243092
1.1900001,0.2997168
1.2000000,0.3000764
1.2100000,0.3157205
1.2200000,0.3326595
1.2300000,0.3206036
1.2400000,0.3122563
1.2500000,0.3162112
1.2600001,0.3283995
1.2700001,0.3245267
1.2800001,0.2952469
1.2900001,0.2958996
1.3000001,0.3088526
1.3100001,0.3061736
1.3200001,0.3037334
1.3300000,0.3346206
1.3400000,0.3244682
1.3500000,0.3125169
1.3600000,0.3073400
1.3700001,0.3235595
1.3800001,0.3286364
1.3900001,0.3388543
1.4000001,0.3513943
1.4100001,0.3445883
1.4200001,0.3482694
1.4300001,0.3159948
1.4400001,0.3364026
1.4500000,0.3041711
1.4600000,0.3031338
1.4700000,0.3232979
1.4800000,0.3026981
1.4900001,0.3073204
1.5000001,0.2928230
1.5100001,0.3116148
1.5200001,0.3160466
1.5300001,0.2886351
1.5400001,0.2816682
1.5500001,0.2899710
1.5600001,0.2922424
1.5700001,0.2888139
1.5800000,0.3167325
1.5900000,0.2842500
1.6000000,0.3193643
1.6100001,0.3125666
1.6200001,0.3112392
1.6300001,0.3438977
1.6400001,0.3184177
1.6500001,0.3107356
1.6600001,0.3097481
1.6700001,0.3035240
1.6800001,0.3186710
1.6900001,0.3252859
1.7000000,0.3378166
1.7100000,0.3286683
1.7200000,0.3438880
1.7300001,0.3303590
1.7400001,0.3293252
1.7500001,0.3709919
1.7600001,0.3985434
1.7700001,0.4132497
1.7800001,0.4056257
1.7900001,0.3608998
1.8000001,0.3146303
1.8100001,0.3546458
1.8200001,0.3482097
1.8300000,0.3567961
1.8400000,0.3535502
1.8500001,0.3182039
1.8600001,0.3014431
1.8700001,0.3410775
1.8800001,0.3492470
1.8900001,0.3263115
1.9000001,0.3555194
1.9100001,0.3635510
1.9200001,0.3355656
1.9300001,0.3171436
1.9400001,0.2986757
1.9500000,0.3058959
1.9600000,0.2725321
1.9700001,0.2780092
1.9800001,0.3188174
1.9900001,0.2956075
2.0000000,0.2953444
2.0100000,0.2887493
2.0200000,0.2832236
2.0300002,0.2671551
2.0400002,0.2465564
2.0500002,0.2700654
2.0600002,0.2597914
2.0700002,0.2547177
2.0800002,0.2608348
2.0900002,0.2460347
2.1000001,0.2680947
2.1100001,0.2524244
2.1200001,0.2973816
2.1300001,0.2613514
2.1400001,0.2777377
2.1500001,0.2807969
2.1600001,0.2569249
2.1700001,0.2633058
2.1800001,0.3161919
2.1900001,0.2834828
2.2000000,0.2840457
2.2100000,0.3118629
2.2200000,0.3029131
2.2300000,0.2940302
2.2400000,0.3091931
2.2500000,0.3033708
2.2600000,0.2789905
2.2700002,0.3040381
2.2800002,0.3398914
2.2900002,0.3533565
2.3000002,0.3509606
2.3100002,0.3527532
2.3200002,0.3424935
2.3300002,0.3467430
2.3400002,0.3385506
2.3500001,0.3401946
2.3600001,0.3546430
2.3700001,0.3950691
2.3800001,0.3872197
2.3900001,0.3846236
2.4000001,0.3718002
2.4100001,0.3546415
2.4200001,0.3566658
2.4300001,0.3683485
2.4400001,0.3430191
2.4500000,0.3237510
2.4600000,0.3515497
2.4700000,0.3566080
2.4800000,0.3394479
2.4900000,0.3237577
2.5000000,0.3227846
2.5100002,0.3193142
2.5200002,0.3127106
2.5300002,0.3364611
2.5400002,0.3453373
2.5500002,0.3535762
2.5600002,0.3587306
2.5700002,0.3686647
2.5800002,0.3468251
2.5900002,0.3168727
2.6000001,0.3152597
2.6100001,0.3276953
2.6200001,0.3586974
2.6300001,0.3496383
2.6400001,0.3381259
2.6500001,0.3222597
2.6600001,0.3337402
2.6700001,0.3267871
2.6800001,0.3157292
2.6900001,0.3526532
2.7000000,0.3402412
2.7100000,0.3295585
2.7200000,0.3346316
2.7300000,0.3233025
2.7400002,0.3290934
2.7500002,0.3097810
2.7600002,0.3051562
2.7700002,0.3164659
2.7800002,0.3362718
2.7900002,0.3345817
2.8000002,0.3364038
2.8100002,0.2985307
2.8200002,0.3237664
2.8300002,0.3141547
2.8400002,0.2980886
2.8500001,0.2983939
2.8600001,0.3246622
2.8700001,0.3372294
2.8800001,0.3276536
2.8900001,0.3462556
2.9000001,0.3525831
2.9100001,0.3158842
2.9200001,0.3517132
2.9300001,0.3529049
2.9400001,0.3515278
2.9500000,0.3634388
2.9600000,0.3716892
2.9700000,0.3293656
2.9800003,0.3132841
2.9900002,0.3389034
3.0000002,0.3437058
3.0100002,0.3363995
3.0200002,0.3226737
3.0300002,0.3386699
3.0400002,0.3445824
3.0500002,0.3512834
3.0600002,0.3587992
3.0700002,0.3588199
3.0800002,0.3614694
3.0900002,0.3446980
3.1000001,0.3355476
3.1100001,0.3096529
3.1200001,0.2994258
3.1300001,0.2816218
3.1400001,0.3250822
3.1500001,0.3229159
3.1600001,0.3432902
3.1700001,0.3059973
3.1800001,0.2791830
3.1900001,0.2966881
3.2000000,0.2904350
3.2100000,0.3297771
3.2200003,0.2775093
3.2300003,0.2875443
3.2400002,0.2974520
3.2500002,0.2857611
3.2600002,0.3223936
3.2700002,0.3553650
3.2800002,0.3422810
3.2900002,0.2967177
3.3000002,0.3080800
3.3100002,0.3141901
3.3200002,0.3204765
3.3300002,0.3176493
3.3400002,0.3315100
3.3500001,0.3075283
3.3600001,0.3054850
3.3700001,0.2822383
3.3800001,0.2835622
3.3900001,0.3209884
3.4000001,0.3141649
3.4100001,0.3308091
3.4200001,0.3668297
3.4300001,0.3579529
3.4400001,0.3247450
3.4500000,0.3193404
3.4600003,0.3052616
3.4700003,0.2928542
3.4800003,0.2812429
3.4900002,0.3134258
3.5000002,0.3213933
3.5100002,0.3245482
3.5200002,0.3067410
3.5300002,0.2977433
3.5400002,0.3187979
3.5500002,0.3196473
3.5600002,0.3226424
3.5700002,0.3284635
3.5800002,0.3235688
3.5900002,0.3383848
3.6000001,0.3490000
3.6100001,0.3186103
3.6200001,0.3113385
3.6300001,0.3431815
3.6400001,0.3228442
3.6500001,0.2803037
3.6600001,0.3013090
3.6700001,0.3048487
3.6800001,0.3297675
3.6900001,0.2981843
3.7000003,0.3095542
3.7100003,0.2731040
3.7200003,0.2918522
3.7300003,0.3085642
3.7400002,0.2920865
3.7500002,0.2735951
3.7600002,0.2778212
3.7700002,0.2985894
3.7800002,0.2502375
3.7900002,0.2322415
3.8000002,0.2617108
3.8100002,0.2465516
3.8200002,0.2830969
3.8300002,0.2913649
3.8400002,0.2896483
3.8500001,0.2739326
3.8600001,0.2507244
3.8700001,0.2508110
3.8800001,0.2435658
3.8900001,0.2622221
3.9000001,0.2818286
3.9100001,0.2583872
3.9200001,0.2549165
3.9300003,0.2629627
3.9400003,0.2810293
3.9500003,0.2557216
3.9600003,0.2613462
3.9700003,0.2699321
3.9800003,0.2429175
3.9900002,0.2684776
4.0000000,0.2734616
4.0100002,0.2612780
4.0200000,0.1977687
4.0300002,0.2141452
4.0400000,0.1952647
4.0500002,0.1925884
4.0600004,0.2156088
4.0700002,0.2079222
4.0800004,0.2406559
4.0900002,0.2340120
4.1000004,0.2430703
4.1100001,0.2273375
4.1200004,0.1881437
4.1300001,0.1868744
4.1400003,0.1950148
4.1500001,0.1884275
4.1600003,0.2230925
4.1700001,0.2163679
4.1800003,0.2091645
4.1900001,0.2263774
4.2000003,0.2185572
4.2100000,0.2000002
4.2200003,0.1978684
4.2300000,0.1905284
4.2400002,0.2010920
4.2500000,0.2033476
4.2600002,0.2061018
4.2700000,0.2372250
4.2800002,0.2279941
4.2900004,0.2152909
4.3000002,0.2081039
4.3100004,0.2069472
4.3200002,0.2075422
4.3300004,0.2191243
4.3400002,0.2106783
4.3500004,0.2151676
4.3600001,0.2209540
4.3700004,0.2275735
4.3800001,0.2074815
4.3900003,0.2157859
4.4000001,0.2228850
4.4100003,0.2295971
4.4200001,0.2107285
4.4300003,0.2133805
4.4400001,0.2016456
4.4500003,0.1996644
4.4600000,0.1891771
4.4700003,0.2169239
4.4800000,0.2216726
4.4900002,0.2161250
4.5000000,0.2107590
4.5100002,0.1907573
4.5200000,0.1978886
4.5300002,0.2008841
4.5400004,0.1745475
4.5500002,0.1772803
4.5600004,0.1788751
4.5700002,0.1646952
4.5800004,0.1754328
4.5900002,0.1825326
4.6000004,0.1784970
4.6100001,0.1800878
4.6200004,0.1901938
4.6300001,0.2213150
4.6400003,0.2100056
4.6500001,0.2049265
4.6600003,0.2148089
4.6700001,0.2007538
4.6800003,0.1868728
4.6900001,0.1749337
4.7000003,0.2048530
4.7100000,0.1907587
4.7200003,0.1556493
4.7300000,0.1818428
4.7400002,0.1760286
4.7500000,0.1795166
4.7600002,0.1936355
4.7700005,0.1933143
4.7800002,0.1980398
4.7900004,0.1931099
4.8000002,0.1834077
4.8100004,0.1674196
4.8200002,0.1928067
4.8300004,0.1905545
4.8400002,0.1994438
4.8500004,0.1697272
4.8600001,0.1726398
4.8700004,0.1724202
4.8800001,0.1667601
4.8900003,0.1760336
4.9000001,0.1645763
4.9100003,0.1685840
4.9200001,0.1762585
4.9300003,0.1691983
4.9400001,0.1751857
4.9500003,0.1675946
4.9600000,0.1644640
4.9700003,0.1552427
4.9800000,0.1647945
4.9900002,0.1631311
5.0000000,0.1535269
5.0100002,0.1536511
5.0200005,0.1552684
5.0300002,0.1522645
5.0400004,0.1730582
5.0500002,0.1575779
5.0600004,0.1692511
5.0700002,0.1666508
5.0800004,0.1547687
5.0900002,0.1775287
5.1000004,0.1858367
5.1100001,0.1924017
5.1200004,0.1962325
5.1300001,0.1663940
5.1400003,0.1661762
5.1500001,0.1788394
5.1600003,0.1619425
5.1700001,0.1641263
5.1800003,0.1627636
5.1900001,0.1639858
5.2000003,0.1761235
5.2100000,0.1973844
5.2200003,0.2072844
5.2300000,0.1682426
5.2400002,0.1805809
5.2500005,0.1825442
5.2600002,0.1836623
5.2700005,0.1787464
5.2800002,0.1994599
5.2900004,0.1749483
5.3000002,0.1598619
5.3100004,0.2093656
5.3200002,0.1660867
5.3300004,0.1749716
5.3400002,0.1687501
5.3500004,0.1847199
5.3600001,0.1757761
5.3700004,0.1817127
5.3800001,0.2063564
5.3900003,0.1938037
5.4000001,0.2089812
5.4100003,0.1938558
5.4200001,0.2009867
5.4300003,0.2127613
5.4400001,0.2189669
5.4500003,0.2160541
5.4600000,0.1867864
5.4700003,0.1934080
5.4800005,0.1945514
5.4900002,0.1935923
5.5000005,0.2063014
5.5100002,0.2086178
5.5200005,0.1972147
5.5300002,0.1908439
5.5400004,0.1877066
5.5500002,0.1966041
5.5600004,0.1932022
5.5700002,0.1819054
5.5800004,0.1893485
5.5900002,0.1772853
5.6000004,0.1930053
5.6100001,0.2128183
5.6200004,0.2018279
5.6300001,0.1922205
5.6400003,0.2029079
5.6500001,0.1901951
5.6600003,0.2127227
5.6700001,0.2117384
5.6800003,0.2065377
5.6900001,0.2146701
5.7000003,0.1843651
5.7100000,0.1845270
5.7200003,0.2079618
5.7300005,0.1798722
5.7400002,0.1846439
5.7500005,0.1832458
5.7600002,0.1951025
5.7700005,0.1808020
5.7800002,0.1779803
5.7900004,0.1925212
5.8000002,0.1959706
5.8100004,0.2057621
5.8200002,0.2062402
5.8300004,0.1956545
5.8400002,0.2007613
5.8500004,0.1910960
5.8600001,0.1886376
5.8700004,0.1838332
5.8800001,0.1847426
5.8900003,0.1859967
5.9000001,0.1614401
5.9100003,0.1720105
5.9200001,0.1775621
5.9300003,0.1955980
5.9400001,0.1747235
5.9500003,0.1736586
5.9600005,0.1854541
5.9700003,0.1740613
5.9800005,0.1872702
5.9900002,0.1787385
6.0000005,0.1804947
6.0100002,0.1828104
6.0200005,0.1752280
6.0300002,0.1735081
6.0400004,0.1844787
6.0500002,0.1706817
6.0600004,0.1818273
6.0700002,0.1882245
6.0800004,0.1958772
6.0900002,0.1813595
6.1000004,0.2027633
6.1100001,0.1965357
6.1200004,0.2198473
6.1300001,0.2274004
6.1400003,0.2202811
6.1500001,0.1942893
6.1600003,0.2216749
6.1700001,0.2331021
6.1800003,0.2460800
6.1900001,0.2191159
6.2000003,0.1932506
6.2100005,0.1972505
6.2200003,0.2081299
6.2300005,0.2054374
6.2400002,0.2278234
6.2500005,0.2431071
6.2600002,0.2522314
6.2700005,0.2422542
6.2800002,0.2272630
6.2900004,0.2312636
6.3000002,0.2294462
6.3100004,0.2250608
6.3200002,0.2028348
6.3300004,0.2044385
6.3400002,0.1694254
6.3500004,0.1755757
6.3600001,0.1731071
6.3700004,0.1891770
6.3800001,0.1726480
6.3900003,0.1737696
6.4000001,0.1892249
6.4100003,0.1821991
6.4200001,0.1749152
6.4300003,0.1780697
6.4400005,0.1801500
6.4500003,0.1685526
6.4600005,0.1726369
6.4700003,0.1617289
6.4800005,0.1718065
6.4900002,0.1718458
6.5000005,0.1868812
6.5100002,0.1707813
6.5200005,0.1704737
6.5300002,0.1790697
6.5400004,0.1648065
6.5500002,0.1742173
6.5600004,0.1816231
6.5700002,0.1907472
6.5800004,0.1836465
6.5900002,0.2163663
6.6000004,0.2019689
6.6100001,0.1951273
6.6200004,0.2030925
6.6300001,0.1985226
6.6400003,0.1904657
6.6500001,0.1827894
6.6600003,0.1782495
6.6700006,0.1756061
6.6800003,0.1988092
6.6900005,0.2048762
6.7000003,0.2228140
6.7100005,0.2109425
6.7200003,0.2104420
6.7300005,0.2191441
6.7400002,0.2079002
6.7500005,0.2300650
6.7600002,0.2175500
6.7700005,0.2047442
6.7800002,0.2032031
6.7900004,0.1971957
6.8000002,0.1918385
6.8100004,0.1746469
6.8200002,0.1859816
6.8300004,0.1723997
6.8400002,0.1844571
6.8500004,0.1807641
6.8600001,0.1899176
6.8700004,0.1931213
6.8800001,0.1925076
6.8900003,0.1940619
6.9000001,0.1945505
6.9100003,0.1899015
6.9200006,0.1928859
6.9300003,0.1840222
6.9400005,0.1927875
6.9500003,0.1742391
6.9600005,0.2056315
6.9700003,0.1987446
6.9800005,0.1891636
6.9900002,0.1923628
7.0000005,0.2037624
7.0100002,0.1950592
7.0200005,0.1883185
7.0300002,0.1800481
7.0400004,0.1965560
7.0500002,0.2019080
7.0600004,0.1947994
7.0700002,0.1915618
7.0800004,0.2029065
7.0900002,0.1886466
7.1000004,0.1890350
7.1100001,0.1742679
7.1200004,0.1679779
7.1300001,0.1776321
7.1400003,0.1837008
7.1500006,0.1993636
7.1600003,0.1904230
7.1700006,0.2077142
7.1800003,0.1993188
7.1900005,0.2077250
7.2000003,0.1925335
7.2100005,0.2123561
7.2200003,0.2003686
7.2300005,0.2049740
7.2400002,0.1943364
7.2500005,0.1842810
7.2600002,0.1840064
7.2700005,0.1980726
7.2800002,0.1916052
7.2900004,0.1965123
7.3000002,0.1908762
7.3100004,0.1846164
7.3200002,0.1923192
7.3300004,0.1815115
7.3400002,0.1812645
7.3500004,0.1913246
7.3600001,0.2008073
7.3700004,0.1925743
7.3800001,0.1872250
7.3900003,0.1834775
7.4000006,0.1770815
7.4100003,0.2003306
7.4200006,0.1816747
7.4300003,0.1917340
7.4400005,0.1935233
7.4500003,0.1861749
7.4600005,0.1953298
7.4700003,0.2055621
7.4800005,0.2015613
7.4900002,0.2019416
7.5000005,0.1913038
7.5100002,0.1880273
7.5200005,0.1871653
7.5300002,0.1918355
7.5400004,0.1887302
7.5500002,0.1890297
7.5600004,0.1970733
7.5700002,0.1931051
7.5800004,0.1965497
7.5900002,0.1981231
7.6000004,0.2123934
7.6100001,0.2200838
7.6200004,0.2073243
7.6300006,0.2071009
7.6400003,0.2012447
7.6500006,0.2085542
7.6600003,0.2032322
7.6700006,0.2207120
7.6800003,0.2256382
7.6900005,0.2181894
7.7000003,0.2335639
7.7100005,0.2411937
7.7200003,0.2176924
7.7300005,0.2440466
7.7400002,0.2267463
7.7500005,0.2222937
7.7600002,0.2243556
7.7700005,0.2163706
7.7800002,0.2148775
7.7900004,0.2165733
7.8000002,0.2180422
7.8100004,0.2216030
7.8200002,0.2178666
7.8300004,0.2166358
7.8400002,0.1971310
7.8500004,0.2186653
7.8600006,0.2185973
7.8700004,0.2232780
7.8800006,0.2202722
7.8900003,0.2137479
7.9000006,0.2448728
7.9100003,0.2518604
7.9200006,0.2620516
7.9300003,0.2523481
7.9400005,0.2298734
7.9500003,0.2208121
7.9600005,0.2322673
7.9700003,0.2429541
7.9800005,0.2275544
7.9900002,0.2358886
8.0000000,0.2341225
8.0100002,0.2341775
8.0200005,0.2288873
8.0300007,0.2131275
8.0400000,0.2084024
8.0500002,0.2227438
8.0600004,0.2390803
8.0700006,0.2310175
8.0799999,0.2178286
8.0900002,0.2432795
8.1000004,0.2358185
8.1100006,0.2388911
8.1200008,0.2436287
8.1300001,0.2426108
8.1400003,0.2428191
8.1500006,0.2309340
8.1600008,0.2471492
8.1700001,0.2487772
8.1800003,0.2384000
8.1900005,0.2322588
8.2000008,0.2316168
8.2100000,0.2293862
8.2200003,0.2445357
8.2300005,0.2390375
8.2400007,0.2416543
8.2500000,0.2490912
8.2600002,0.2375816
8.2700005,0.2233670
8.2800007,0.2418582
8.2900000,0.2220820
8.3000002,0.2359443
8.3100004,0.2344443
8.3200006,0.2290718
8.3299999,0.2302801
8.3400002,0.2482277
8.3500004,0.2437552
8.3600006,0.2255872
8.3700008,0.2450405
8.3800001,0.2413663
8.3900003,0.2382993
8.4000006,0.2594856
8.4100008,0.2554440
8.4200001,0.2341356
8.4300003,0.2430757
8.4400005,0.2499114
8.4500008,0.2412240
8.4600000,0.2393893
8.4700003,0.2278681
8.4800005,0.2267411
8.4900007,0.2250185
8.5000000,0.2367346
8.5100002,0.2289954
8.5200005,0.2245859
8.5300007,0.2199681
8.5400000,0.2129923
8.5500002,0.2341761
8.5600004,0.2264510
8.5700006,0.2381235
8.5800009,0.2531984
8.5900002,0.2620128
8.6000004,0.2604416
8.6100006,0.2611792
8.6200008,0.2451337
8.6300001,0.2638931
8.6400003,0.2767583
8.6500006,0.2754847
8.6600008,0.2987851
8.6700001,0.2676999
8.6800003,0.2572286
8.6900005,0.2648991
8.7000008,0.2429254
8.7100000,0.2447388
8.7200003,0.2263968
8.7300005,0.2068619
8.7400007,0.2032867
8.7500000,0.2120720
8.7600002,0.2189202
8.7700005,0.2055840
8.7800007,0.2157261
8.7900000,0.2116226
8.8000002,0.2259365
8.8100004,0.2055701
8.8200006,0.2265106
8.8300009,0.2328710
8.8400002,0.2380506
8.8500004,0.2474823
8.8600006,0.2370439
8.8700008,0.2617950
8.8800001,0.2553205
8.8900003,0.2343345
8.9000006,0.2384758
8.9100008,0.2423170
8.9200001,0.2431594
8.9300003,0.2685497
8.9400005,0.2771079
8.9500008,0.3046792
8.9600000,0.2816792
8.9700003,0.2722299
8.9800005,0.2987134
8.9900007,0.2609697
9.0000000,0.2518369
9.0100002,0.2216752
9.0200005,0.2363844
9.0300007,0.2200192
9.0400000,0.2442875
9.0500002,0.2239460
9.0600004,0.2326701
9.0700006,0.2068329
9.0800009,0.2347252
9.0900002,0.2295028
9.1000004,0.2269307
9.1100006,0.2037843
9.1200008,0.2047625
9.1300001,0.2229052
9.1400003,0.2235968
9.1500006,0.2360066
9.1600008,0.2279044
9.1700001,0.2214708
9.1800003,0.2344513
9.1900005,0.2459287
9.2000008,0.2508126
9.2100000,0.2455292
9.2200003,0.2247463
9.2300005,0.2238787
9.2400007,0.2268104
9.2500000,0.2321523
9.2600002,0.2644164
9.2700005,0.2466478
9.2800007,0.2210217
9.2900009,0.2466203
9.3000002,0.2287827
9.3100004,0.2424361
9.3200006,0.2396570
9.3300009,0.2506743
9.3400002,0.2468839
9.3500004,0.2478623
9.3600006,0.2754833
9.3700008,0.2622267
9.3800001,0.2531848
9.3900003,0.2577606
9.4000006,0.2648212
9.4100008,0.2545779
9.4200001,0.2724476
9.4300003,0.2680350
9.4400005,0.2654819
9.4500008,0.2550749
9.4600000,0.2667106
9.4700003,0.2718756
9.4800005,0.2719561
9.4900007,0.2751885
9.5000000,0.2511127
9.5100002,0.2575303
9.5200005,0.2542024
9.5300007,0.2606916
9.5400009,0.2513951
9.5500002,0.2657723
9.5600004,0.2588337
9.5700006,0.2572704
9.5800009,0.2564792
9.5900002,0.2544144
9.6000004,0.2542051
9.6100006,0.2588531
9.6200008,0.2575642
9.6300001,0.2577768
9.6400003,0.2545006
9.6500006,0.2683566
9.6600008,0.2769060
9.6700001,0.2741073
9.6800003,0.2614961
9.6900005,0.2794707
9.7000008,0.2757146
9.7100000,0.2745075
9.7200003,0.2592757
9.7300005,0.2491005
9.7400007,0.2539831
9.7500000,0.2505721
9.7600002,0.2617517
9.7700005,0.2534195
9.7800007,0.2622150
9.7900009,0.2568366
9.8000002,0.2602257
9.8100004,0.2681252
9.8200006,0.2709138
9.8300009,0.2878473
9.8400002,0.2718171
9.8500004,0.2643199
9.8600006,0.2782619
9.8700008,0.2970138
9.8800001,0.3064886
9.8900003,0.2916856
9.9000006,0.2887443
9.9100008,0.2748873
9.9200001,0.2885638
9.9300003,0.2866763
9.9400005,0.2848869
9.9500008,0.2763977
9.9600000,0.2798442
9.9700003,0.2903126
9.9800005,0.2866095
9.9900007,0.2869650
10.0000000,0.2947677
10.0100002,0.2879118
10.0200005,0.2910418
10.0300007,0.2935825
10.0400009,0.2783296
10.0500002,0.2854119
10.0600004,0.2840143
10.0700006,0.2687524
10.0800009,0.2382976
10.0900002,0.2577767
10.1000004,0.2846277
10.1100006,0.2692121
10.1200008,0.2853419
10.1300001,0.3137271
10.1400003,0.2846496
10.1500006,0.2957666
10.1600008,0.2847992
10.1700001,0.2900814
10.1800003,0.2708349
10.1900005,0.2513913
10.2000008,0.2409433
10.2100000,0.2302774
10.2200003,0.2264894
10.2300005,0.2364484
10.2400007,0.2262670
10.2500010,0.2227071
10.2600002,0.2205574
10.2700005,0.2154404
10.2800007,0.2109217
10.2900009,0.1995498
10.3000002,0.1980160
10.3100004,0.1817703
10.3200006,0.1803710
10.3300009,0.1881676
10.3400002,0.1942559
10.3500004,0.1792036
10.3600006,0.1820428
10.3700008,0.1961781
10.3800001,0.1902726
10.3900003,0.1847138
10.4000006,0.2116937
10.4100008,0.2023771
10.4200001,0.1988896
10.4300003,0.2069259
10.4400005,0.2108851
10.4500008,0.2091286
10.4600000,0.2028682
10.4700003,0.2248393
10.4800005,0.2120994
10.4900007,0.2131632
10.5000010,0.2134932
10.5100002,0.2196340
10.5200005,0.2234719
10.5300007,0.2190057
10.5400009,0.2269383
10.5500002,0.2182968
10.5600004,0.2155369
10.5700006,0.2254152
10.5800009,0.2106392
10.5900002,0.2242853
10.6000004,0.2219447
10.6100006,0.2160974
10.6200008,0.2007449
10.6300001,0.2068773
10.6400003,0.2155837
10.6500006,0.2070092
10.6600008,0.1854986
10.6700001,0.1805640
10.6800003,0.1811837
10.6900005,0.1774065
10.7000008,0.1921848
10.7100000,0.2101064
10.7200003,0.2034978
10.7300005,0.1968087
10.7400007,0.1979614
10.7500010,0.1865280
10.7600002,0.1839955
10.7700005,0.2030299
10.7800007,0.1816999
10.7900009,0.1928365
10.8000002,0.1959677
10.8100004,0.2105941
10.8200006,0.2044235
10.8300009,0.2199220
10.8400002,0.2150115
10.8500004,0.2117591
10.8600006,0.1918226
10.8700008,0.2096454
10.8800001,0.2047954
10.8900003,0.2083094
10.9000006,0.2359218
10.9100008,0.2192142
10.9200001,0.2186262
10.9300003,0.2284557
10.9400005,0.2165588
10.9500008,0.2410161
10.9600010,0.2478961
10.9700003,0.2469696
10.9800005,0.2443090
10.9900007,0.2374371
11.0000010,0.2166117
11.0100002,0.1979370
11.0200005,0.2045895
11.0300007,0.2094997
11.0400009,0.2200776
11.0500002,0.1908794
11.0600004,0.1891382
11.0700006,0.2014715
11.0800009,0.1939423
11.0900002,0.1880299
11.1000004,0.1859233
11.1100006,0.1956747
11.1200008,0.1898298
11.1300001,0.1925252
11.1400003,0.1936979
11.1500006,0.2078436
11.1600008,0.2029147
11.1700001,0.2095751
11.1800003,0.2212129
11.1900005,0.2197875
11.2000008,0.2169455
11.2100010,0.1989458
11.2200003,0.1993781
11.2300005,0.1964838
11.2400007,0.2008731
11.2500010,0.2001437
11.2600002,0.1918613
11.2700005,0.2172575
11.2800007,0.2444986
11.2900009,0.2358643
11.3000002,0.2311792
11.3100004,0.2381720
11.3200006,0.2514063
11.3300009,0.2516476
11.3400002,0.2625750
11.3500004,0.2901789
11.3600006,0.2989244
11.3700008,0.2946877
11.3800001,0.2769547
11.3900003,0.2885149
11.4000006,0.2827541
11.4100008,0.2608201
11.4200001,0.2658704
11.4300003,0.2720860
11.4400005,0.2943356
11.4500008,0.3003124
11.4600010,0.2658467
11.4700003,0.2350835
11.4800005,0.2317414
11.4900007,0.2339499
11.5000010,0.2717200
11.5100002,0.2540303
11.5200005,0.2550791
11.5300007,0.2487594
11.5400009,0.2534459
11.5500002,0.2523761
11.5600004,0.2359005
11.5700006,0.2320099
11.5800009,0.2373943
11.5900002,0.2296277
11.6000004,0.2263719
11.6100006,0.2404285
11.6200008,0.2286324
11.6300001,0.2022469
11.6400003,0.2030385
11.6500006,0.2024599
11.6600008,0.2019777
11.6700010,0.1949145
11.6800003,0.1849426
11.6900005,0.1904068
11.7000008,0.1958335
11.7100010,0.2406159
11.7200003,0.2322706
11.7300005,0.2120774
11.7400007,0.2074132
11.7500010,0.1678770
11.7600002,0.1894073
11.7700005,0.1948117
11.7800007,0.2069874
11.7900009,0.1966023
11.8000002,0.1978246
11.8100004,0.2018283
11.8200006,0.1898233
11.8300009,0.2070405
11.8400002,0.1932971
11.8500004,0.1804760
11.8600006,0.1809167
11.8700008,0.1881968
11.8800001,0.1866870
11.8900003,0.1996195
11.9000006,0.1873690
11.9100008,0.1998255
11.9200010,0.1955178
11.9300003,0.1990372
11.9400005,0.1919195
11.9500008,0.1903465
11.9600010,0.2099370
11.9700003,0.2078600
11.9800005,0.1996229
11.9900007,0.1932576
12.0000010,0.2051312
12.0100002,0.2027021
12.0200005,0.2047502
12.0300007,0.2093668
12.0400009,0.2014006
12.0500002,0.2002039
12.0600004,0.2110796
12.0700006,0.1986124
12.0800009,0.1903923
12.0900002,0.1874111
12.1000004,0.1751742
12.1100006,0.1948054
12.1200008,0.1884932
12.1300001,0.1929714
12.1400003,0.1894140
12.1500006,0.1950790
12.1600008,0.1944293
12.1700010,0.1936222
12.1800003,0.1918862
12.1900005,0.1826955
12.2000008,0.1775997
12.2100010,0.1849693
12.2200003,0.1953036
12.2300005,0.1682789
12.2400007,0.1716092
12.2500010,0.1732107
12.2600002,0.1859137
12.2700005,0.1850516
12.2800007,0.1785961
12.2900009,0.1822481
12.3000002,0.1806253
12.3100004,0.1927240
12.3200006,0.2116458
12.3300009,0.1969896
12.3400002,0.1945499
12.3500004,0.1887470
12.3600006,0.1917646
12.3700008,0.1787911
12.3800001,0.1919404
12.3900003,0.1864168
12.4000006,0.1843667
12.4100008,0.1752224
12.4200010,0.1746669
12.4300003,0.1673842
12.4400005,0.1685538
12.4500008,0.1817294
12.4600010,0.1699591
12.4700003,0.1689511
12.4800005,0.1708265
12.4900007,0.1761155
12.5000010,0.1861052
12.5100002,0.1837502
12.5200005,0.1786655
12.5300007,0.1766969
12.5400009,0.1761553
12.5500002,0.1869815
12.5600004,0.1831999
12.5700006,0.1829732
12.5800009,0.1816879
12.5900002,0.1859368
12.6000004,0.1965387
12.6100006,0.1864355
12.6200008,0.1751100
12.6300011,0.1893615
12.6400003,0.1927717
12.6500006,0.2041826
12.6600008,0.1944710
12.6700010,0.1890889
12.6800003,0.1809983
12.6900005,0.1889005
12.7000008,0.1829899
12.7100010,0.1891844
12.7200003,0.1975468
12.7300005,0.1804516
12.7400007,0.1826571
12.7500010,0.1856021
12.7600002,0.1813764
12.7700005,0.1906454
12.7800007,0.1994376
12.7900009,0.2018652
12.8000002,0.1837195
12.8100004,0.2012254
12.8200006,0.2021137
12.8300009,0.1933870
12.8400002,0.1999041
12.8500004,0.1852893
12.8600006,0.2053418
12.8700008,0.2044794
12.8800011,0.1973127
12.8900003,0.1877318
12.9000006,0.2058904
12.9100008,0.2000174
12.9200010,0.2262978
12.9300003,0.1883328
12.9400005,0.1982786
12.9500008,0.2029109
12.9600010,0.1923041
12.9700003,0.1948444
12.9800005,0.2019238
12.9900007,0.1977135
13.0000010,0.1932351
13.0100002,0.2204418
13.0200005,0.1985094
13.0300007,0.2110117
13.0400009,0.2083027
13.0500002,0.2398166
13.0600004,0.2400839
13.0700006,0.2220102
13.0800009,0.2071658
13.0900002,0.2022839
13.1000004,0.1890658
13.1100006,0.2030015
13.1200008,0.1841575
13.1300011,0.1974123
13.1400003,0.1815197
13.1500006,0.1891860
13.1600008,0.1812090
13.1700010,0.1784929
13.1800003,0.1738324
13.1900005,0.1863089
13.2000008,0.1792453
13.2100010,0.1959288
13.2200003,0.1908177
13.2300005,0.1827948
13.2400007,0.1638262
13.2500010,0.1661068
13.2600002,0.1839887
13.2700005,0.1915058
13.2800007,0.1880278
13.2900009,0.1774709
13.3000002,0.1664145
13.3100004,0.1902713
13.3200006,0.1794726
13.3300009,0.1765502
13.3400011,0.2077937
13.3500004,0.1836719
13.3600006,0.1966205
13.3700008,0.1858909
13.3800011,0.2034676
13.3900003,0.1985148
13.4000006,0.1859456
13.4100008,0.1835352
13.4200010,0.1734424
13.4300003,0.1630046
13.4400005,0.1747207
13.4500008,0.1783281
13.4600010,0.1761573
13.4700003,0.1801663
13.4800005,0.1797706
13.4900007,0.1916897
13.5000010,0.1828389
13.5100002,0.1908964
13.5200005,0.1888164
13.5300007,0.2068607
13.5400009,0.1992127
13.5500002,0.1872141
13.5600004,0.1784640
13.5700006,0.1933464
13.5800009,0.2066661
13.5900011,0.1845814
13.6000004,0.1803736
13.6100006,0.2033544
13.6200008,0.2039211
13.6300011,0.1830633
13.6400003,0.1955284
13.6500006,0.1875828
13.6600008,0.1899433
13.6700010,0.1813239
13.6800003,0.1809005
13.6900005,0.1884588
13.7000008,0.1797906
13.7100010,0.1656851
13.7200003,0.1991853
13.7300005,0.1737753
13.7400007,0.1919896
13.7500010,0.1929172
13.7600002,0.1846920
13.7700005,0.1915966
13.7800007,0.1749455
13.7900009,0.1767398
13.8000002,0.1824395
13.8100004,0.1858424
13.8200006,0.1836585
13.8300009,0.1878280
13.8400011,0.1665132
13.8500004,0.1913395
13.8600006,0.1718778
13.8700008,0.1913981
13.8800011,0.1724419
13.8900003,0.1799509
13.9000006,0.1818150
13.9100008,0.1922601
13.9200010,0.1736696
13.9300003,0.1920000
13.9400005,0.1757410
13.9500008,0.1998581
13.9600010,0.1851374
13.9700003,0.1934834
13.9800005,0.2027750
13.9900007,0.2019649
14.0000010,0.1854718
14.0100002,0.1772855
14.0200005,0.1797369
14.0300007,0.1835177
14.0400009,0.1947562
14.0500002,0.1998399
14.0600004,0.1696154
14.0700006,0.1953087
14.0800009,0.1842421
14.0900011,0.1786720
14.1000004,0.1716201
14.1100006,0.1871806
14.1200008,0.1805199
14.1300011,0.1801537
14.1400003,0.1738401
14.1500006,0.1809450
14.1600008,0.1815491
14.1700010,0.1839465
14.1800003,0.1777797
14.1900005,0.1683047
14.2000008,0.1682756
14.2100010,0.1772103
14.2200003,0.1918029
14.2300005,0.1816543
14.2400007,0.1977063
14.2500010,0.1963256
14.2600002,0.1883566
14.2700005,0.2104317
14.2800007,0.2030405
14.2900009,0.2066782
14.3000011,0.1901932
14.3100004,0.1876574
14.3200006,0.2061718
14.3300009,0.2021027
14.3400011,0.2125557
14.3500004,0.2288412
14.3600006,0.2093092
14.3700008,0.2041093
14.3800011,0.1989733
14.3900003,0.2013923
14.4000006,0.2074662
14.4100008,0.2141944
14.4200010,0.2185739
14.4300003,0.2121501
14.4400005,0.2070667
14.4500008,0.2051361
14.4600010,0.2105670
14.4700003,0.2088120
14.4800005,0.1871621
14.4900007,0.1956543
14.5000010,0.1970194
14.5100002,0.1885212
14.5200005,0.1874172
14.5300007,0.1860931
14.5400009,0.1823095
14.5500011,0.1788177
14.5600004,0.1765382
14.5700006,0.1994533
14.5800009,0.1777073
14.5900011,0.1894274
14.6000004,0.2034456
14.6100006,0.1758030
14.6200008,0.1643473
14.6300011,0.1924702
14.6400003,0.1738962
14.6500006,0.1649974
14.6600008,0.1968368
14.6700010,0.2085406
14.6800003,0.2160526
14.6900005,0.2074595
14.7000008,0.1944030
14.7100010,0.2010312
14.7200003,0.1854090
14.7300005,0.1891602
14.7400007,0.1825646
14.7500010,0.2036647
14.7600002,0.2036811
14.7700005,0.2044800
14.7800007,0.2050551
14.7900009,0.1877929
14.8000011,0.1735076
14.8100004,0.1845554
14.8200006,0.1846130
14.8300009,0.1832122
14.8400011,0.1675813
14.8500004,0.1529770
14.8600006,0.1612090
14.8700008,0.1413083
14.8800011,0.1641765
14.8900003,0.1548653
14.9000006,0.1527242
14.9100008,0.1513301
14.9200010,0.1675400
14.9300003,0.1796443
14.9400005,0.1693091
14.9500008,0.1812770
14.9600010,0.1564477
14.9700003,0.1686525
14.9800005,0.1932933
14.9900007,0.1866703
15.0000010,0.1945055
15.0100012,0.1698448
15.0200005,0.1698947
15.0300007,0.1776392
15.0400009,0.1707670
15.0500011,0.1739199
15.0600004,0.1600178
15.0700006,0.1773123
15.0800009,0.1764494
15.0900011,0.1762621
15.1000004,0.1617849
15.1100006,0.1530343
15.1200008,0.1553930
15.1300011,0.1669112
15.1400003,0.1745128
15.1500006,0.1541252
15.1600008,0.1817213
15.1700010,0.1631363
15.1800003,0.1675182
15.1900005,0.2014754
15.2000008,0.2133417
15.2100010,0.2228745
15.2200003,0.2165914
15.2300005,0.2224156
15.2400007,0.2088794
15.2500010,0.1925033
15.2600012,0.2038717
15.2700005,0.1967732
15.2800007,0.1763663
15.2900009,0.1834538
15.3000011,0.1837748
15.3100004,0.1930788
15.3200006,0.1889591
15.3300009,0.1840393
15.3400011,0.1864799
15.3500004,0.1970096
15.3600006,0.2060979
15.3700008,0.2355468
15.3800011,0.2285704
15.3900003,0.2331513
15.4000006,0.2376598
15.4100008,0.2431377
15.4200010,0.2267260
15.4300003,0.1912439
15.4400005,0.1990544
15.4500008,0.1945167
15.4600010,0.1988105
15.4700003,0.2091656
15.4800005,0.1987643
15.4900007,0.1951440
15.5000010,0.2069900
15.5100012,0.2085137
15.5200005,0.2268574
15.5300007,0.2084246
15.5400009,0.2034401
15.5500011,0.2066603
15.5600004,0.2127882
15.5700006,0.2205717
15.5800009,0.2200427
15.5900011,0.1936795
15.6000004,0.1876665
15.6100006,0.1917114
15.6200008,0.1939599
15.6300011,0.1951401
15.6400003,0.1866344
15.6500006,0.1986294
15.6600008,0.1941516
15.6700010,0.1811583
15.6800003,0.1799128
15.6900005,0.1955422
15.7000008,0.1885103
15.7100010,0.2067263
15.7200012,0.2072342
15.7300005,0.1907116
15.7400007,0.1886781
15.7500010,0.1925655
15.7600012,0.1927641
15.7700005,0.1841420
15.7800007,0.2008741
15.7900009,0.1964576
15.8000011,0.2040346
15.8100004,0.2191470
15.8200006,0.2376671
15.8300009,0.2214680
15.8400011,0.2413806
15.8500004,0.2113427
15.8600006,0.2139758
15.8700008,0.2396509
15.8800011,0.2103929
15.8900003,0.2085465
15.9000006,0.1920173
15.9100008,0.2147456
15.9200010,0.2092165
15.9300003,0.2159895
15.9400005,0.2006041
15.9500008,0.2251000
15.9600010,0.2147685
15.9700012,0.2093536
15.9800005,0.1970949
15.9900007,0.1872376
16.0000000,0.2002117
16.0100002,0.2006065
16.0200005,0.1881109
16.0300007,0.1959692
16.0400009,0.1868175
16.0500011,0.2143404
16.0600014,0.2125528
16.0700016,0.2016633
16.0799999,0.2074620
16.0900002,0.2057686
16.1000004,0.2032804
16.1100006,0.2025692
16.1200008,0.1940393
16.1300011,0.1919906
16.1400013,0.1856479
16.1500015,0.2028636
16.1599998,0.2261325
16.1700001,0.2104964
16.1800003,0.2057951
16.1900005,0.2262578
16.2000008,0.2281423
16.2100010,0.2354895
16.2200012,0.2108150
16.2300014,0.2162840
16.2400017,0.1992813
16.2500000,0.2115089
16.2600002,0.2096533
16.2700005,0.2213358
16.2800007,0.2009292
16.2900009,0.1785290
16.3000011,0.1856201
16.3100014,0.2173643
16.3200016,0.2030762
16.3299999,0.2037622
16.3400002,0.2163598
16.3500004,0.2029637
16.3600006,0.2144729
16.3700008,0.2117375
16.3800011,0.1955717
16.3900013,0.2095499
16.4000015,0.2111296
16.4099998,0.2174266
16.4200001,0.2500606
16.4300003,0.2312800
16.4400005,0.2293093
16.4500008,0.2397624
16.4600010,0.2332553
16.4700012,0.2201233
16.4800014,0.2242863
16.4900017,0.2148630
16.5000000,0.2246851
16.5100002,0.2298469
16.5200005,0.2406415
16.5300007,0.2230772
16.5400009,0.2031013
16.5500011,0.1981704
16.5600014,0.2008007
16.5700016,0.1847157
16.5799999,0.1971968
16.5900002,0.2027197
16.6000004,0.1964891
16.6100006,0.1925500
16.6200008,0.1799800
16.6300011,0.1828002
16.6400013,0.1885861
16.6500015,0.1820237
16.6599998,0.1935972
16.6700001,0.1860884
16.6800003,0.1956908
16.6900005,0.1894099
16.7000008,0.1944796
16.7100010,0.1846958
16.7200012,0.1888120
16.7300014,0.1931253
16.7400017,0.1908627
16.7500000,0.1884278
16.7600002,0.1847846
16.7700005,0.2096217
16.7800007,0.2152682
16.7900009,0.2025946
16.8000011,0.1825571
16.8100014,0.1947319
16.8200016,0.2056407
16.8299999,0.1939038
16.8400002,0.1915943
16.8500004,0.1970844
16.8600006,0.1896911
16.8700008,0.1948284
16.8800011,0.1805473
16.8900013,0.2040901
16.9000015,0.1899862
16.9100018,0.1930050
16.9200001,0.1819097
16.9300003,0.1791246
16.9400005,0.1907382
16.9500008,0.1802767
16.9600010,0.1877247
16.9700012,0.1992976
16.9800014,0.2052558
16.9900017,0.2098346
17.0000000,0.2033551
17.0100002,0.2188081
17.0200005,0.2002040
17.0300007,0.2046282
17.0400009,0.2020264
17.0500011,0.1935018
17.0600014,0.2072336
17.0700016,0.2060016
17.0799999,0.2197895
17.0900002,0.2191010
17.1000004,0.2193726
17.1100006,0.2250006
17.1200008,0.2067042
17.1300011,0.1990219
17.1400013,0.2003904
17.1500015,0.2031354
17.1600018,0.2167465
17.1700001,0.2351679
17.1800003,0.2205565
17.1900005,0.2167092
17.2000008,0.2154823
17.2100010,0.2029542
17.2200012,0.2176520
17.2300014,0.1954771
17.2400017,0.2079528
17.2500000,0.1852163
17.2600002,0.1955264
17.2700005,0.2021443
17.2800007,0.1938217
17.2900009,0.2015592
17.3000011,0.1899069
17.3100014,0.2049023
17.3200016,0.1968266
17.3299999,0.1907424
17.3400002,0.1946755
17.3500004,0.1889907
17.3600006,0.2118565
17.3700008,0.1882193
17.3800011,0.1938825
17.3900013,0.1919610
17.4000015,0.1952840
17.4100018,0.2133286
17.4200001,0.2097199
17.4300003,0.1924623
17.4400005,0.1908451
17.4500008,0.2179553
17.4600010,0.1913360
17.4700012,0.2070113
17.4800014,0.2072015
17.4900017,0.2075292
17.5000000,0.2089984
17.5100002,0.2045446
17.5200005,0.2145355
17.5300007,0.1889231
17.5400009,0.1914023
17.5500011,0.2047113
17.5600014,0.1945304
17.5700016,0.1906579
17.5799999,0.2110753
17.5900002,0.1967406
17.6000004,0.1925890
17.6100006,0.1992069
17.6200008,0.2208160
17.6300011,0.2424429
17.6400013,0.2427566
17.6500015,0.2459376
17.6600018,0.2481008
17.6700001,0.2467447
17.6800003,0.2351852
17.6900005,0.2468109
17.7000008,0.2638103
17.7100010,0.2404479
17.7200012,0.2420985
17.7300014,0.2249369
17.7400017,0.2415855
17.7500000,0.2441729
17.7600002,0.2310873
17.7700005,0.1973599
17.7800007,0.2088459
17.7900009,0.2076894
17.8000011,0.2287626
17.8100014,0.2388478
17.8200016,0.2199260
17.8299999,0.1968345
17.8400002,0.2074857
17.8500004,0.2156625
17.8600006,0.2173749
17.8700008,0.2322725
17.8800011,0.2160724
17.8900013,0.2214297
17.9000015,0.2185050
17.9100018,0.2130527
17.9200001,0.2106263
17.9300003,0.2241282
17.9400005,0.2231568
17.9500008,0.2137900
17.9600010,0.2247114
17.9700012,0.2434325
17.9800014,0.2134103
17.9900017,0.2331689
18.0000000,0.2437426
18.0100002,0.2464638
18.0200005,0.2289792
18.0300007,0.2343958
18.0400009,0.2349768
18.0500011,0.2281602
18.0600014,0.2371783
18.0700016,0.2061382
18.0799999,0.2391291
18.0900002,0.2340998
18.1000004,0.2341159
18.1100006,0.2396604
18.1200008,0.2377892
18.1300011,0.2410524
18.1400013,0.2446930
18.1500015,0.2273771
18.1600018,0.1980368
18.1700001,0.2033425
18.1800003,0.2081265
18.1900005,0.2131017
18.2000008,0.2114490
18.2100010,0.1961981
18.2200012,0.1978593
18.2300014,0.1910152
18.2400017,0.1990831
18.2500000,0.2203104
18.2600002,0.2259758
18.2700005,0.2039317
18.2800007,0.1880758
18.2900009,0.1808638
18.3000011,0.1848342
18.3100014,0.2010837
18.3200016,0.2092937
18.3299999,0.2063952
18.3400002,0.2195926
18.3500004,0.2072689
18.3600006,0.2054910
18.3700008,0.2064836
18.3800011,0.2106324
18.3900013,0.2013686
18.4000015,0.1868903
18.4100018,0.2019422
18.4200001,0.1906650
18.4300003,0.2133894
18.4400005,0.2009951
18.4500008,0.1917396
18.4600010,0.1869504
18.4700012,0.1989800
18.4800014,0.1792179
18.4900017,0.1923305
18.5000000,0.1895775
18.5100002,0.1870113
18.5200005,0.1920832
18.5300007,0.1916978
18.5400009,0.2117653
18.5500011,0.1797407
18.5600014,0.1752835
18.5700016,0.1798022
18.5800018,0.2073600
18.5900002,0.2121285
18.6000004,0.2073227
18.6100006,0.1947484
18.6200008,0.2033152
18.6300011,0.2139217
18.6400013,0.2096708
18.6500015,0.2152578
18.6600018,0.2122495
18.6700001,0.2020392
18.6800003,0.1898423
18.6900005,0.1853181
18.7000008,0.1937857
18.7100010,0.1884623
18.7200012,0.2227048
18.7300014,0.1823140
18.7400017,0.1955080
18.7500000,0.2110016
18.7600002,0.1947405
18.7700005,0.1757897
18.7800007,0.1993563
18.7900009,0.1938706
18.8000011,0.1874538
18.8100014,0.1730781
18.8200016,0.1742999
18.8300018,0.1681098
18.8400002,0.1633785
18.8500004,0.1750012
18.8600006,0.1736148
18.8700008,0.1673834
18.8800011,0.1749001
18.8900013,0.1770074
18.9000015,0.1752781
18.9100018,0.1723444
18.9200001,0.1797984
18.9300003,0.1831572
18.9400005,0.1817473
18.9500008,0.1783805
18.9600010,0.1736153
18.9700012,0.1658491
18.9800014,0.1719144
18.9900017,0.1966723
19.0000000,0.1949950
19.0100002,0.1822516
19.0200005,0.1853548
19.0300007,0.1879694
19.0400009,0.1764668
19.0500011,0.1841490
19.0600014,0.1843718
19.0700016,0.1835217
19.0800018,0.1875390
19.0900002,0.1873409
19.1000004,0.2107129
19.1100006,0.2210355
19.1200008,0.2049499
19.1300011,0.1770334
19.1400013,0.1717893
19.1500015,0.1807302
19.1600018,0.1863718
19.1700001,0.1807027
19.1800003,0.1875781
19.1900005,0.2008386
19.2000008,0.1900066
19.2100010,0.1979444
19.2200012,0.1995759
19.2300014,0.1979414
19.2400017,0.2001660
19.2500000,0.2081643
19.2600002,0.2003602
19.2700005,0.2003017
19.2800007,0.2058073
19.2900009,0.2019112
19.3000011,0.1825074
19.3100014,0.1938205
19.3200016,0.1849421
19.3300018,0.1903379
19.3400002,0.1960874
19.3500004,0.1870258
19.3600006,0.1754280
19.3700008,0.1693254
19.3800011,0.1785696
19.3900013,0.1761944
19.4000015,0.1870563
19.4100018,0.1982245
19.4200001,0.1848898
19.4300003,0.1833500
19.4400005,0.1979209
19.4500008,0.1943453
19.4600010,0.1867771
19.4700012,0.1841484
19.4800014,0.1748181
19.4900017,0.1840180
19.5000000,0.1935589
19.5100002,0.2007500
19.5200005,0.1912334
19.5300007,0.1845360
19.5400009,0.2093218
19.5500011,0.2213535
19.5600014,0.2075644
19.5700016,0.2042826
19.5800018,0.2203483
19.5900002,0.2249419
19.6000004,0.2327400
19.6100006,0.2314577
19.6200008,0.2200131
19.6300011,0.2261425
19.6400013,0.1944783
19.6500015,0.2237622
19.6600018,0.2324101
19.6700001,0.2246279
19.6800003,0.2181852
19.6900005,0.2264393
19.7000008,0.2153948
19.7100010,0.1967914
19.7200012,0.2260431
19.7300014,0.2148490
19.7400017,0.2446995
19.7500000,0.2192145
19.7600002,0.2164040
19.7700005,0.2231984
19.7800007,0.2284697
19.7900009,0.2466767
19.8000011,0.2550602
19.8100014,0.2536334
19.8200016,0.2374976
19.8300018,0.2308918
19.8400002,0.2184500
19.8500004,0.2235922
19.8600006,0.2412884
19.8700008,0.2278635
19.8800011,0.2119899
19.8900013,0.2195700
19.9000015,0.2159261
19.9100018,0.2041999
19.9200001,0.1970872
19.9300003,0.1925348
19.9400005,0.2083174
19.9500008,0.2151517
19.9600010,0.2343790
19.9700012,0.2348992
19.9800014,0.2330030
19.9900017,0.2379283
20.0000000,0.2566668
20.0100002,0.2319146
20.0200005,0.2594055
20.0300007,0.2531052
20.0400009,0.2338907
20.0500011,0.2181201
20.0600014,0.2309406
20.0700016,0.2318544
20.0800018,0.2345212
20.0900002,0.2263269
20.1000004,0.2531831
20.1100006,0.2324345
20.1200008,0.2466404
20.1300011,0.2491453
20.1400013,0.2496474
20.1500015,0.2338144
20.1600018,0.2316684
20.1700001,0.2303621
20.1800003,0.2242798
20.1900005,0.2280622
20.2000008,0.2219189
20.2100010,0.2201649
20.2200012,0.2333387
20.2300014,0.2368597
20.2400017,0.2366282
20.2500019,0.2340538
20.2600002,0.2418625
20.2700005,0.2396446
20.2800007,0.2307612
20.2900009,0.2271686
20.3000011,0.2297237
20.3100014,0.2208312
20.3200016,0.2204057
20.3300018,0.2251346
20.3400002,0.2244949
20.3500004,0.2197407
20.3600006,0.2107056
20.3700008,0.2143966
20.3800011,0.2134179
20.3900013,0.2192640
20.4000015,0.2118140
20.4100018,0.1978309
20.4200001,0.2007714
20.4300003,0.1998325
20.4400005,0.2101849
20.4500008,0.2068595
20.4600010,0.2079830
20.4700012,0.2118341
20.4800014,0.2151690
20.4900017,0.2128153
20.5000019,0.1954498
20.5100002,0.2365111
20.5200005,0.2375551
20.5300007,0.2171014
20.5400009,0.2092247
20.5500011,0.1880635
20.5600014,0.1923958
20.5700016,0.2114137
20.5800018,0.1871464
20.5900002,0.1926018
20.6000004,0.1792022
20.6100006,0.1984511
20.6200008,0.2254490
20.6300011,0.2296800
20.6400013,0.2308558
20.6500015,0.2115197
20.6600018,0.2060560
20.6700001,0.1983609
20.6800003,0.1788236
20.6900005,0.1864053
20.7000008,0.2002027
20.7100010,0.2100619
20.7200012,0.2373991
20.7300014,0.2199093
20.7400017,0.2063773
20.7500019,0.2109843
20.7600002,0.2340598
20.7700005,0.2255697
20.7800007,0.2210647
20.7900009,0.2381713
20.8000011,0.2455944
20.8100014,0.2189594
20.8200016,0.2171025
20.8300018,0.2217698
20.8400002,0.2123973
20.8500004,0.2022817
20.8600006,0.2183322
20.8700008,0.2213493
20.8800011,0.2247955
20.8900013,0.2380431
20.9000015,0.2543891
20.9100018,0.2339392
20.9200001,0.2374287
20.9300003,0.2443746
20.9400005,0.2304077
20.9500008,0.2218609
20.9600010,0.2488204
20.9700012,0.2387747
20.9800014,0.2645463
20.9900017,0.2396654
21.0000019,0.2338077
21.0100002,0.2577734
21.0200005,0.2512389
21.0300007,0.2359731
21.0400009,0.2400287
21.0500011,0.2351081
21.0600014,0.2288316
21.0700016,0.2322310
21.0800018,0.2146929
21.0900002,0.2141447
21.1000004,0.2409371
21.1100006,0.2344866
21.1200008,0.2509468
21.1300011,0.2295865
21.1400013,0.2473264
21.1500015,0.2486344
21.1600018,0.2316256
21.1700001,0.2491950
21.1800003,0.2201254
21.1900005,0.2170828
21.2000008,0.1957401
21.2100010,0.1930055
21.2200012,0.1803175
21.2300014,0.1811031
21.2400017,0.1910557
21.2500019,0.1960875
21.2600002,0.2059530
21.2700005,0.2111472
21.2800007,0.2103856
21.2900009,0.2162702
21.3000011,0.2198681
21.3100014,0.2143338
21.3200016,0.2237018
21.3300018,0.2155081
21.3400002,0.2116297
21.3500004,0.2064166
21.3600006,0.2335521
21.3700008,0.2418374
21.3800011,0.2394865
21.3900013,0.2248700
21.4000015,0.2423829
21.4100018,0.2395410
21.4200001,0.2249618
21.4300003,0.2262827
21.4400005,0.2410699
21.4500008,0.2437947
21.4600010,0.2542665
21.4700012,0.2333809
21.4800014,0.2332133
21.4900017,0.2372211
21.5000019,0.2266102
21.5100002,0.2162409
21.5200005,0.2276241
21.5300007,0.2144353
21.5400009,0.2125798
21.5500011,0.2109106
21.5600014,0.2279635
21.5700016,0.2240922
21.5800018,0.2149102
21.5900002,0.2169266
21.6000004,0.2214539
21.6100006,0.2403068
21.6200008,0.2472296
21.6300011,0.2285105
21.6400013,0.2248342
21.6500015,0.2197704
21.6600018,0.2258699
21.6700001,0.2315787
21.6800003,0.2251475
21.6900005,0.2286433
21.7000008,0.2302080
21.7100010,0.2483008
21.7200012,0.2433765
21.7300014,0.2281728
21.7400017,0.2179072
21.7500019,0.2265473
21.7600002,0.2287749
21.7700005,0.2250692
21.7800007,0.2521350
21.7900009,0.2617441
21.8000011,0.2468992
21.8100014,0.2379246
21.8200016,0.2425039
21.8300018,0.2420167
21.8400002,0.2456820
21.8500004,0.2398486
21.8600006,0.2347744
21.8700008,0.2275133
21.8800011,0.2355269
21.8900013,0.2464388
21.9000015,0.2758428
21.9100018,0.2720372
21.9200020,0.2591096
21.9300003,0.2482789
21.9400005,0.2613162
21.9500008,0.2482937
21.9600010,0.2491192
21.9700012,0.2547275
21.9800014,0.2529670
21.9900017,0.2258962
22.0000019,0.2246015
22.0100002,0.2284858
22.0200005,0.2535805
22.0300007,0.2411594
22.0400009,0.2205225
22.0500011,0.2477116
22.0600014,0.2512589
22.0700016,0.2520133
22.0800018,0.2510808
22.0900002,0.2390342
22.1000004,0.2365671
22.1100006,0.2378772
22.1200008,0.2610813
22.1300011,0.2592700
22.1400013,0.2548929
22.1500015,0.2588665
22.1600018,0.2585318
22.1700020,0.2519740
22.1800003,0.2631512
22.1900005,0.2527482
22.2000008,0.2580065
22.2100010,0.2592818
22.2200012,0.2623710
22.2300014,0.2407406
22.2400017,0.2555980
22.2500019,0.2244453
22.2600002,0.2311423
22.2700005,0.2356806
22.2800007,0.2215552
22.2900009,0.2272087
22.3000011,0.2140698
22.3100014,0.2092525
22.3200016,0.2392345
22.3300018,0.2543082
22.3400002,0.2361613
22.3500004,0.2234663
22.3600006,0.2035825
22.3700008,0.2084181
22.3800011,0.1995599
22.3900013,0.1970100
22.4000015,0.1932730
22.4100018,0.1902356
22.4200020,0.1704221
22.4300003,0.1802570
22.4400005,0.1746159
22.4500008,0.1955992
22.4600010,0.1882631
22.4700012,0.1921384
22.4800014,0.1931182
22.4900017,0.1958883
22.5000019,0.1930377
22.5100002,0.1770696
22.5200005,0.1837462
22.5300007,0.1790588
22.5400009,0.1727543
22.5500011,0.1856356
22.5600014,0.1811005
22.5700016,0.1644968
22.5800018,0.1913356
22.5900002,0.1761669
22.6000004,0.1842939
22.6100006,0.1901608
22.6200008,0.1768464
22.6300011,0.1807736
22.6400013,0.1784534
22.6500015,0.1705651
22.6600018,0.1671691
22.6700020,0.1812997
22.6800003,0.1841584
22.6900005,0.2035507
22.7000008,0.1984172
22.7100010,0.1943928
22.7200012,0.2096707
22.7300014,0.2201569
22.7400017,0.2028207
22.7500019,0.2139242
22.7600002,0.2087213
22.7700005,0.2079541
22.7800007,0.2359498
22.7900009,0.2509297
22.8000011,0.2391646
22.8100014,0.2430393
22.8200016,0.2422309
22.8300018,0.2776393
22.8400002,0.2792323
22.8500004,0.2662036
22.8600006,0.2849677
22.8700008,0.2830826
22.8800011,0.2798081
22.8900013,0.2710628
22.9000015,0.2809227
22.9100018,0.2769051
22.9200020,0.2345302
22.9300003,0.2363058
22.9400005,0.2528518
22.9500008,0.2410222
22.9600010,0.2442876
22.9700012,0.2500013
22.9800014,0.2889580
22.9900017,0.2513357
23.0000019,0.2195846
23.0100002,0.2181638
23.0200005,0.2210032
23.0300007,0.2269919
23.0400009,0.2309531
23.0500011,0.2532219
23.0600014,0.2709220
23.0700016,0.2320444
23.0800018,0.2592857
23.0900002,0.2408630
23.1000004,0.2359042
23.1100006,0.2451474
23.1200008,0.2485563
23.1300011,0.2640512
23.1400013,0.2478712
23.1500015,0.2276801
23.1600018,0.2181987
23.1700020,0.2017897
23.1800003,0.2013753
23.1900005,0.2034536
23.2000008,0.2184266
23.2100010,0.2092711
23.2200012,0.2300731
23.2300014,0.2514216
23.2400017,0.2569814
23.2500019,0.2573457
23.2600002,0.2439040
23.2700005,0.2097134
23.2800007,0.2231665
23.2900009,0.2094079
23.3000011,0.2198588
23.3100014,0.2243050
23.3200016,0.2046905
23.3300018,0.1954329
23.3400021,0.1901488
23.3500004,0.2141120
23.3600006,0.1752786
23.3700008,0.1855819
23.3800011,0.1965833
23.3900013,0.1936381
23.4000015,0.1915987
23.4100018,0.1947637
23.4200020,0.1941880
23.4300003,0.1852729
23.4400005,0.2072690
23.4500008,0.1894596
23.4600010,0.1891295
23.4700012,0.2139390
23.4800014,0.2135973
23.4900017,0.2155069
23.5000019,0.1943677
23.5100002,0.1932788
23.5200005,0.1870894
23.5300007,0.1917631
23.5400009,0.1948151
23.5500011,0.2109064
23.5600014,0.2003810
23.5700016,0.1985554
23.5800018,0.1949373
23.5900021,0.1775119
23.6000004,0.1849771
23.6100006,0.1739291
23.6200008,0.1879297
23.6300011,0.2054882
23.6400013,0.2003736
23.6500015,0.1923741
23.6600018,0.1703786
23.6700020,0.1804679
23.6800003,0.1889569
23.6900005,0.1799053
23.7000008,0.1799276
23.7100010,0.1834462
23.7200012,0.1845372
23.7300014,0.1839463
23.7400017,0.1849199
23.7500019,0.2017644
23.7600002,0.1936390
23.7700005,0.1897280
23.7800007,0.1995808
23.7900009,0.1995182
23.8000011,0.2044241
23.8100014,0.1795207
23.8200016,0.1982510
23.8300018,0.1992827
23.8400021,0.1806356
23.8500004,0.1746273
23.8600006,0.1748474
23.8700008,0.1750216
23.8800011,0.1789152
23.8900013,0.1897450
23.9000015,0.1989821
23.9100018,0.1691563
23.9200020,0.1824214
23.9300003,0.1893081
23.9400005,0.2026963
23.9500008,0.2026141
23.9600010,0.2055629
23.9700012,0.2030244
23.9800014,0.2090221
23.9900017,0.2158346
24.0000019,0.2130721
24.0100002,0.2171080
24.0200005,0.2079854
24.0300007,0.2097351
24.0400009,0.2096964
24.0500011,0.2041337
24.0600014,0.1964467
24.0700016,0.2088380
24.0800018,0.2111269
24.0900021,0.2050242
24.1000004,0.2067684
24.1100006,0.2073846
24.1200008,0.2248501
24.1300011,0.2121529
24.1400013,0.2013023
24.1500015,0.2003771
24.1600018,0.2053638
24.1700020,0.1987527
24.1800003,0.1905294
24.1900005,0.2051408
24.2000008,0.2014769
24.2100010,0.2021047
24.2200012,0.2107314
24.2300014,0.1882262
24.2400017,0.1957630
24.2500019,0.2028134
24.2600002,0.1899631
24.2700005,0.1720932
24.2800007,0.1703297
24.2900009,0.1737688
24.3000011,0.1916488
24.3100014,0.1854127
24.3200016,0.1902904
24.3300018,0.1798439
24.3400021,0.1811072
24.3500004,0.1737435
24.3600006,0.1902926
24.3700008,0.1777228
24.3800011,0.1983206
24.3900013,0.1876911
24.4000015,0.1971492
24.4100018,0.1775716
24.4200020,0.1933603
24.4300003,0.1877471
24.4400005,0.1829170
24.4500008,0.1900225
24.4600010,0.1889736
24.4700012,0.2054532
24.4800014,0.2096268
24.4900017,0.2281530
24.5000019,0.2293866
24.5100002,0.2309684
24.5200005,0.2312731
24.5300007,0.2377589
24.5400009,0.2444837
24.5500011,0.2353728
24.5600014,0.2393782
24.5700016,0.2454997
24.5800018,0.2332813
24.5900021,0.2301007
24.6000004,0.2388466
24.6100006,0.2355230
24.6200008,0.2404343
24.6300011,0.2378068
24.6400013,0.2475848
24.6500015,0.2389337
24.6600018,0.2456416
24.6700020,0.2497787
24.6800003,0.2448173
24.6900005,0.2422889
24.7000008,0.2313780
24.7100010,0.2339227
24.7200012,0.2392128
24.7300014,0.2333540
24.7400017,0.2410760
24.7500019,0.2332049
24.7600002,0.2245014
24.7700005,0.2207180
24.7800007,0.2422530
24.7900009,0.2368558
24.8000011,0.2286048
24.8100014,0.2206236
24.8200016,0.2192441
24.8300018,0.2268393
24.8400021,0.2213867
24.8500004,0.2305826
24.8600006,0.2166300
24.8700008,0.2266118
24.8800011,0.2481897
24.8900013,0.2337167
24.9000015,0.2293422
24.9100018,0.2482224
24.9200020,0.2368480
24.9300003,0.2235300
24.9400005,0.2308638
24.9500008,0.2308129
24.9600010,0.2396162
24.9700012,0.2267599
24.9800014,0.2382796
24.9900017,0.2277083
25.0000019,0.2421186
25.0100021,0.2272429
25.0200005,0.2370339
25.0300007,0.2415536
25.0400009,0.2513024
25.0500011,0.2433942
25.0600014,0.2469226
25.0700016,0.2432068
25.0800018,0.2391695
25.0900021,0.2625403
25.1000004,0.2685472
25.1100006,0.2695213
25.1200008,0.2640892
25.1300011,0.2522466
25.1400013,0.2489200
25.1500015,0.2369833
25.1600018,0.2461771
25.1700020,0.2514436
25.1800003,0.2496532
25.1900005,0.2579496
25.2000008,0.2377973
25.2100010,0.2722084
25.2200012,0.2721417
25.2300014,0.2650054
25.2400017,0.2467086
25.2500019,0.2609699
25.2600021,0.2503200
25.2700005,0.2443199
25.2800007,0.2442613
25.2900009,0.2402108
25.3000011,0.2544049
25.3100014,0.2509814
25.3200016,0.2539753
25.3300018,0.2468641
25.3400021,0.2519200
25.3500004,0.2384607
25.3600006,0.2472669
25.3700008,0.2437259
25.3800011,0.2352521
25.3900013,0.2494293
25.4000015,0.2438020
25.4100018,0.2456959
25.4200020,0.2367829
25.4300003,0.2272646
25.4400005,0.2354709
25.4500008,0.2435860
25.4600010,0.2378554
25.4700012,0.2310509
25.4800014,0.2212764
25.4900017,0.2177690
25.5000019,0.2608597
25.5100021,0.2757344
25.5200005,0.2725070
25.5300007,0.2890778
25.5400009,0.2901736
25.5500011,0.2955944
25.5600014,0.2727481
25.5700016,0.2528258
25.5800018,0.2288043
25.5900021,0.2498227
25.6000004,0.2572273
25.6100006,0.2110420
25.6200008,0.2353171
25.6300011,0.2019862
25.6400013,0.2218013
25.6500015,0.2141577
25.6600018,0.2139903
25.6700020,0.2239016
25.6800003,0.2148492
25.6900005,0.2107989
25.7000008,0.2226893
25.7100010,0.2230019
25.7200012,0.2145565
25.7300014,0.2240886
25.7400017,0.2177866
25.7500019,0.2170234
25.7600021,0.2129977
25.7700005,0.2314950
25.7800007,0.2283141
25.7900009,0.2367286
25.8000011,0.2375944
25.8100014,0.2263890
25.8200016,0.2436556
25.8300018,0.2155263
25.8400021,0.2375864
25.8500004,0.2428344
25.8600006,0.2393529
25.8700008,0.2420001
25.8800011,0.2441060
25.8900013,0.2268137
25.9000015,0.2222989
25.9100018,0.2438313
25.9200020,0.2437067
25.9300003,0.2170682
25.9400005,0.2251748
25.9500008,0.2300781
25.9600010,0.2105327
25.9700012,0.2167258
25.9800014,0.2178928
25.9900017,0.2192557
26.0000019,0.2297493
26.0100021,0.2214230
26.0200005,0.2244510
26.0300007,0.2540720
26.0400009,0.2576420
26.0500011,0.2311565
26.0600014,0.2243272
26.0700016,0.2432862
26.0800018,0.2442713
26.0900021,0.2507019
26.1000004,0.2423835
26.1100006,0.2253806
26.1200008,0.2147424
26.1300011,0.2170376
26.1400013,0.2366323
26.1500015,0.2491242
26.1600018,0.2499812
26.1700020,0.2647205
26.1800003,0.2709946
26.1900005,0.2525122
26.2000008,0.2694161
26.2100010,0.2884802
26.2200012,0.2691299
26.2300014,0.2567554
26.2400017,0.2363119
26.2500019,0.2543016
26.2600021,0.2397663
26.2700005,0.2391109
26.2800007,0.2324660
26.2900009,0.2335667
26.3000011,0.2391050
26.3100014,0.2415158
26.3200016,0.2432801
26.3300018,0.2529995
26.3400021,0.2418829
26.3500004,0.2248456
26.3600006,0.2293697
26.3700008,0.2266246
26.3800011,0.2289957
26.3900013,0.2386673
26.4000015,0.2323426
26.4100018,0.2420982
26.4200020,0.2310814
26.4300003,0.2420081
26.4400005,0.2375971
26.4500008,0.2404182
26.4600010,0.2406174
26.4700012,0.2377921
26.4800014,0.2490003
26.4900017,0.2453518
26.5000019,0.2454318
26.5100021,0.2377881
26.5200005,0.2408700
26.5300007,0.2441899
26.5400009,0.2368909
26.5500011,0.2423115
26.5600014,0.2518532
26.5700016,0.2387679
26.5800018,0.2474702
26.5900021,0.2592363
26.6000004,0.2748505
26.6100006,0.2870797
26.6200008,0.2857027
26.6300011,0.2846328
26.6400013,0.3114137
26.6500015,0.2975171
26.6600018,0.3195411
26.6700020,0.3188917
26.6800022,0.3272841
26.6900005,0.3281219
26.7000008,0.3319242
26.7100010,0.3311410
26.7200012,0.3322363
26.7300014,0.3315311
26.7400017,0.3355015
26.7500019,0.3188803
26.7600021,0.3309418
26.7700005,0.3116252
26.7800007,0.3293924
26.7900009,0.3372352
26.8000011,0.3397052
26.8100014,0.3175909
26.8200016,0.3409801
26.8300018,0.3264484
26.8400021,0.3366731
26.8500004,0.3204626
26.8600006,0.3383979
26.8700008,0.3251678
26.8800011,0.3223681
26.8900013,0.3375140
26.9000015,0.3438290
26.9100018,0.3172234
26.9200020,0.3318636
26.9300022,0.3345962
26.9400005,0.3163663
26.9500008,0.2977508
26.9600010,0.3088919
26.9700012,0.3171229
26.9800014,0.3158098
26.9900017,0.3269269
27.0000019,0.3565184
27.0100021,0.3482278
27.0200005,0.3335159
27.0300007,0.3227749
27.0400009,0.3355523
27.0500011,0.3512822
27.0600014,0.3420234
27.0700016,0.3246164
27.0800018,0.3237272
27.0900021,0.3141912
27.1000004,0.3142710
27.1100006,0.3200662
27.1200008,0.3088863
27.1300011,0.3425146
27.1400013,0.3394278
27.1500015,0.3347753
27.1600018,0.3468288
27.1700020,0.3464772
27.1800022,0.3267848
27.1900005,0.3432376
27.2000008,0.3378480
27.2100010,0.3211050
27.2200012,0.3315583
27.2300014,0.3413611
27.2400017,0.3305086
27.2500019,0.3482526
27.2600021,0.3301077
27.2700005,0.3535977
27.2800007,0.3205289
27.2900009,0.3384757
27.3000011,0.3169678
27.3100014,0.3316740
27.3200016,0.3308110
27.3300018,0.3375792
27.3400021,0.3255175
27.3500004,0.3444208
27.3600006,0.3306617
27.3700008,0.3139754
27.3800011,0.3460009
27.3900013,0.3455652
27.4000015,0.3408509
27.4100018,0.3293572
27.4200020,0.3354408
27.4300022,0.3402338
27.4400005,0.3330316
27.4500008,0.3498105
27.4600010,0.3554705
27.4700012,0.3803682
27.4800014,0.3615986
27.4900017,0.3659302
27.5000019,0.3536855
27.5100021,0.3558960
27.5200005,0.3613381
27.5300007,0.3585713
27.5400009,0.3426455
27.5500011,0.3442825
27.5600014,0.3376540
27.5700016,0.3335357
27.5800018,0.3449095
27.5900021,0.3103735
27.6000004,0.3387407
27.6100006,0.3254623
27.6200008,0.3272474
27.6300011,0.2963762
27.6400013,0.2956189
27.6500015,0.3085060
27.6600018,0.3251514
27.6700020,0.3256888
27.6800022,0.3321373
27.6900005,0.3407884
27.7000008,0.3390747
27.7100010,0.3324203
27.7200012,0.3384100
27.7300014,0.3358068
27.7400017,0.3355325
27.7500019,0.3362070
27.7600021,0.3373940
27.7700005,0.3246589
27.7800007,0.3323393
27.7900009,0.3454737
27.8000011,0.3409331
27.8100014,0.3138743
27.8200016,0.3054265
27.8300018,0.2964435
27.8400021,0.3119904
27.8500004,0.3222486
27.8600006,0.3421079
27.8700008,0.3451277
27.8800011,0.3427477
27.8900013,0.3365713
27.9000015,0.3323027
27.9100018,0.3647443
27.9200020,0.3668473
27.9300022,0.3494568
27.9400005,0.3461613
27.9500008,0.3472790
27.9600010,0.3535267
27.9700012,0.3449830
27.9800014,0.3458862
27.9900017,0.3047551
28.0000019,0.3185165
28.0100021,0.3406137
28.0200005,0.3561471
28.0300007,0.3328508
28.0400009,0.3386966
28.0500011,0.3310952
28.0600014,0.3542565
28.0700016,0.3422053
28.0800018,0.3483356
28.0900021,0.3573174
28.1000004,0.3508340
28.1100006,0.3595890
28.1200008,0.3443735
28.1300011,0.3626137
28.1400013,0.3499308
28.1500015,0.3094276
28.1600018,0.3272643
28.1700020,0.3351810
28.1800022,0.3422021
28.1900005,0.3563628
28.2000008,0.3340781
28.2100010,0.3641954
28.2200012,0.3602270
28.2300014,0.3511823
28.2400017,0.3560307
28.2500019,0.3540091
28.2600021,0.3580683
28.2700005,0.3727952
28.2800007,0.3574177
28.2900009,0.3546515
28.3000011,0.3577112
28.3100014,0.3730024
28.3200016,0.3697705
28.3300018,0.3649419
28.3400021,0.3443530
28.3500023,0.3564472
28.3600006,0.3744138
28.3700008,0.3362049
28.3800011,0.3511104
28.3900013,0.3719571
28.4000015,0.3884018
28.4100018,0.3634403
28.4200020,0.3538288
28.4300022,0.3449987
28.4400005,0.3443742
28.4500008,0.3384027
28.4600010,0.3414667
28.4700012,0.3492855
28.4800014,0.3611263
28.4900017,0.3490632
28.5000019,0.3585584
28.5100021,0.3556804
28.5200005,0.3423984
28.5300007,0.3571468
28.5400009,0.3560468
28.5500011,0.3481979
28.5600014,0.3557523
28.5700016,0.3393494
28.5800018,0.3449892
28.5900021,0.3541192
28.6000023,0.3257464
28.6100006,0.3434145
28.6200008,0.3601503
28.6300011,0.3500161
28.6400013,0.3437675
28.6500015,0.3205409
28.6600018,0.3200659
28.6700020,0.3395357
28.6800022,0.3462107
28.6900005,0.3376167
28.7000008,0.3235098
28.7100010,0.3064643
28.7200012,0.2971277
28.7300014,0.3148569
28.7400017,0.3033228
28.7500019,0.2988907
28.7600021,0.3258138
28.7700005,0.3107578
28.7800007,0.3310008
28.7900009,0.2908199
28.8000011,0.3221286
28.8100014,0.3068750
28.8200016,0.3111964
28.8300018,0.3014629
28.8400021,0.2858715
28.8500023,0.2996158
28.8600006,0.2889358
28.8700008,0.3033664
28.8800011,0.3009237
28.8900013,0.2989079
28.9000015,0.3078237
28.9100018,0.3074059
28.9200020,0.3015570
28.9300022,0.3005632
28.9400005,0.3124688
28.9500008,0.2848247
28.9600010,0.2776471
28.9700012,0.2899469
28.9800014,0.3026749
28.9900017,0.3253982
29.0000019,0.3282976
29.0100021,0.3415761
29.0200005,0.3161165
29.0300007,0.3063319
29.0400009,0.2841534
29.0500011,0.2840878
29.0600014,0.2934686
29.0700016,0.2786710
29.0800018,0.2686008
29.0900021,0.2620964
29.1000023,0.2270680
29.1100006,0.2334312
29.1200008,0.2295143
29.1300011,0.2235183
29.1400013,0.2338870
29.1500015,0.2484773
29.1600018,0.2266240
29.1700020,0.2381671
29.1800022,0.2346483
29.1900005,0.2317107
29.2000008,0.2345821
29.2100010,0.2087291
29.2200012,0.2302993
29.2300014,0.2084453
29.2400017,0.2334385
29.2500019,0.2048127
29.2600021,0.2258447
29.2700005,0.2162703
29.2800007,0.2010623
29.2900009,0.2216159
29.3000011,0.2274964
29.3100014,0.2080985
29.3200016,0.1973132
29.3300018,0.2003025
29.3400021,0.2032316
29.3500023,0.1983989
29.3600006,0.2215755
29.3700008,0.1977457
29.3800011,0.1808308
29.3900013,0.1903223
29.4000015,0.1874209
29.4100018,0.1960759
29.4200020,0.2259799
29.4300022,0.2134123
29.4400005,0.2294440
29.4500008,0.2153665
29.4600010,0.2003253
29.4700012,0.2102547
29.4800014,0.1845044
29.4900017,0.1896745
29.5000019,0.1973849
29.5100021,0.1891562
29.5200005,0.1932451
29.5300007,0.1767413
29.5400009,0.1783024
29.5500011,0.2092512
29.5600014,0.1809559
29.5700016,0.1866331
29.5800018,0.1888421
29.5900021,0.1860651
29.6000023,0.1835425
29.6100006,0.1910749
29.6200008,0.1912553
29.6300011,0.1922248
29.6400013,0.1880025
29.6500015,0.1876036
29.6600018,0.1918274
29.6700020,0.1859568
29.6800022,0.1920311
29.6900005,0.1928487
29.7000008,0.1968441
29.7100010,0.2002664
29.7200012,0.1818466
29.7300014,0.1794457
29.7400017,0.1838987
29.7500019,0.1971621
29.7600021,0.1956084
29.7700024,0.1879684
29.7800007,0.1923723
29.7900009,0.1763161
29.8000011,0.1871444
29.8100014,0.2016482
29.8200016,0.1864098
29.8300018,0.1866977
29.8400021,0.2108414
29.8500023,0.2152613
29.8600006,0.2115230
29.8700008,0.2203797
29.8800011,0.2205452
29.8900013,0.2231880
29.9000015,0.2185476
29.9100018,0.2154413
29.9200020,0.2276270
29.9300022,0.2110331
29.9400005,0.1983568
29.9500008,0.1857721
29.9600010,0.2033549
29.9700012,0.1785302
29.9800014,0.1827415
29.9900017,0.1848537
30.0000019,0.1919090
30.0100021,0.1753921
30.0200024,0.1714630
30.0300007,0.1883309
30.0400009,0.1666883
30.0500011,0.1805169
30.0600014,0.1769753
30.0700016,0.1747674
30.0800018,0.1728196
30.0900021,0.1853860
30.1000023,0.1813368
30.1100006,0.1914315
30.1200008,0.1978489
30.1300011,0.1966576
30.1400013,0.1870859
30.1500015,0.1919226
30.1600018,0.2261990
30.1700020,0.1843760
30.1800022,0.1880755
30.1900005,0.1789663
30.2000008,0.1995191
30.2100010,0.1990720
30.2200012,0.2099868
30.2300014,0.1812014
30.2400017,0.1810887
30.2500019,0.1742813
30.2600021,0.1698513
30.2700024,0.1748677
30.2800007,0.1720867
30.2900009,0.1801405
30.3000011,0.1926483
30.3100014,0.1882329
30.3200016,0.1943938
30.3300018,0.1938033
30.3400021,0.2024091
30.3500023,0.2086698
30.3600006,0.1939772
30.3700008,0.1829648
30.3800011,0.1751632
30.3900013,0.1780264
30.4000015,0.1893124
30.4100018,0.1842599
30.4200020,0.1744683
30.4300022,0.1765600
30.4400005,0.1780379
30.4500008,0.1787803
30.4600010,0.1707721
30.4700012,0.1832079
30.4800014,0.1696632
30.4900017,0.1882931
30.5000019,0.1858145
30.5100021,0.1993192
30.5200024,0.1901389
30.5300007,0.1834384
30.5400009,0.1944746
30.5500011,0.2024734
30.5600014,0.1985223
30.5700016,0.1901610
30.5800018,0.1900642
30.5900021,0.2236017
30.6000023,0.2146544
30.6100006,0.2042920
30.6200008,0.2272507
30.6300011,0.2091177
30.6400013,0.1956518
30.6500015,0.2001289
30.6600018,0.2152742
30.6700020,0.2200283
30.6800022,0.1944358
30.6900005,0.2037986
30.7000008,0.1926507
30.7100010,0.1968516
30.7200012,0.1860630
30.7300014,0.2085553
30.7400017,0.2001686
30.7500019,0.1917552
30.7600021,0.2149391
30.7700024,0.1838935
30.7800007,0.1865957
30.7900009,0.1941069
30.8000011,0.1926228
30.8100014,0.1953700
30.8200016,0.1954542
30.8300018,0.1930838
30.8400021,0.1985064
30.8500023,0.2086661
30.8600006,0.1934494
30.8700008,0.2129116
30.8800011,0.1851987
30.8900013,0.1926320
30.9000015,0.2012517
30.9100018,0.1977179
30.9200020,0.1991650
30.9300022,0.2017897
30.9400005,0.1980988
30.9500008,0.1993937
30.9600010,0.1935036
30.9700012,0.1951211
30.9800014,0.1955868
30.9900017,0.1932914
31.0000019,0.1839104
31.0100021,0.1978220
31.0200024,0.1877466
31.0300007,0.1852770
31.0400009,0.2032500
31.0500011,0.1972406
31.0600014,0.1989710
31.0700016,0.1815035
31.0800018,0.1934855
31.0900021,0.1978851
31.1000023,0.1994051
31.1100006,0.2015081
31.1200008,0.1820169
31.1300011,0.1772643
31.1400013,0.1780114
31.1500015,0.1951513
31.1600018,0.1918200
31.1700020,0.1850170
31.1800022,0.1878816
31.1900005,0.1766267
31.2000008,0.1788860
31.2100010,0.1915451
31.2200012,0.1865670
31.2300014,0.1728068
31.2400017,0.1877051
31.2500019,0.1868467
31.2600021,0.1808639
31.2700024,0.1897592
31.2800007,0.1908663
31.2900009,0.1875089
31.3000011,0.1781141
31.3100014,0.1828270
31.3200016,0.1848287
31.3300018,0.1906937
31.3400021,0.1829076
31.3500023,0.1877886
31.3600006,0.1955943
31.3700008,0.1814912
31.3800011,0.2130121
31.3900013,0.1994414
31.4000015,0.1987406
31.4100018,0.1789076
31.4200020,0.1854477
31.4300022,0.1851422
31.4400024,0.1850911
31.4500008,0.1949962
31.4600010,0.1916960
31.4700012,0.1814545
31.4800014,0.1912975
31.4900017,0.1847326
31.5000019,0.1952974
31.5100021,0.2104666
31.5200024,0.1992428
31.5300007,0.2156639
31.5400009,0.2124411
31.5500011,0.2250092
31.5600014,0.2131795
31.5700016,0.2170113
31.5800018,0.2039655
31.5900021,0.1966422
31.6000023,0.1983391
31.6100006,0.2110266
31.6200008,0.1985171
31.6300011,0.1993511
31.6400013,0.1935092
31.6500015,0.1999929
31.6600018,0.2000311
31.6700020,0.2087887
31.6800022,0.1988370
31.6900024,0.1798105
31.7000008,0.2049193
31.7100010,0.1927961
31.7200012,0.1867510
31.7300014,0.1884748
31.7400017,0.2072791
31.7500019,0.2032753
31.7600021,0.2009544
31.7700024,0.1964343
31.7800007,0.1925591
31.7900009,0.2003534
31.8000011,0.2067608
31.8100014,0.1955357
31.8200016,0.1920746
31.8300018,0.2015721
31.8400021,0.1975068
31.8500023,0.1958599
31.8600006,0.2009986
31.8700008,0.1962997
31.8800011,0.1861078
31.8900013,0.1879461
31.9000015,0.2043732
31.9100018,0.1957889
31.9200020,0.1794719
31.9300022,0.1982638
31.9400024,0.1912572
31.9500008,0.2052200
31.9600010,0.2053473
31.9700012,0.2138570
31.9800014,0.1948001
31.9900017,0.1866184
32.0000000,0.1929626
32.0100021,0.1937262
32.0200005,0.1947286
32.0300026,0.1876108
32.0400009,0.1817845
32.0500031,0.2010094
32.0600014,0.1878850
32.0699997,0.1923789
32.0800018,0.2188179
32.0900002,0.1982002
32.1000023,0.1924399
32.1100006,0.1969652
32.1200027,0.1823472
32.1300011,0.1778600
32.1400032,0.1913386
32.1500015,0.1949987
32.1599998,0.1856031
32.1700020,0.1835144
32.1800003,0.2002069
32.1900024,0.1846332
32.2000008,0.1986203
32.2100029,0.1896498
32.2200012,0.2071769
32.2300034,0.2042185
32.2400017,0.2094527
32.2500000,0.1925449
32.2600021,0.2005543
32.2700005,0.1859389
32.2800026,0.1959330
32.2900009,0.1915428
32.3000031,0.1721906
32.3100014,0.1770222
32.3199997,0.1894450
32.3300018,0.1728899
32.3400002,0.1793263
32.3500023,0.1763387
32.3600006,0.1771107
32.3700027,0.1766559
32.3800011,0.1762684
32.3900032,0.1850637
32.4000015,0.2007834
32.4099998,0.1932712
32.4200020,0.2109119
32.4300003,0.1931496
32.4400024,0.1969244
32.4500008,0.2084832
32.4600029,0.1947366
32.4700012,0.1892305
32.4800034,0.1705252
32.4900017,0.1774210
32.5000000,0.1894496
32.5100021,0.1748772
32.5200005,0.1803713
32.5300026,0.1744727
32.5400009,0.1902794
32.5500031,0.1848454
32.5600014,0.1970246
32.5699997,0.1949514
32.5800018,0.1898291
32.5900002,0.2040041
32.6000023,0.2128834
32.6100006,0.1992831
32.6200027,0.2123016
32.6300011,0.1945189
32.6400032,0.1962812
32.6500015,0.1988449
32.6599998,0.2079929
32.6700020,0.2030305
32.6800003,0.1990015
32.6900024,0.1936589
32.7000008,0.2026500
32.7100029,0.1970042
32.7200012,0.1926670
32.7300034,0.2011973
32.7400017,0.1696644
32.7500000,0.1881078
32.7600021,0.1851475
32.7700005,0.2021308
32.7800026,0.1947890
32.7900009,0.2147816
32.8000031,0.2099432
32.8100014,0.1940560
32.8199997,0.2057800
32.8300018,0.2155387
32.8400002,0.2039422
32.8500023,0.2314292
32.8600006,0.2387755
32.8700027,0.2489745
32.8800011,0.2424079
32.8900032,0.2547765
32.9000015,0.2587765
32.9099998,0.2671471
32.9200020,0.2594436
32.9300003,0.2526635
32.9400024,0.2563110
32.9500008,0.2783795
32.9600029,0.2402369
32.9700012,0.2420301
32.9800034,0.2617883
32.9900017,0.2498319
33.0000000,0.2807608
33.0100021,0.2794083
33.0200005,0.2474682
33.0300026,0.2519523
33.0400009,0.2853124
33.0500031,0.2592615
33.0600014,0.2577379
33.0699997,0.2309989
33.0800018,0.2241951
33.0900002,0.2342602
33.1000023,0.2402871
33.1100006,0.2377156
33.1200027,0.2174290
33.1300011,0.2362405
33.1400032,0.2197310
33.1500015,0.2085473
33.1599998,0.2210086
33.1700020,0.2224660
33.1800003,0.2468303
33.1900024,0.2239462
33.2000008,0.2215931
33.2100029,0.2388915
33.2200012,0.2646702
33.2300034,0.2408362
33.2400017,0.2641012
33.2500000,0.2449304
33.2600021,0.2620400
33.2700005,0.2602796
33.2800026,0.2776215
33.2900009,0.2418518
33.3000031,0.2506143
33.3100014,0.2528379
33.3199997,0.2384234
33.3300018,0.2499479
33.3400002,0.2490860
33.3500023,0.2493731
33.3600006,0.2474754
33.3700027,0.2713998
33.3800011,0.2790739
33.3900032,0.2690360
33.4000015,0.2885827
33.4099998,0.2493188
33.4200020,0.2321686
33.4300003,0.2394432
33.4400024,0.2397816
33.4500008,0.2369805
33.4600029,0.2551426
33.4700012,0.2452684
33.4800034,0.2456652
33.4900017,0.2930088
33.5000000,0.2724654
33.5100021,0.2769845
33.5200005,0.2891714
33.5300026,0.2611864
33.5400009,0.2626043
33.5500031,0.2732492
33.5600014,0.2762053
33.5699997,0.2905407
33.5800018,0.2724050
33.5900002,0.2766459
33.6000023,0.2565528
33.6100006,0.2754791
33.6200027,0.2687303
33.6300011,0.2627854
33.6400032,0.2822825
33.6500015,0.2773148
33.6599998,0.2726081
33.6700020,0.2421727
33.6800003,0.2389338
33.6900024,0.2276660
33.7000008,0.2290625
33.7100029,0.2134545
33.7200012,0.2128284
33.7300034,0.1931164
33.7400017,0.1948407
33.7500000,0.1864615
33.7600021,0.1883584
33.7700005,0.1997900
33.7800026,0.1965932
33.7900009,0.1992860
33.8000031,0.1799884
33.8100014,0.1737352
33.8200035,0.1801620
33.8300018,0.1795242
33.8400002,0.1909374
33.8500023,0.2023652
33.8600006,0.1838809
33.8700027,0.1808459
33.8800011,0.1842531
33.8900032,0.2095328
33.9000015,0.2141665
33.9099998,0.1944937
33.9200020,0.1902712
33.9300003,0.1980566
33.9400024,0.1945523
33.9500008,0.1791930
33.9600029,0.1806393
33.9700012,0.2053812
33.9800034,0.2067573
33.9900017,0.2074636
34.0000000,0.2059177
34.0100021,0.2043761
34.0200005,0.1931070
34.0300026,0.1908248
34.0400009,0.2021009
34.0500031,0.1806603
34.0600014,0.1792898
34.0700035,0.2009978
34.0800018,0.1975733
34.0900002,0.1830111
34.1000023,0.1968471
34.1100006,0.2098872
34.1200027,0.1985545
34.1300011,0.2133423
34.1400032,0.2193320
34.1500015,0.2098775
34.1599998,0.2066218
34.1700020,0.2036787
34.1800003,0.2251851
34.1900024,0.2233727
34.2000008,0.1975205
34.2100029,0.2271937
34.2200012,0.2237711
34.2300034,0.2189392
34.2400017,0.2241281
34.2500000,0.2210491
34.2600021,0.2202270
34.2700005,0.2158933
34.2800026,0.2571841
34.2900009,0.2750641
34.3000031,0.2751575
34.3100014,0.3055570
34.3200035,0.3310760
34.3300018,0.3239451
34.3400002,0.3175333
34.3500023,0.3186738
34.3600006,0.2987842
34.3700027,0.3098906
34.3800011,0.2955009
34.3900032,0.3099736
34.4000015,0.2940532
34.4099998,0.2951218
34.4200020,0.3046311
34.4300003,0.2922702
34.4400024,0.2931276
34.4500008,0.2867183
34.4600029,0.2828982
34.4700012,0.2711052
34.4800034,0.2652650
34.4900017,0.2559172
34.5000000,0.2605979
34.5100021,0.2394155
34.5200005,0.2432234
34.5300026,0.2403015
34.5400009,0.2501881
34.5500031,0.2487805
34.5600014,0.2381958
34.5700035,0.2422311
34.5800018,0.2390453
34.5900002,0.2626809
34.6000023,0.2671348
34.6100006,0.2769182
34.6200027,0.2649032
34.6300011,0.2688620
34.6400032,0.2535320
34.6500015,0.2598726
34.6599998,0.2592734
34.6700020,0.2498027
34.6800003,0.2202827
34.6900024,0.2277032
34.7000008,0.2376193
34.7100029,0.2506650
34.7200012,0.2317249
34.7300034,0.2164396
34.7400017,0.1995366
34.7500000,0.1984199
34.7600021,0.2020178
34.7700005,0.2049632
34.7800026,0.1877431
34.7900009,0.1905090
34.8000031,0.2160545
34.8100014,0.2078970
34.8200035,0.2066487
34.8300018,0.2018256
34.8400002,0.1960602
34.8500023,0.1947138
34.8600006,0.2037051
34.8700027,0.2059129
34.8800011,0.2025204
34.8900032,0.2000211
34.9000015,0.1918126
34.9099998,0.2009492
34.9200020,0.1919922
34.9300003,0.1910687
34.9400024,0.1987782
34.9500008,0.1984852
34.9600029,0.2078992
34.9700012,0.2059650
34.9800034,0.2137038
34.9900017,0.2175469
35.0000000,0.1950714
35.0100021,0.1948060
35.0200005,0.1839798
35.0300026,0.1988137
35.0400009,0.1959691
35.0500031,0.2084394
35.0600014,0.1934642
35.0700035,0.1984825
35.0800018,0.1897604
35.0900002,0.2007454
35.1000023,0.1916283
35.1100006,0.2035066
35.1200027,0.1779183
35.1300011,0.1872391
35.1400032,0.1810975
35.1500015,0.1868497
35.1599998,0.1941188
35.1700020,0.1849025
35.1800003,0.1846086
35.1900024,0.1931948
35.2000008,0.1871823
35.2100029,0.1978946
35.2200012,0.1981347
35.2300034,0.1952815
35.2400017,0.1971324
35.2500000,0.1811444
35.2600021,0.2071140
35.2700005,0.2060015
35.2800026,0.1859197
35.2900009,0.1845007
35.3000031,0.1965793
35.3100014,0.2044960
35.3200035,0.1966980
35.3300018,0.1873706
35.3400002,0.1676517
35.3500023,0.1639800
35.3600006,0.1718842
35.3700027,0.1842100
35.3800011,0.1900251
35.3900032,0.1858361
35.4000015,0.1990831
35.4099998,0.1930646
35.4200020,0.1796940
35.4300003,0.2099961
35.4400024,0.2056431
35.4500008,0.1830734
35.4600029,0.1840539
35.4700012,0.1661238
35.4800034,0.1902946
35.4900017,0.1853078
35.5000000,0.1931628
35.5100021,0.1922038
35.5200005,0.1856519
35.5300026,0.1881652
35.5400009,0.1786519
35.5500031,0.1874649
35.5600014,0.1973225
35.5700035,0.1915032
35.5800018,0.1932440
35.5900002,0.1933034
35.6000023,0.2055387
35.6100006,0.1880694
35.6200027,0.1873803
35.6300011,0.1842086
35.6400032,0.1793436
35.6500015,0.1901883
35.6599998,0.2104653
35.6700020,0.2140409
35.6800003,0.1878105
35.6900024,0.2265464
35.7000008,0.2086570
35.7100029,0.1751416
35.7200012,0.1808286
35.7300034,0.1891301
35.7400017,0.1870616
35.7500000,0.1887551
35.7600021,0.1918281
35.7700005,0.1884217
35.7800026,0.2032525
35.7900009,0.1967923
35.8000031,0.1956253
35.8100014,0.2151243
35.8200035,0.2068918
35.8300018,0.2109439
35.8400002,0.2195843
35.8500023,0.2131859
35.8600006,0.1970016
35.8700027,0.2106636
35.8800011,0.2115963
35.8900032,0.2055812
35.9000015,0.2193973
35.9099998,0.1986213
35.9200020,0.2131803
35.9300003,0.2023838
35.9400024,0.2037350
35.9500008,0.2050100
35.9600029,0.2087603
35.9700012,0.2113705
35.9800034,0.2061565
35.9900017,0.2038733
36.0000000,0.2019177
36.0100021,0.1972421
36.0200005,0.1852361
36.0300026,0.2013400
36.0400009,0.2078339
36.0500031,0.1861164
36.0600014,0.1815370
36.0700035,0.1860851
36.0800018,0.1869240
36.0900002,0.1883547
36.1000023,0.1976026
36.1100006,0.1737264
36.1200027,0.1856870
36.1300011,0.1778246
36.1400032,0.1961120
36.1500015,0.1995665
36.1599998,0.1888559
36.1700020,0.1828834
36.1800003,0.1949512
36.1900024,0.1921680
36.2000008,0.2030248
36.2100029,0.1878973
36.2200012,0.1833472
36.2300034,0.1832721
36.2400017,0.1896947
36.2500000,0.1932107
36.2600021,0.1952046
36.2700005,0.1900197
36.2800026,0.1821934
36.2900009,0.1767607
36.3000031,0.1651046
36.3100014,0.1853613
36.3200035,0.1752980
36.3300018,0.1880592
36.3400002,0.1795255
36.3500023,0.1789299
36.3600006,0.1937756
36.3700027,0.1980258
36.3800011,0.1942965
36.3900032,0.1847207
36.4000015,0.1940868
36.4099998,0.2103620
36.4200020,0.1860141
36.4300003,0.1706552
36.4400024,0.1880531
36.4500008,0.1907635
36.4600029,0.1910902
36.4700012,0.2016992
36.4800034,0.1926658
36.4900017,0.1919623
36.5000000,0.1922176
36.5100021,0.1792305
36.5200005,0.1907146
36.5300026,0.1696113
36.5400009,0.1772205
36.5500031,0.1946608
36.5600014,0.1820386
36.5700035,0.1753049
36.5800018,0.1856438
36.5900002,0.1640427
36.6000023,0.1675305
36.6100006,0.1724070
36.6200027,0.1708689
36.6300011,0.1883269
36.6400032,0.1874531
36.6500015,0.1726921
36.6599998,0.1827246
36.6700020,0.1986651
36.6800003,0.2070975
36.6900024,0.1964505
36.7000008,0.1951395
36.7100029,0.1776643
36.7200012,0.1866655
36.7300034,0.1957170
36.7400017,0.2053321
36.7500000,0.1972285
36.7600021,0.1991737
36.7700005,0.2096059
36.7800026,0.2140308
36.7900009,0.2106104
36.8000031,0.2299719
36.8100014,0.2005297
36.8200035,0.1933655
36.8300018,0.1750783
36.8400002,0.1781380
36.8500023,0.1703188
36.8600006,0.1911313
36.8700027,0.1846761
36.8800011,0.1893162
36.8900032,0.2007405
36.9000015,0.2001772
36.9099998,0.1997045
36.9200020,0.2120439
36.9300003,0.2026740
36.9400024,0.2176110
36.9500008,0.2178531
36.9600029,0.2061773
36.9700012,0.1943873
36.9800034,0.1856923
36.9900017,0.1859012
37.0000000,0.1887689
37.0100021,0.1828671
37.0200005,0.1934410
37.0300026,0.1883601
37.0400009,0.1834888
37.0500031,0.1837870
37.0600014,0.1923495
37.0700035,0.1913799
37.0800018,0.1875793
37.0900002,0.1872423
37.1000023,0.1811014
37.1100006,0.1873198
37.1200027,0.1697541
37.1300011,0.1680967
37.1400032,0.1756144
37.1500015,0.1818524
37.1600037,0.1815646
37.1700020,0.1788050
37.1800003,0.1740443
37.1900024,0.1779475
37.2000008,0.1869915
37.2100029,0.1831230
37.2200012,0.2043243
37.2300034,0.1742447
37.2400017,0.1768379
37.2500000,0.1736057
37.2600021,0.1754639
37.2700005,0.1840074
37.2800026,0.1994166
37.2900009,0.1914731
37.3000031,0.1888513
37.3100014,0.1965269
37.3200035,0.1837963
37.3300018,0.1892045
37.3400002,0.1729596
37.3500023,0.1652604
37.3600006,0.1652314
37.3700027,0.1817206
37.3800011,0.1949069
37.3900032,0.1891696
37.4000015,0.1995467
37.4100037,0.1836970
37.4200020,0.1928557
37.4300003,0.2222909
37.4400024,0.2020816
37.4500008,0.1854034
37.4600029,0.1914149
37.4700012,0.1784045
37.4800034,0.1822639
37.4900017,0.1701993
37.5000000,0.1672603
37.5100021,0.1858637
37.5200005,0.1751490
37.5300026,0.1839353
37.5400009,0.2067668
37.5500031,0.1993341
37.5600014,0.2103131
37.5700035,0.1980198
37.5800018,0.2014352
37.5900002,0.2065961
37.6000023,0.1934310
37.6100006,0.2124088
37.6200027,0.1986553
37.6300011,0.1987693
37.6400032,0.1782662
37.6500015,0.1771644
37.6600037,0.1735547
37.6700020,0.1826242
37.6800003,0.1730685
37.6900024,0.1838703
37.7000008,0.1793309
37.7100029,0.1888889
37.7200012,0.1678396
37.7300034,0.1703582
37.7400017,0.1711015
37.7500000,0.1846917
37.7600021,0.1994005
37.7700005,0.1962039
37.7800026,0.1928362
37.7900009,0.1852142
37.8000031,0.1854804
37.8100014,0.1818656
37.8200035,0.1930609
37.8300018,0.1925803
37.8400002,0.1884300
37.8500023,0.1836828
37.8600006,0.1858833
37.8700027,0.1802034
37.8800011,0.1881476
37.8900032,0.1889651
37.9000015,0.1841925
37.9100037,0.1759718
37.9200020,0.1804639
37.9300003,0.1779512
37.9400024,0.1744015
37.9500008,0.1860801
37.9600029,0.1919403
37.9700012,0.1745419
37.9800034,0.1782179
37.9900017,0.1849063
38.0000000,0.1731323
38.0100021,0.1857798
38.0200005,0.1927101
38.0300026,0.1847281
38.0400009,0.1863471
38.0500031,0.1705562
38.0600014,0.1846275
38.0700035,0.1906202
38.0800018,0.1834309
38.0900002,0.1911796
38.1000023,0.1794220
38.1100006,0.1700359
38.1200027,0.1877941
38.1300011,0.1893429
38.1400032,0.1948777
38.1500015,0.1954200
38.1600037,0.1847476
38.1700020,0.1874178
38.1800003,0.1781652
38.1900024,0.1691160
38.2000008,0.1802701
38.2100029,0.1773951
38.2200012,0.1772799
38.2300034,0.1775621
38.2400017,0.1856818
38.2500000,0.1905090
38.2600021,0.1781325
38.2700005,0.1796372
38.2800026,0.1740723
38.2900009,0.1801750
38.3000031,0.1848027
38.3100014,0.1962011
38.3200035,0.1769373
38.3300018,0.1927206
38.3400002,0.1931400
38.3500023,0.1834282
38.3600006,0.1796350
38.3700027,0.1712879
38.3800011,0.1643042
38.3900032,0.1858402
38.4000015,0.1670502
38.4100037,0.1724802
38.4200020,0.1656008
38.4300003,0.1637934
38.4400024,0.1736416
38.4500008,0.1636372
38.4600029,0.1709186
38.4700012,0.1704719
38.4800034,0.1665105
38.4900017,0.1742722
38.5000000,0.1754230
38.5100021,0.1667041
38.5200005,0.1928843
38.5300026,0.1788915
38.5400009,0.1828774
38.5500031,0.2010833
38.5600014,0.1936244
38.5700035,0.1952759
38.5800018,0.2010415
38.5900002,0.1993370
38.6000023,0.2097234
38.6100006,0.1885841
38.6200027,0.1744778
38.6300011,0.1783462
38.6400032,0.1881777
38.6500015,0.1776487
38.6600037,0.1715760
38.6700020,0.1961058
38.6800003,0.1972268
38.6900024,0.2152006
38.7000008,0.2045629
38.7100029,0.1885470
38.7200012,0.1999059
38.7300034,0.1981847
38.7400017,0.1946635
38.7500000,0.1841355
38.7600021,0.1856658
38.7700005,0.1783797
38.7800026,0.1801979
38.7900009,0.1947454
38.8000031,0.1909432
38.8100014,0.1887386
38.8200035,0.1817354
38.8300018,0.1909581
38.8400002,0.1874261
38.8500023,0.1850948
38.8600006,0.1840502
38.8700027,0.1816691
38.8800011,0.1773245
38.8900032,0.1539493
38.9000015,0.1806585
38.9100037,0.1697105
38.9200020,0.1725073
38.9300003,0.1885257
38.9400024,0.1898707
38.9500008,0.1856655
38.9600029,0.1866138
38.9700012,0.1837462
38.9800034,0.1894631
38.9900017,0.1819040
39.0000000,0.2014352
39.0100021,0.1779711
39.0200005,0.1636986
39.0300026,0.1830428
39.0400009,0.1795337
39.0500031,0.1673578
39.0600014,0.1597766
39.0700035,0.1697524
39.0800018,0.1739193
39.0900002,0.1941417
39.1000023,0.2021933
39.1100006,0.2017323
39.1200027,0.1838329
39.1300011,0.2066614
39.1400032,0.1919080
39.1500015,0.2049687
39.1600037,0.2101563
39.1700020,0.2105065
39.1800003,0.2050364
39.1900024,0.1902567
39.2000008,0.1823765
39.2100029,0.1871485
39.2200012,0.1994234
39.2300034,0.1929402
39.2400017,0.1967144
39.2500000,0.1885272
39.2600021,0.2039979
39.2700005,0.1933576
39.2800026,0.1954598
39.2900009,0.1805920
39.3000031,0.1815631
39.3100014,0.1767150
39.3200035,0.1738809
39.3300018,0.1719361
39.3400002,0.1869315
39.3500023,0.1844707
39.3600006,0.1887404
39.3700027,0.2027601
39.3800011,0.1956863
39.3900032,0.1912077
39.4000015,0.1967933
39.4100037,0.1927454
39.4200020,0.1829869
39.4300003,0.1754730
39.4400024,0.1919267
39.4500008,0.2080850
39.4600029,0.2131654
39.4700012,0.1821819
39.4800034,0.2069157
39.4900017,0.1933110
39.5000000,0.2024883
39.5100021,0.1974281
39.5200005,0.2006582
39.5300026,0.1970860
39.5400009,0.1986725
39.5500031,0.1981986
39.5600014,0.1954081
39.5700035,0.2098230
39.5800018,0.1984998
39.5900002,0.2003316
39.6000023,0.1841929
39.6100006,0.2002891
39.6200027,0.1837371
39.6300011,0.1917158
39.6400032,0.2062465
39.6500015,0.1971002
39.6600037,0.1981495
39.6700020,0.1888191
39.6800003,0.2025491
39.6900024,0.2051863
39.7000008,0.2136477
39.7100029,0.2051232
39.7200012,0.2034893
39.7300034,0.2033605
39.7400017,0.2066668
39.7500000,0.2071570
39.7600021,0.2029519
39.7700005,0.1980312
39.7800026,0.2051341
39.7900009,0.1987243
39.8000031,0.1902134
39.8100014,0.1979658
39.8200035,0.1945094
39.8300018,0.1793409
39.8400002,0.1809324
39.8500023,0.1856696
39.8600006,0.1993504
39.8700027,0.1881439
39.8800011,0.2024180
39.8900032,0.1870931
39.9000015,0.1844422
39.9100037,0.1950580
39.9200020,0.1877827
39.9300003,0.1838805
39.9400024,0.1813689
39.9500008,0.1952378
39.9600029,0.1895646
39.9700012,0.1882798
39.9800034,0.1950016
39.9900017,0.1917519
40.0000000,0.1837639
40.0100021,0.1838361
40.0200005,0.1871473
40.0300026,0.1847691
40.0400009,0.1966792
40.0500031,0.2022780
40.0600014,0.1910233
40.0700035,0.1985484
40.0800018,0.1914242
40.0900002,0.1779571
40.1000023,0.1908832
40.1100006,0.1883686
40.1200027,0.1779982
40.1300011,0.1998321
40.1400032,0.2003988
40.1500015,0.1956306
40.1600037,0.1845169
40.1700020,0.1727297
40.1800003,0.1838213
40.1900024,0.1896454
40.2000008,0.2020794
40.2100029,0.1749213
40.2200012,0.1832911
40.2300034,0.1910915
40.2400017,0.1835222
40.2500038,0.1919842
40.2600021,0.1950567
40.2700005,0.1840491
40.2800026,0.1906076
40.2900009,0.1816239
40.3000031,0.2094821
40.3100014,0.1957155
40.3200035,0.2031821
40.3300018,0.1928283
40.3400002,0.1918594
40.3500023,0.1957240
40.3600006,0.2085439
40.3700027,0.2094173
40.3800011,0.2059646
40.3900032,0.2226343
40.4000015,0.1951847
40.4100037,0.2060629
40.4200020,0.2040151
40.4300003,0.1992516
40.4400024,0.2044737
40.4500008,0.1972573
40.4600029,0.1910341
40.4700012,0.1915681
40.4800034,0.2070739
40.4900017,0.1958217
40.5000038,0.2069472
40.5100021,0.2086718
40.5200005,0.2039538
40.5300026,0.2217665
40.5400009,0.2238165
40.5500031,0.2081356
40.5600014,0.2217195
40.5700035,0.2060159
40.5800018,0.2053269
40.5900002,0.2078790
40.6000023,0.2127456
40.6100006,0.2212222
40.6200027,0.2051628
40.6300011,0.1975642
40.6400032,0.2040580
40.6500015,0.2005709
40.6600037,0.1901193
40.6700020,0.1875131
40.6800003,0.2206998
40.6900024,0.1998035
40.7000008,0.2073428
40.7100029,0.1982394
40.7200012,0.2097046
40.7300034,0.1954677
40.7400017,0.1984570
40.7500038,0.2066248
40.7600021,0.1984507
40.7700005,0.1868498
40.7800026,0.1889223
40.7900009,0.1940181
40.8000031,0.1890349
40.8100014,0.1922912
40.8200035,0.1939439
40.8300018,0.1928444
40.8400002,0.1975449
40.8500023,0.2108752
40.8600006,0.2014649
40.8700027,0.1979471
40.8800011,0.1876741
40.8900032,0.1903960
40.9000015,0.1838542
40.9100037,0.2002953
40.9200020,0.2014695
40.9300003,0.2108670
40.9400024,0.1899081
40.9500008,0.2003029
40.9600029,0.1945917
40.9700012,0.2133010
40.9800034,0.2192762
40.9900017,0.2177336
41.0000038,0.2247407
41.0100021,0.1882019
41.0200005,0.1893768
41.0300026,0.1939507
41.0400009,0.2040124
41.0500031,0.2107508
41.0600014,0.2128207
41.0700035,0.2002701
41.0800018,0.1986168
41.0900002,0.1962114
41.1000023,0.2023172
41.1100006,0.2012725
41.1200027,0.2052526
41.1300011,0.1931033
41.1400032,0.1717607
41.1500015,0.1841190
41.1600037,0.1985240
41.1700020,0.1906906
41.1800003,0.2072573
41.1900024,0.1881577
41.2000008,0.1996110
41.2100029,0.2101866
41.2200012,0.2011618
41.2300034,0.2043463
41.2400017,0.1801868
41.2500038,0.1709078
41.2600021,0.1859472
41.2700005,0.2037973
41.2800026,0.1894521
41.2900009,0.2010874
41.3000031,0.1939664
41.3100014,0.2042561
41.3200035,0.2148814
41.3300018,0.2069560
41.3400002,0.2068432
41.3500023,0.2256338
41.3600006,0.1989696
41.3700027,0.2017181
41.3800011,0.2130765
41.3900032,0.1989364
41.4000015,0.1977770
41.4100037,0.2005681
41.4200020,0.2058035
41.4300003,0.2205242
41.4400024,0.2027496
41.4500008,0.2286667
41.4600029,0.2166316
41.4700012,0.2106812
41.4800034,0.2242308
41.4900017,0.2182944
41.5000038,0.2231272
41.5100021,0.2134314
41.5200005,0.2106057
41.5300026,0.2144658
41.5400009,0.2032847
41.5500031,0.2242873
41.5600014,0.2167405
41.5700035,0.2086371
41.5800018,0.2193820
41.5900002,0.2245976
41.6000023,0.2256549
41.6100006,0.2134233
41.6200027,0.2046781
41.6300011,0.2030568
41.6400032,0.2080143
41.6500015,0.2188251
41.6600037,0.2060037
41.6700020,0.2040463
41.6800003,0.2025019
41.6900024,0.2122816
41.7000008,0.2105214
41.7100029,0.2167025
41.7200012,0.2185746
41.7300034,0.2115517
41.7400017,0.2266409
41.7500038,0.2221096
41.7600021,0.2189644
41.7700005,0.2064333
41.7800026,0.2211380
41.7900009,0.2019952
41.8000031,0.2227705
41.8100014,0.2169086
41.8200035,0.2125617
41.8300018,0.2158614
41.8400002,0.2131850
41.8500023,0.2058088
41.8600006,0.2155319
41.8700027,0.2120790
41.8800011,0.1921614
41.8900032,0.2030865
41.9000015,0.2071885
41.9100037,0.2139017
41.9200020,0.2067019
41.9300003,0.2091102
41.9400024,0.2193214
41.9500008,0.2185061
41.9600029,0.2120554
41.9700012,0.2077198
41.9800034,0.2119271
41.9900017,0.2090844
42.0000038,0.2034498
42.0100021,0.2075674
42.0200005,0.2142289
42.0300026,0.2076679
42.0400009,0.2082005
42.0500031,0.2171056
42.0600014,0.2201412
42.0700035,0.2181005
42.0800018,0.2235189
42.0900002,0.2208758
42.1000023,0.2171910
42.1100006,0.2117435
42.1200027,0.2099977
42.1300011,0.2165936
42.1400032,0.2160698
42.1500015,0.1918318
42.1600037,0.2016032
42.1700020,0.1872639
42.1800003,0.2025621
42.1900024,0.1981097
42.2000008,0.1921626
42.2100029,0.2014116
42.2200012,0.1979678
42.2300034,0.1945203
42.2400017,0.2026078
42.2500038,0.1949229
42.2600021,0.1966891
42.2700005,0.1974569
42.2800026,0.2045717
42.2900009,0.2159930
42.3000031,0.1937548
42.3100014,0.1760038
42.3200035,0.1703489
42.3300018,0.1791574
42.3400002,0.1731350
42.3500023,0.1693791
42.3600006,0.1868553
42.3700027,0.1690017
42.3800011,0.1912532
42.3900032,0.1918587
42.4000015,0.1675292
42.4100037,0.1992286
42.4200020,0.1951588
42.4300003,0.1916965
42.4400024,0.1957310
42.4500008,0.1875541
42.4600029,0.1925871
42.4700012,0.1990696
42.4800034,0.1923120
42.4900017,0.2046960
42.5000038,0.1973786
42.5100021,0.1923011
42.5200005,0.1877358
42.5300026,0.1828863
42.5400009,0.1961755
42.5500031,0.1888209
42.5600014,0.1947158
42.5700035,0.1839156
42.5800018,0.1832378
42.5900002,0.1785083
42.6000023,0.1817433
42.6100006,0.1873379
42.6200027,0.2017366
42.6300011,0.2029135
42.6400032,0.1768476
42.6500015,0.1906940
42.6600037,0.1894157
42.6700020,0.1819826
42.6800003,0.1937373
42.6900024,0.2025682
42.7000008,0.1788075
42.7100029,0.1778001
42.7200012,0.1741017
42.7300034,0.1715227
42.7400017,0.2111830
42.7500038,0.2118450
42.7600021,0.1914020
42.7700005,0.1962386
42.7800026,0.1936221
42.7900009,0.1826414
42.8000031,0.2011885
42.8100014,0.1888831
42.8200035,0.1919284
42.8300018,0.2010285
42.8400002,0.2049920
42.8500023,0.2003442
42.8600006,0.1979346
42.8700027,0.2052299
42.8800011,0.2159105
42.8900032,0.2003485
42.9000015,0.1996723
42.9100037,0.1821235
42.9200020,0.1879531
42.9300003,0.1856757
42.9400024,0.1973541
42.9500008,0.2057722
42.9600029,0.2187041
42.9700012,0.1989214
42.9800034,0.1956713
42.9900017,0.1992239
43.0000038,0.1810774
43.0100021,0.1944691
43.0200005,0.1822489
43.0300026,0.1899146
43.0400009,0.2103799
43.0500031,0.1935641
43.0600014,0.2002481
43.0700035,0.2043967
43.0800018,0.1874312
43.0900002,0.2022323
43.1000023,0.1687201
43.1100006,0.1924783
43.1200027,0.1827677
43.1300011,0.1814011
43.1400032,0.1928173
43.1500015,0.1987016
43.1600037,0.1964463
43.1700020,0.1808146
43.1800003,0.1767312
43.1900024,0.1762255
43.2000008,0.1752968
43.2100029,0.1819277
43.2200012,0.1829362
43.2300034,0.1773141
43.2400017,0.1826808
43.2500038,0.1828675
43.2600021,0.2084358
43.2700005,0.1860039
43.2800026,0.1810324
43.2900009,0.1820838
43.3000031,0.1675733
43.3100014,0.1794193
43.3200035,0.1748927
43.3300018,0.1721280
43.3400002,0.1764272
43.3500023,0.1921134
43.3600006,0.1943769
43.3700027,0.1914294
43.3800011,0.1836392
43.3900032,0.1844605
43.4000015,0.2032631
43.4100037,0.1886090
43.4200020,0.2080716
43.4300003,0.1818365
43.4400024,0.2021741
43.4500008,0.1978404
43.4600029,0.1958062
43.4700012,0.1869410
43.4800034,0.2033151
43.4900017,0.2152330
43.5000038,0.2172493
43.5100021,0.2017209
43.5200005,0.2102928
43.5300026,0.1974683
43.5400009,0.1950614
43.5500031,0.1951366
43.5600014,0.2060525
43.5700035,0.1983515
43.5800018,0.2097908
43.5900040,0.1906818
43.6000023,0.1817344
43.6100006,0.1932718
43.6200027,0.1944700
43.6300011,0.1980875
43.6400032,0.2014894
43.6500015,0.2007173
43.6600037,0.1914726
43.6700020,0.1770362
43.6800003,0.1835126
43.6900024,0.1944483
43.7000008,0.1796999
43.7100029,0.1644429
43.7200012,0.1812040
43.7300034,0.1889942
43.7400017,0.1958515
43.7500038,0.1901718
43.7600021,0.1954784
43.7700005,0.1990408
43.7800026,0.1869089
43.7900009,0.1907970
43.8000031,0.1893630
43.8100014,0.1998094
43.8200035,0.2090355
43.8300018,0.1921353
43.8400040,0.1977978
43.8500023,0.2048846
43.8600006,0.2101795
43.8700027,0.2086918
43.8800011,0.1974167
43.8900032,0.2069105
43.9000015,0.2003428
43.9100037,0.2059412
43.9200020,0.2052298
43.9300003,0.1969569
43.9400024,0.1974678
43.9500008,0.1984393
43.9600029,0.2205400
43.9700012,0.2113333
43.9800034,0.2054708
43.9900017,0.2052535
44.0000038,0.2060424
44.0100021,0.1966697
44.0200005,0.1873720
44.0300026,0.2022798
44.0400009,0.2056233
44.0500031,0.1965239
44.0600014,0.1985293
44.0700035,0.1945493
44.0800018,0.2044380
44.0900040,0.2129872
44.1000023,0.2033675
44.1100006,0.2079404
44.1200027,0.2070933
44.1300011,0.1965302
44.1400032,0.2001570
44.1500015,0.2175120
44.1600037,0.2011920
44.1700020,0.2175839
44.1800003,0.2004184
44.1900024,0.2293480
44.2000008,0.2506726
44.2100029,0.2392506
44.2200012,0.2333422
44.2300034,0.2546322
44.2400017,0.2356693
44.2500038,0.2372564
44.2600021,0.2273448
44.2700005,0.2208775
44.2800026,0.1923098
44.2900009,0.2193095
44.3000031,0.2104402
44.3100014,0.1909290
44.3200035,0.2013393
44.3300018,0.1966876
44.3400040,0.1997502
44.3500023,0.1963443
44.3600006,0.1985175
44.3700027,0.1985632
44.3800011,0.1954440
44.3900032,0.2010668
44.4000015,0.1996283
44.4100037,0.1970488
44.4200020,0.1788577
44.4300003,0.1927899
44.4400024,0.1929856
44.4500008,0.2024789
44.4600029,0.1842491
44.4700012,0.1792225
44.4800034,0.2108660
44.4900017,0.2194350
44.5000038,0.1806501
44.5100021,0.1886381
44.5200005,0.1789310
44.5300026,0.1948958
44.5400009,0.2056398
44.5500031,0.1896106
44.5600014,0.1809345
44.5700035,0.1864914
44.5800018,0.1888563
44.5900040,0.1746956
44.6000023,0.2004532
44.6100006,0.1918067
44.6200027,0.1757845
44.6300011,0.1878594
44.6400032,0.2001298
44.6500015,0.1964433
44.6600037,0.1914399
44.6700020,0.1870276
44.6800003,0.1989007
44.6900024,0.1955873
44.7000008,0.1878857
44.7100029,0.2089599
44.7200012,0.2058593
44.7300034,0.2187916
44.7400017,0.2101967
44.7500038,0.2048274
44.7600021,0.1887535
44.7700005,0.2075545
44.7800026,0.2032338
44.7900009,0.2188056
44.8000031,0.2321850
44.8100014,0.2266691
44.8200035,0.2068739
44.8300018,0.2077534
44.8400040,0.2067795
44.8500023,0.1916711
44.8600006,0.1831886
44.8700027,0.1874980
44.8800011,0.1753003
44.8900032,0.1970721
44.9000015,0.1898337
44.9100037,0.1884856
44.9200020,0.1993049
44.9300003,0.1868640
44.9400024,0.1763353
44.9500008,0.1691367
44.9600029,0.1751995
44.9700012,0.1812193
44.9800034,0.1743024
44.9900017,0.1704664
45.0000038,0.1662410
45.0100021,0.1811919
45.0200005,0.1756199
45.0300026,0.1826757
45.0400009,0.1802096
45.0500031,0.1863421
45.0600014,0.1786911
45.0700035,0.1873988
45.0800018,0.1733317
45.0900040,0.1594578
45.1000023,0.1743090
45.1100006,0.1933439
45.1200027,0.1866414
45.1300011,0.1769897
45.1400032,0.2034173
45.1500015,0.1845989
45.1600037,0.1856532
45.1700020,0.1877621
45.1800003,0.1894124
45.1900024,0.1928463
45.2000008,0.1674920
45.2100029,0.1734290
45.2200012,0.1773938
45.2300034,0.1702928
45.2400017,0.1794207
45.2500038,0.1813589
45.2600021,0.1817207
45.2700005,0.1701250
45.2800026,0.1757571
45.2900009,0.1745415
45.3000031,0.1771237
45.3100014,0.1636345
45.3200035,0.1804992
45.3300018,0.1964851
45.3400040,0.1902340
45.3500023,0.1801434
45.3600006,0.1916988
45.3700027,0.1868626
45.3800011,0.1766296
45.3900032,0.1943400
45.4000015,0.1818137
45.4100037,0.1828930
45.4200020,0.1821893
45.4300003,0.1769206
45.4400024,0.1696254
45.4500008,0.1781849
45.4600029,0.1782052
45.4700012,0.1896731
45.4800034,0.1933741
45.4900017,0.1912576
45.5000038,0.1907075
45.5100021,0.2141320
45.5200005,0.2033576
45.5300026,0.1983622
45.5400009,0.2042518
45.5500031,0.2277954
45.5600014,0.2032203
45.5700035,0.1988186
45.5800018,0.2111736
45.5900040,0.1832164
45.6000023,0.1939686
45.6100006,0.2327614
45.6200027,0.1881025
45.6300011,0.1916839
45.6400032,0.1920504
45.6500015,0.1791472
45.6600037,0.1874592
45.6700020,0.1794610
45.6800003,0.1969484
45.6900024,0.1946490
45.7000008,0.1905801
45.7100029,0.1895470
45.7200012,0.2011053
45.7300034,0.2036094
45.7400017,0.1945340
45.7500038,0.1830848
45.7600021,0.1860589
45.7700005,0.1951170
45.7800026,0.1737576
45.7900009,0.1912053
45.8000031,0.1940631
45.8100014,0.1969001
45.8200035,0.2057677
45.8300018,0.2074155
45.8400040,0.1995714
45.8500023,0.1751972
45.8600006,0.1873443
45.8700027,0.1792532
45.8800011,0.1672972
45.8900032,0.1846867
45.9000015,0.1620164
45.9100037,0.1628664
45.9200020,0.1634588
45.9300003,0.1760266
45.9400024,0.1862557
45.9500008,0.1979446
45.9600029,0.1814094
45.9700012,0.1976709
45.9800034,0.1813408
45.9900017,0.1921338
46.0000038,0.1776311
46.0100021,0.1785285
46.0200005,0.1926149
46.0300026,0.1913860
46.0400009,0.2065076
46.0500031,0.2071043
46.0600014,0.1967415
46.0700035,0.1890142
46.0800018,0.1988369
46.0900040,0.2067148
46.1000023,0.1890646
46.1100006,0.2094584
46.1200027,0.2043556
46.1300011,0.2090368
46.1400032,0.1992434
46.1500015,0.2045329
46.1600037,0.2184369
46.1700020,0.2111503
46.1800003,0.2151171
46.1900024,0.2104726
46.2000008,0.1989455
46.2100029,0.1894968
46.2200012,0.2107418
46.2300034,0.1985666
46.2400017,0.1942115
46.2500038,0.1933325
46.2600021,0.2006059
46.2700005,0.1920805
46.2800026,0.1887933
46.2900009,0.2070677
46.3000031,0.2081333
46.3100014,0.1895428
46.3200035,0.2039195
46.3300018,0.2180430
46.3400040,0.2174527
46.3500023,0.1923501
46.3600006,0.2247625
46.3700027,0.2180292
46.3800011,0.2121789
46.3900032,0.2304172
46.4000015,0.2310919
46.4100037,0.2326182
46.4200020,0.2155412
46.4300003,0.2393533
46.4400024,0.2445988
46.4500008,0.2221667
46.4600029,0.2317207
46.4700012,0.2218291
46.4800034,0.2332307
46.4900017,0.2233201
46.5000038,0.2106484
46.5100021,0.2114701
46.5200005,0.1859657
46.5300026,0.2010784
46.5400009,0.1969388
46.5500031,0.2014310
46.5600014,0.1792393
46.5700035,0.1871691
46.5800018,0.1798030
46.5900040,0.1862450
46.6000023,0.1775761
46.6100006,0.1762236
46.6200027,0.1761553
46.6300011,0.1873182
46.6400032,0.1817119
46.6500015,0.1690378
46.6600037,0.1847138
46.6700020,0.1810938
46.6800041,0.1792727
46.6900024,0.1972024
46.7000008,0.2038703
46.7100029,0.1993622
46.7200012,0.1916436
46.7300034,0.1870418
46.7400017,0.1937100
46.7500038,0.1984005
46.7600021,0.2034376
46.7700005,0.1962680
46.7800026,0.1838414
46.7900009,0.1806594
46.8000031,0.1886273
46.8100014,0.1795852
46.8200035,0.1929241
46.8300018,0.1968322
46.8400040,0.2027189
46.8500023,0.1818521
46.8600006,0.1830929
46.8700027,0.1847053
46.8800011,0.1792131
46.8900032,0.1849854
46.9000015,0.1792683
46.9100037,0.1819369
46.9200020,0.1786927
46.9300041,0.1712193
46.9400024,0.1693037
46.9500008,0.1693276
46.9600029,0.1937618
46.9700012,0.1886995
46.9800034,0.2038459
46.9900017,0.1933094
47.0000038,0.1923930
47.0100021,0.1899242
47.0200005,0.1679400
47.0300026,0.1770501
47.0400009,0.1804404
47.0500031,0.1889827
47.0600014,0.1830162
47.0700035,0.1900207
47.0800018,0.1841512
47.0900040,0.1871890
47.1000023,0.1955175
47.1100006,0.1852209
47.1200027,0.1707421
47.1300011,0.1747548
47.1400032,0.1679078
47.1500015,0.1825951
47.1600037,0.1730281
47.1700020,0.1887145
47.1800041,0.1803297
47.1900024,0.2043360
47.2000008,0.2107821
47.2100029,0.2088759
47.2200012,0.2176886
47.2300034,0.1979091
47.2400017,0.1960715
47.2500038,0.1985179
47.2600021,0.1865648
47.2700005,0.1983025
47.2800026,0.1968536
47.2900009,0.1832051
47.3000031,0.1941994
47.3100014,0.1859506
47.3200035,0.2231636
47.3300018,0.2155456
47.3400040,0.2018860
47.3500023,0.1984290
47.3600006,0.1931134
47.3700027,0.1959445
47.3800011,0.1982794
47.3900032,0.1955518
47.4000015,0.1901871
47.4100037,0.1869461
47.4200020,0.1875234
47.4300041,0.2022513
47.4400024,0.1910228
47.4500008,0.1935357
47.4600029,0.1933422
47.4700012,0.1839821
47.4800034,0.1829970
47.4900017,0.1866678
47.5000038,0.1859094
47.5100021,0.1895706
47.5200005,0.1909317
47.5300026,0.1961887
47.5400009,0.1939191
47.5500031,0.1831365
47.5600014,0.1718532
47.5700035,0.1849857
47.5800018,0.1824291
47.5900040,0.1753023
47.6000023,0.1736554
47.6100006,0.1927783
47.6200027,0.1842691
47.6300011,0.1883058
47.6400032,0.1809342
47.6500015,0.1920882
47.6600037,0.1968020
47.6700020,0.1912890
47.6800041,0.1886465
47.6900024,0.1657901
47.7000008,0.1684422
47.7100029,0.1909589
47.7200012,0.1841590
47.7300034,0.1686596
47.7400017,0.1828878
47.7500038,0.1838031
47.7600021,0.1828754
47.7700005,0.1978688
47.7800026,0.1863887
47.7900009,0.2080581
47.8000031,0.1912628
47.8100014,0.1834025
47.8200035,0.2037567
47.8300018,0.1949894
47.8400040,0.2146879
47.8500023,0.2130934
47.8600006,0.2119285
47.8700027,0.2087320
47.8800011,0.2137512
47.8900032,0.2163150
47.9000015,0.2100686
47.9100037,0.2006608
47.9200020,0.1760357
47.9300041,0.1824407
47.9400024,0.1729780
47.9500008,0.1647793
47.9600029,0.1835420
47.9700012,0.1841904
47.9800034,0.1758668
47.9900017,0.1850959
48.0000038,0.1886529
48.0100021,0.1843327
48.0200005,0.1752898
48.0300026,0.1771002
48.0400009,0.1728575
48.0500031,0.1783489
48.0600014,0.1780341
48.0700035,0.1909726
48.0800018,0.2012161
48.0900040,0.1879743
48.1000023,0.1983026
48.1100006,0.1890426
48.1200027,0.1914423
48.1300011,0.1909456
48.1400032,0.1852224
48.1500015,0.1809947
48.1600037,0.1954453
48.1700020,0.1999239
48.1800041,0.1948096
48.1900024,0.1980585
48.2000008,0.1893628
48.2100029,0.1918994
48.2200012,0.1856085
48.2300034,0.1840382
48.2400017,0.1814674
48.2500038,0.1833365
48.2600021,0.1637251
48.2700005,0.1891014
48.2800026,0.1782381
48.2900009,0.1764299
48.3000031,0.1856773
48.3100014,0.1822241
48.3200035,0.1798611
48.3300018,0.1867570
48.3400040,0.1891698
48.3500023,0.1893547
48.3600006,0.1898051
48.3700027,0.1810020
48.3800011,0.1730348
48.3900032,0.1764704
48.4000015,0.1713232
48.4100037,0.1736444
48.4200020,0.1732971
48.4300041,0.1817863
48.4400024,0.1844579
48.4500008,0.1952839
48.4600029,0.1932685
48.4700012,0.1875627
48.4800034,0.1810512
48.4900017,0.1771901
48.5000038,0.1819147
48.5100021,0.1812427
48.5200005,0.2021220
48.5300026,0.1895324
48.5400009,0.1838009
48.5500031,0.2034224
48.5600014,0.1870588
48.5700035,0.1820736
48.5800018,0.1885011
48.5900040,0.1751879
48.6000023,0.1762445
48.6100006,0.1658476
48.6200027,0.1788194
48.6300011,0.1798274
48.6400032,0.1856073
48.6500015,0.1765286
48.6600037,0.1821427
48.6700020,0.1793066
48.6800041,0.1967978
48.6900024,0.1903099
48.7000008,0.1841737
48.7100029,0.1903114
48.7200012,0.1853249
48.7300034,0.1897275
48.7400017,0.1872597
48.7500038,0.1860627
48.7600021,0.1750271
48.7700005,0.1596467
48.7800026,0.1787796
48.7900009,0.1656488
48.8000031,0.1683594
48.8100014,0.1509447
48.8200035,0.1639185
48.8300018,0.1626125
48.8400040,0.1624027
48.8500023,0.1582271
48.8600006,0.1534568
48.8700027,0.1719085
48.8800011,0.1627056
48.8900032,0.1767527
48.9000015,0.2047900
48.9100037,0.1855079
48.9200020,0.1714121
48.9300041,0.1782835
48.9400024,0.1692272
48.9500008,0.1869158
48.9600029,0.1944822
48.9700012,0.1924397
48.9800034,0.1891034
48.9900017,0.1920304
49.0000038,0.1925363
49.0100021,0.1959532
49.0200005,0.1722592
49.0300026,0.1829006
49.0400009,0.1740739
49.0500031,0.1738484
49.0600014,0.1761014
49.0700035,0.1774156
49.0800018,0.1892953
49.0900040,0.1891076
49.1000023,0.1798492
49.1100006,0.1655002
49.1200027,0.1666654
49.1300011,0.1721581
49.1400032,0.1741010
49.1500015,0.1855279
49.1600037,0.1837359
49.1700020,0.1563268
49.1800041,0.1769052
49.1900024,0.1707009
49.2000008,0.1620119
49.2100029,0.1561453
49.2200012,0.1745554
49.2300034,0.1848343
49.2400017,0.1714203
49.2500038,0.1606758
49.2600021,0.1716288
49.2700005,0.1666033
49.2800026,0.1624451
49.2900009,0.1650304
49.3000031,0.1802144
49.3100014,0.1791827
49.3200035,0.1739453
49.3300018,0.1652409
49.3400040,0.1614724
49.3500023,0.1662788
49.3600006,0.1662654
49.3700027,0.1837698
49.3800011,0.1768660
49.3900032,0.1798074
49.4000015,0.1791672
49.4100037,0.1932483
49.4200020,0.1735538
49.4300041,0.1632119
49.4400024,0.1841239
49.4500008,0.1875650
49.4600029,0.1854246
49.4700012,0.1853508
49.4800034,0.1782394
49.4900017,0.1824777
49.5000038,0.1973947
49.5100021,0.1973507
49.5200005,0.1784933
49.5300026,0.1708043
49.5400009,0.1747077
49.5500031,0.1693317
49.5600014,0.1826538
49.5700035,0.1809461
49.5800018,0.1861927
49.5900040,0.1906437
49.6000023,0.1806836
49.6100006,0.1699698
49.6200027,0.1634317
49.6300011,0.1846134
49.6400032,0.1766458
49.6500015,0.1871406
49.6600037,0.1854828
49.6700020,0.1834021
49.6800041,0.1984660
49.6900024,0.1882937
49.7000008,0.1894855
49.7100029,0.1703375
49.7200012,0.1793402
49.7300034,0.1815654
49.7400017,0.1943791
49.7500038,0.1879444
49.7600021,0.1803090
49.7700005,0.1925994
49.7800026,0.2033355
49.7900009,0.1696489
49.8000031,0.1883074
49.8100014,0.1863673
49.8200035,0.1813301
49.8300018,0.1910561
49.8400040,0.1856983
49.8500023,0.1780381
49.8600006,0.1796469
49.8700027,0.1917465
49.8800011,0.1974750
49.8900032,0.1926573
49.9000015,0.1569493
49.9100037,0.1829093
49.9200020,0.1853841
49.9300041,0.1846766
49.9400024,0.1827997
49.9500008,0.1834673
49.9600029,0.1734516
49.9700012,0.1813388
49.9800034,0.1871480
49.9900017,0.1839120
50.0000038,0.1753957
