0.0000000,0.0000003
0.0100000,0.0991874
0.0200000,0.0964520
0.0300000,0.1178823
0.0400000,0.1173515
0.0500000,0.1246588
0.0600000,0.1370412
0.0700000,0.1308516
0.0800000,0.1387739
0.0900000,0.1421792
0.1000000,0.1384613
0.1100000,0.1663252
0.1200000,0.1854229
0.1300000,0.1751494
0.1400000,0.1478970
0.1500000,0.1464789
0.1600000,0.1504189
0.1700000,0.1254331
0.1800000,0.1426961
0.1900000,0.1374278
0.2000000,0.1610266
0.2100000,0.1603898
0.2200000,0.1585921
0.2300000,0.1655078
0.2400000,0.1661425
0.2500000,0.1457032
0.2600000,0.1387269
0.2700000,0.1735128
0.2800000,0.1620487
0.2900000,0.1566591
0.3000000,0.1753806
0.3100000,0.1782316
0.3200000,0.1548191
0.3300000,0.1639192
0.3400000,0.1594356
0.3500000,0.1474900
0.3600000,0.1577550
0.3700000,0.1525767
0.3800000,0.1620470
0.3900000,0.1508813
0.4000000,0.1399451
0.4100000,0.1490998
0.4200000,0.1550794
0.4300000,0.1540992
0.4400000,0.1507261
0.4500000,0.1413857
0.4600000,0.1508072
0.4700000,0.1294963
0.4800000,0.1582009
0.4900000,0.1649307
0.5000000,0.1650298
0.5100001,0.1790235
0.5200000,0.1667565
0.5300000,0.1921587
0.5400000,0.1600159
0.5500000,0.1837927
0.5600000,0.1631331
0.5700001,0.2062640
0.5800000,0.2025650
0.5900000,0.1822403
0.6000000,0.1913219
0.6100000,0.1918076
0.6200000,0.2158709
0.6300001,0.2124112
0.6400000,0.1949876
0.6500000,0.2394928
0.6600000,0.2561207
0.6700000,0.2374412
0.6800000,0.2007565
0.6900001,0.2106443
0.7000000,0.1988766
0.7100000,0.2100338
0.7200000,0.2166734
0.7300000,0.2359433
0.7400000,0.2300864
0.7500001,0.2516529
0.7600001,0.2357140
0.7700000,0.2430937
0.7800000,0.2534497
0.7900000,0.2582254
0.8000000,0.2522165
0.8100001,0.2400196
0.8200001,0.2495346
0.8300000,0.2313647
0.8400000,0.2136689
0.8500000,0.2262164
0.8600000,0.2218647
0.8700001,0.1985878
0.8800001,0.1941510
0.8900000,0.1777869
0.9000000,0.2104710
0.9100000,0.1958170
0.9200000,0.1758639
0.9300001,0.1909896
0.9400001,0.1860359
0.9500000,0.2027669
0.9600000,0.1893267
0.9700000,0.1918620
0.9800000,0.1979912
0.9900001,0.2118828
1.0000000,0.2143706
1.0100000,0.2126721
1.0200001,0.2126514
1.0300001,0.2126609
1.0400001,0.2288820
1.0500001,0.2396350
1.0600001,0.2242359
1.0700001,0.1979609
1.0800000,0.1996033
1.0900000,0.2236720
1.1000000,0.2147126
1.1100000,0.2174771
1.1200000,0.2079596
1.1300000,0.2257215
1.1400001,0.2448031
1.1500001,0.2544537
1.1600001,0.1925622
1.1700001,0.2034456
1.1800001,0.1960699
1.1900001,0.1927118
1.2000000,0.1966927
1.2100000,0.2177345
1.2200000,0.2052266
1.2300000,0.1950264
1.2400000,0.2076988
1.2500000,0.2014259
1.2600001,0.2102177
1.2700001,0.2090703
1.2800001,0.1965923
1.2900001,0.2096475
1.3000001,0.2040401
1.3100001,0.1963746
1.3200001,0.2097249
1.3300000,0.2137916
1.3400000,0.1942796
1.3500000,0.2075232
1.3600000,0.2081027
1.3700001,0.2157134
1.3800001,0.2028583
1.3900001,0.1976477
1.4000001,0.2083385
1.4100001,0.2260228
1.4200001,0.2111160
1.4300001,0.2173121
1.4400001,0.2130453
1.4500000,0.2231053
1.4600000,0.2115972
1.4700000,0.1832365
1.4800000,0.2102603
1.4900001,0.2221400
1.5000001,0.2187148
1.5100001,0.2142782
1.5200001,0.2314763
1.5300001,0.2073198
1.5400001,0.2192731
1.5500001,0.2154894
1.5600001,0.2089859
1.5700001,0.2095135
1.5800000,0.2089993
1.5900000,0.1983775
1.6000000,0.2007708
1.6100001,0.1902603
1.6200001,0.2111697
1.6300001,0.2242709
1.6400001,0.2077924
1.6500001,0.2051674
1.6600001,0.2360038
1.6700001,0.2388604
1.6800001,0.2834110
1.6900001,0.2462409
1.7000000,0.2417471
1.7100000,0.2172025
1.7200000,0.2190526
1.7300001,0.2148125
1.7400001,0.2147982
1.7500001,0.2203611
1.7600001,0.2177974
1.7700001,0.2079273
1.7800001,0.2351665
1.7900001,0.2004853
1.8000001,0.1912550
1.8100001,0.2045109
1.8200001,0.2311540
1.8300000,0.2550680
1.8400000,0.2654921
1.8500001,0.2286985
1.8600001,0.2386652
1.8700001,0.2349503
1.8800001,0.2301732
1.8900001,0.2077015
1.9000001,0.2028249
1.9100001,0.1892234
1.9200001,0.1686519
1.9300001,0.1858943
1.9400001,0.1946328
1.9500000,0.2108189
1.9600000,0.2138521
1.9700001,0.2253921
1.9800001,0.2474976
1.9900001,0.2062656
2.0000000,0.2194253
2.0100000,0.2014142
2.0200000,0.2171505
2.0300002,0.1711609
2.0400002,0.2022154
2.0500002,0.2372401
2.0600002,0.2313523
2.0700002,0.2923383
2.0800002,0.2451206
2.0900002,0.2239212
2.1000001,0.2210382
2.1100001,0.2045664
2.1200001,0.2366157
2.1300001,0.2759180
2.1400001,0.2792452
2.1500001,0.2811102
2.1600001,0.2954673
2.1700001,0.2811555
2.1800001,0.2947077
2.1900001,0.2670862
2.2000000,0.2652958
2.2100000,0.2630906
2.2200000,0.2429209
2.2300000,0.2717125
2.2400000,0.2205798
2.2500000,0.2205783
2.2600000,0.2012934
2.2700002,0.2063905
2.2800002,0.2038824
2.2900002,0.2008505
2.3000002,0.2263975
2.3100002,0.2227484
2.3200002,0.2251698
2.3300002,0.2289358
2.3400002,0.2288789
2.3500001,0.2379992
2.3600001,0.2160857
2.3700001,0.2185512
2.3800001,0.2312754
2.3900001,0.2513324
2.4000001,0.2491924
2.4100001,0.2301153
2.4200001,0.2434689
2.4300001,0.2213313
2.4400001,0.2388229
2.4500000,0.2060085
2.4600000,0.2168733
2.4700000,0.2247862
2.4800000,0.2469987
2.4900000,0.2228508
2.5000000,0.2449636
2.5100002,0.2486779
2.5200002,0.2152097
2.5300002,0.2436752
2.5400002,0.2289347
2.5500002,0.2108524
2.5600002,0.1946437
2.5700002,0.1864376
2.5800002,0.2073553
2.5900002,0.2168161
2.6000001,0.2140072
2.6100001,0.2064851
2.6200001,0.2126051
2.6300001,0.2098070
2.6400001,0.2123809
2.6500001,0.2008819
2.6600001,0.1999782
2.6700001,0.2050113
2.6800001,0.1970168
2.6900001,0.2033435
2.7000000,0.2129231
2.7100000,0.2147822
2.7200000,0.2163373
2.7300000,0.2099840
2.7400002,0.2029141
2.7500002,0.1949286
2.7600002,0.1901218
2.7700002,0.2012734
2.7800002,0.1954233
2.7900002,0.1967702
2.8000002,0.1894758
2.8100002,0.1832381
2.8200002,0.1829901
2.8300002,0.2099980
2.8400002,0.2241934
2.8500001,0.1940438
2.8600001,0.2013775
2.8700001,0.1925426
2.8800001,0.1859098
2.8900001,0.2093105
2.9000001,0.2037330
2.9100001,0.2013364
2.9200001,0.2053099
2.9300001,0.2045843
2.9400001,0.2001579
2.9500000,0.2126074
2.9600000,0.2391068
2.9700000,0.2274153
2.9800003,0.2126713
2.9900002,0.2098255
3.0000002,0.2036116
3.0100002,0.2069397
3.0200002,0.2052414
3.0300002,0.2141269
3.0400002,0.1928001
3.0500002,0.1977411
3.0600002,0.1931288
3.0700002,0.2014668
3.0800002,0.2109555
3.0900002,0.1951593
3.1000001,0.1989369
3.1100001,0.2143849
3.1200001,0.1873972
3.1300001,0.2067996
3.1400001,0.2113286
3.1500001,0.2254015
3.1600001,0.2440601
3.1700001,0.2236034
3.1800001,0.2360316
3.1900001,0.2001733
3.2000000,0.2240777
3.2100000,0.2161130
3.2200003,0.2155856
3.2300003,0.2131298
3.2400002,0.2160217
3.2500002,0.2122863
3.2600002,0.2031696
3.2700002,0.2281479
3.2800002,0.2118872
3.2900002,0.2380352
3.3000002,0.2160256
3.3100002,0.2164723
3.3200002,0.2106943
3.3300002,0.2085181
3.3400002,0.1986581
3.3500001,0.2243389
3.3600001,0.2037807
3.3700001,0.2129315
3.3800001,0.1853247
3.3900001,0.2073689
3.4000001,0.2001322
3.4100001,0.1996332
3.4200001,0.2114348
3.4300001,0.2057732
3.4400001,0.1956048
3.4500000,0.2239693
3.4600003,0.2273550
3.4700003,0.2194592
3.4800003,0.2447252
3.4900002,0.2394220
3.5000002,0.2154005
3.5100002,0.2348404
3.5200002,0.2249907
3.5300002,0.2332086
3.5400002,0.2386022
3.5500002,0.2396096
3.5600002,0.2422896
3.5700002,0.2355115
3.5800002,0.2521868
3.5900002,0.2591304
3.6000001,0.2483774
3.6100001,0.2345548
3.6200001,0.2357256
3.6300001,0.2359670
3.6400001,0.2568113
3.6500001,0.2417642
3.6600001,0.2375438
3.6700001,0.2346378
3.6800001,0.2369123
3.6900001,0.2158008
3.7000003,0.2664625
3.7100003,0.2476880
3.7200003,0.2527291
3.7300003,0.2548768
3.7400002,0.2579605
3.7500002,0.2483411
3.7600002,0.2439796
3.7700002,0.2501820
3.7800002,0.2572961
3.7900002,0.2373044
3.8000002,0.2444920
3.8100002,0.2439032
3.8200002,0.2412179
3.8300002,0.2687015
3.8400002,0.2650569
3.8500001,0.2598860
3.8600001,0.2594311
3.8700001,0.2550225
3.8800001,0.2601085
3.8900001,0.2453446
3.9000001,0.2489870
3.9100001,0.2416975
3.9200001,0.2342287
3.9300003,0.2417932
3.9400003,0.2354413
3.9500003,0.2406317
3.9600003,0.2557867
3.9700003,0.2552176
3.9800003,0.2665807
3.9900002,0.2655753
4.0000000,0.2487192
4.0100002,0.2287678
4.0200000,0.2338954
4.0300002,0.2269693
4.0400000,0.2366888
4.0500002,0.2278830
4.0600004,0.2298818
4.0700002,0.2251062
4.0800004,0.2326372
4.0900002,0.2392267
4.1000004,0.2514096
4.1100001,0.2610835
4.1200004,0.2606359
4.1300001,0.2526238
4.1400003,0.2499297
4.1500001,0.2499712
4.1600003,0.2317519
4.1700001,0.2458058
4.1800003,0.2363258
4.1900001,0.2325144
4.2000003,0.2387521
4.2100000,0.2414063
4.2200003,0.2363236
4.2300000,0.2370356
4.2400002,0.2454074
4.2500000,0.2133630
4.2600002,0.2250934
4.2700000,0.2432936
4.2800002,0.2513509
4.2900004,0.2447825
4.3000002,0.2512592
4.3100004,0.2656353
4.3200002,0.2459342
4.3300004,0.2434881
4.3400002,0.2604205
4.3500004,0.2623554
4.3600001,0.2612453
4.3700004,0.2339929
4.3800001,0.2334513
4.3900003,0.2542847
4.4000001,0.2566230
4.4100003,0.2503369
4.4200001,0.2692122
4.4300003,0.2655105
4.4400001,0.2587495
4.4500003,0.2558193
4.4600000,0.2488049
4.4700003,0.2524762
4.4800000,0.2298400
4.4900002,0.2373971
4.5000000,0.2174266
4.5100002,0.2444283
4.5200000,0.2497485
4.5300002,0.2495449
4.5400004,0.2495524
4.5500002,0.2695617
4.5600004,0.2538052
4.5700002,0.2698031
4.5800004,0.2584138
4.5900002,0.2736788
4.6000004,0.2482189
4.6100001,0.2542797
4.6200004,0.2672197
4.6300001,0.2544782
4.6400003,0.2761972
4.6500001,0.2546677
4.6600003,0.2364702
4.6700001,0.2633040
4.6800003,0.2491749
4.6900001,0.2271692
4.7000003,0.2436915
4.7100000,0.2504359
4.7200003,0.2460721
4.7300000,0.2291373
4.7400002,0.2375744
4.7500000,0.2270982
4.7600002,0.2308413
4.7700005,0.2456121
4.7800002,0.2513056
4.7900004,0.2471997
4.8000002,0.2289319
4.8100004,0.2402737
4.8200002,0.2581103
4.8300004,0.2289885
4.8400002,0.2355307
4.8500004,0.2289564
4.8600001,0.2341594
4.8700004,0.2135932
4.8800001,0.2203938
4.8900003,0.2411320
4.9000001,0.2202533
4.9100003,0.2131597
4.9200001,0.1915400
4.9300003,0.1991635
4.9400001,0.2047931
4.9500003,0.2371324
4.9600000,0.2215889
4.9700003,0.2237759
4.9800000,0.2316398
4.9900002,0.2137802
5.0000000,0.2413515
5.0100002,0.2353382
5.0200005,0.2205266
5.0300002,0.2082262
5.0400004,0.2056581
5.0500002,0.2301967
5.0600004,0.2361028
5.0700002,0.2456001
5.0800004,0.2622130
5.0900002,0.2564059
5.1000004,0.2656837
5.1100001,0.2344664
5.1200004,0.2411168
5.1300001,0.2223893
5.1400003,0.2280044
5.1500001,0.2458084
5.1600003,0.2452404
5.1700001,0.2324922
5.1800003,0.2317138
5.1900001,0.2486139
5.2000003,0.2445263
5.2100000,0.2456829
5.2200003,0.2377922
5.2300000,0.2460073
5.2400002,0.2471484
5.2500005,0.2608981
5.2600002,0.2700229
5.2700005,0.2541685
5.2800002,0.2573682
5.2900004,0.2505681
5.3000002,0.2547292
5.3100004,0.2498517
5.3200002,0.2416907
5.3300004,0.2382022
5.3400002,0.2403744
5.3500004,0.2447557
5.3600001,0.2327930
5.3700004,0.2343971
5.3800001,0.2221733
5.3900003,0.2371433
5.4000001,0.2477079
5.4100003,0.2401548
5.4200001,0.2428927
5.4300003,0.2432242
5.4400001,0.2484079
5.4500003,0.2336109
5.4600000,0.2335735
5.4700003,0.2193349
5.4800005,0.2486471
5.4900002,0.2377569
5.5000005,0.2366395
5.5100002,0.2246608
5.5200005,0.2211664
5.5300002,0.2289234
5.5400004,0.2276472
5.5500002,0.2184881
5.5600004,0.2268369
5.5700002,0.2283912
5.5800004,0.2477157
5.5900002,0.2413367
5.6000004,0.2551052
5.6100001,0.2517133
5.6200004,0.2455139
5.6300001,0.2417384
5.6400003,0.2269156
5.6500001,0.2319574
5.6600003,0.2411051
5.6700001,0.2483254
5.6800003,0.2301203
5.6900001,0.2122924
5.7000003,0.2190847
5.7100000,0.2285651
5.7200003,0.2101855
5.7300005,0.2055221
5.7400002,0.2149276
5.7500005,0.2191370
5.7600002,0.2243530
5.7700005,0.2276552
5.7800002,0.2314420
5.7900004,0.2214272
5.8000002,0.2096870
5.8100004,0.2176794
5.8200002,0.2303122
5.8300004,0.2151540
5.8400002,0.2584524
5.8500004,0.2337478
5.8600001,0.2236818
5.8700004,0.2284774
5.8800001,0.2282847
5.8900003,0.2378350
5.9000001,0.2410020
5.9100003,0.2253158
5.9200001,0.2373068
5.9300003,0.2203988
5.9400001,0.2134820
5.9500003,0.2136351
5.9600005,0.2263083
5.9700003,0.2196564
5.9800005,0.2438235
5.9900002,0.2463650
6.0000005,0.2266021
6.0100002,0.2257171
6.0200005,0.2296412
6.0300002,0.2275325
6.0400004,0.2510071
6.0500002,0.2359031
6.0600004,0.2297935
6.0700002,0.2284613
6.0800004,0.2403358
6.0900002,0.2398780
6.1000004,0.2400318
6.1100001,0.2449680
6.1200004,0.2376441
6.1300001,0.2491235
6.1400003,0.2422402
6.1500001,0.2314681
6.1600003,0.2398796
6.1700001,0.2428729
6.1800003,0.2191345
6.1900001,0.2345392
6.2000003,0.2330197
6.2100005,0.2371585
6.2200003,0.2484065
6.2300005,0.2240263
6.2400002,0.2453718
6.2500005,0.2483262
6.2600002,0.2435877
6.2700005,0.2389802
6.2800002,0.2206220
6.2900004,0.2094191
6.3000002,0.2416374
6.3100004,0.2170879
6.3200002,0.2330486
6.3300004,0.2199493
6.3400002,0.2082226
6.3500004,0.2189030
6.3600001,0.2260962
6.3700004,0.2061928
6.3800001,0.2279830
6.3900003,0.2109903
6.4000001,0.2210975
6.4100003,0.2386765
6.4200001,0.2371750
6.4300003,0.2432651
6.4400005,0.2463391
6.4500003,0.2556811
6.4600005,0.2512759
6.4700003,0.2596431
6.4800005,0.2540876
6.4900002,0.2505100
6.5000005,0.2398165
6.5100002,0.2541947
6.5200005,0.2535535
6.5300002,0.2575115
6.5400004,0.2486566
6.5500002,0.2533198
6.5600004,0.2699346
6.5700002,0.2614373
6.5800004,0.2579393
6.5900002,0.2349272
6.6000004,0.2349495
6.6100001,0.2272858
6.6200004,0.2369018
6.6300001,0.2618538
6.6400003,0.2539919
6.6500001,0.2504548
6.6600003,0.2462967
6.6700006,0.2228428
6.6800003,0.2147901
6.6900005,0.2234790
6.7000003,0.2219198
6.7100005,0.2365656
6.7200003,0.2266369
6.7300005,0.2387436
6.7400002,0.2288308
6.7500005,0.2354461
6.7600002,0.2382907
6.7700005,0.2416033
6.7800002,0.2460934
6.7900004,0.2374950
6.8000002,0.2368613
6.8100004,0.2337186
6.8200002,0.2475072
6.8300004,0.2342035
6.8400002,0.2173441
6.8500004,0.2092763
6.8600001,0.2281286
6.8700004,0.2392033
6.8800001,0.2183128
6.8900003,0.2188529
6.9000001,0.2166411
6.9100003,0.2166647
6.9200006,0.2284305
6.9300003,0.2147417
6.9400005,0.2144212
6.9500003,0.2128281
6.9600005,0.2231550
6.9700003,0.2236540
6.9800005,0.2020750
6.9900002,0.2213040
7.0000005,0.2310766
7.0100002,0.2554716
7.0200005,0.2384606
7.0300002,0.2251640
7.0400004,0.2071703
7.0500002,0.2033879
7.0600004,0.2054764
7.0700002,0.2173897
7.0800004,0.1987315
7.0900002,0.1998360
7.1000004,0.2138062
7.1100001,0.2356316
7.1200004,0.2262349
7.1300001,0.2078183
7.1400003,0.2100179
7.1500006,0.2030528
7.1600003,0.2261582
7.1700006,0.2236290
7.1800003,0.2165323
7.1900005,0.2203254
7.2000003,0.2151919
7.2100005,0.2248082
7.2200003,0.2284513
7.2300005,0.2249197
7.2400002,0.1965464
7.2500005,0.2031179
7.2600002,0.1997204
7.2700005,0.1976206
7.2800002,0.1968845
7.2900004,0.1925377
7.3000002,0.2098265
7.3100004,0.2124110
7.3200002,0.2110555
7.3300004,0.2129245
7.3400002,0.2090209
7.3500004,0.2011108
7.3600001,0.2166373
7.3700004,0.2039329
7.3800001,0.1828764
7.3900003,0.2100002
7.4000006,0.1988762
7.4100003,0.2036372
7.4200006,0.2145026
7.4300003,0.2221372
7.4400005,0.2472592
7.4500003,0.2364633
7.4600005,0.2231347
7.4700003,0.2133791
7.4800005,0.2347469
7.4900002,0.2482354
7.5000005,0.2581514
7.5100002,0.2702342
7.5200005,0.2310116
7.5300002,0.2252376
7.5400004,0.2345565
7.5500002,0.2259229
7.5600004,0.2514172
7.5700002,0.2466309
7.5800004,0.2512358
7.5900002,0.2632742
7.6000004,0.2474715
7.6100001,0.2615515
7.6200004,0.3189413
7.6300006,0.2691745
7.6400003,0.2520739
7.6500006,0.2312480
7.6600003,0.2392018
7.6700006,0.2082431
7.6800003,0.2036460
7.6900005,0.1966579
7.7000003,0.2028380
7.7100005,0.1884470
7.7200003,0.1945503
7.7300005,0.1894725
7.7400002,0.1797380
7.7500005,0.2012027
7.7600002,0.1935527
7.7700005,0.2133781
7.7800002,0.2523462
7.7900004,0.2474913
7.8000002,0.2458276
7.8100004,0.2492562
7.8200002,0.2239722
7.8300004,0.1998631
7.8400002,0.1802370
7.8500004,0.1885635
7.8600006,0.1749875
7.8700004,0.1698633
7.8800006,0.1978711
7.8900003,0.1894750
7.9000006,0.1883716
7.9100003,0.1788517
7.9200006,0.1833688
7.9300003,0.1770395
7.9400005,0.1753061
7.9500003,0.1970933
7.9600005,0.1800108
7.9700003,0.2478314
7.9800005,0.2114103
7.9900002,0.2078144
8.0000000,0.2058707
8.0100002,0.1943365
8.0200005,0.2239684
8.0300007,0.1973998
8.0400000,0.2090155
8.0500002,0.2079488
8.0600004,0.2022382
8.0700006,0.2389432
8.0799999,0.2135150
8.0900002,0.2231255
8.1000004,0.2042120
8.1100006,0.1933885
8.1200008,0.1911529
8.1300001,0.2004290
8.1400003,0.2130129
8.1500006,0.1974970
8.1600008,0.2075981
8.1700001,0.2002172
8.1800003,0.1962526
8.1900005,0.2177586
8.2000008,0.2214669
8.2100000,0.1873491
8.2200003,0.1899475
8.2300005,0.1828238
8.2400007,0.1631977
8.2500000,0.1728619
8.2600002,0.1736708
8.2700005,0.1641718
8.2800007,0.1396266
8.2900000,0.1582567
8.3000002,0.1652922
8.3100004,0.1735342
8.3200006,0.1701900
8.3299999,0.1721765
8.3400002,0.1636199
8.3500004,0.1571566
8.3600006,0.1546052
8.3700008,0.1709384
8.3800001,0.1783496
8.3900003,0.1751413
8.4000006,0.1719538
8.4100008,0.1866986
8.4200001,0.1732284
8.4300003,0.1580641
8.4400005,0.1781529
8.4500008,0.1775988
8.4600000,0.1941935
8.4700003,0.1702027
8.4800005,0.1709671
8.4900007,0.1633124
8.5000000,0.1446117
8.5100002,0.1672336
8.5200005,0.1529728
8.5300007,0.1466974
8.5400000,0.1356096
8.5500002,0.1721595
8.5600004,0.1561176
8.5700006,0.1568591
8.5800009,0.1656323
8.5900002,0.1955481
8.6000004,0.1964344
8.6100006,0.1942489
8.6200008,0.2053935
8.6300001,0.2038936
8.6400003,0.1817435
8.6500006,0.1956246
8.6600008,0.1810015
8.6700001,0.1749552
8.6800003,0.1762386
8.6900005,0.1658459
8.7000008,0.1638425
8.7100000,0.1503389
8.7200003,0.1572473
8.7300005,0.1610878
8.7400007,0.1834595
8.7500000,0.1674062
8.7600002,0.1821382
8.7700005,0.1910180
8.7800007,0.2183045
8.7900000,0.2140661
8.8000002,0.2092337
8.8100004,0.2021838
8.8200006,0.1818682
8.8300009,0.1899732
8.8400002,0.1907782
8.8500004,0.1867795
8.8600006,0.2166483
8.8700008,0.1501126
8.8800001,0.1858639
8.8900003,0.1753527
8.9000006,0.1734222
8.9100008,0.1860599
8.9200001,0.1839147
8.9300003,0.1691256
8.9400005,0.1549651
8.9500008,0.1693094
8.9600000,0.1558549
8.9700003,0.1724045
8.9800005,0.1942744
8.9900007,0.1890576
9.0000000,0.1833101
9.0100002,0.1843046
9.0200005,0.2055269
9.0300007,0.2121993
9.0400000,0.2078839
9.0500002,0.2114141
9.0600004,0.1889462
9.0700006,0.2246504
9.0800009,0.2303796
9.0900002,0.2220547
9.1000004,0.2234203
9.1100006,0.2315370
9.1200008,0.2563584
9.1300001,0.2384835
9.1400003,0.2386457
9.1500006,0.2237402
9.1600008,0.1968480
9.1700001,0.1968653
9.1800003,0.2017387
9.1900005,0.2053293
9.2000008,0.1992587
9.2100000,0.2124954
9.2200003,0.1999321
9.2300005,0.1880139
9.2400007,0.2019096
9.2500000,0.1983359
9.2600002,0.2035022
9.2700005,0.2042873
9.2800007,0.1898123
9.2900009,0.2263215
9.3000002,0.2405086
9.3100004,0.2024476
9.3200006,0.1815058
9.3300009,0.1988941
9.3400002,0.1763057
9.3500004,0.1889081
9.3600006,0.1979904
9.3700008,0.1725270
9.3800001,0.1687502
9.3900003,0.1297478
9.4000006,0.1373075
9.4100008,0.1326436
9.4200001,0.1443406
9.4300003,0.1423755
9.4400005,0.1804947
9.4500008,0.2102124
9.4600000,0.2043435
9.4700003,0.2202664
9.4800005,0.2156869
9.4900007,0.1868976
9.5000000,0.1924039
9.5100002,0.1980145
9.5200005,0.2037762
9.5300007,0.2218568
9.5400009,0.2128301
9.5500002,0.2189583
9.5600004,0.2164100
9.5700006,0.2235424
9.5800009,0.2191088
9.5900002,0.2506870
9.6000004,0.2321778
9.6100006,0.2189196
9.6200008,0.1996780
9.6300001,0.2190480
9.6400003,0.2007256
9.6500006,0.1910058
9.6600008,0.2076167
9.6700001,0.2156391
9.6800003,0.2198785
9.6900005,0.2455340
9.7000008,0.2167074
9.7100000,0.2246592
9.7200003,0.2005172
9.7300005,0.2398777
9.7400007,0.2125307
9.7500000,0.1891014
9.7600002,0.2153617
9.7700005,0.2039505
9.7800007,0.2042813
9.7900009,0.2184489
9.8000002,0.1974186
9.8100004,0.2201968
9.8200006,0.2272334
9.8300009,0.2171575
9.8400002,0.2015029
9.8500004,0.2130020
9.8600006,0.2234577
9.8700008,0.1997748
9.8800001,0.2094907
9.8900003,0.1919454
9.9000006,0.2214625
9.9100008,0.2274151
9.9200001,0.2285676
9.9300003,0.2134963
9.9400005,0.2487916
9.9500008,0.2515661
9.9600000,0.2483272
9.9700003,0.2226578
9.9800005,0.2296771
9.9900007,0.2302683
10.0000000,0.2413657
10.0100002,0.2312061
10.0200005,0.2480489
10.0300007,0.2771482
10.0400009,0.2496222
10.0500002,0.2438258
10.0600004,0.2579359
10.0700006,0.2656240
10.0800009,0.2561024
10.0900002,0.2619830
10.1000004,0.2412790
10.1100006,0.2359658
10.1200008,0.2338443
10.1300001,0.2180343
10.1400003,0.2185509
10.1500006,0.2243990
10.1600008,0.2033588
10.1700001,0.2234199
10.1800003,0.2032701
10.1900005,0.2045946
10.2000008,0.2039969
10.2100000,0.1958958
10.2200003,0.2086349
10.2300005,0.2112743
10.2400007,0.2325123
10.2500010,0.2416432
10.2600002,0.2275031
10.2700005,0.2465373
10.2800007,0.2415546
10.2900009,0.2422170
10.3000002,0.2353483
10.3100004,0.2358618
10.3200006,0.2482612
10.3300009,0.2396441
10.3400002,0.2287299
10.3500004,0.2347499
10.3600006,0.2315794
10.3700008,0.2332349
10.3800001,0.2347888
10.3900003,0.2479533
10.4000006,0.2608089
10.4100008,0.2341660
10.4200001,0.2262798
10.4300003,0.2348522
10.4400005,0.2187650
10.4500008,0.2176258
10.4600000,0.2168317
10.4700003,0.2285691
10.4800005,0.2253611
10.4900007,0.2347047
10.5000010,0.2270837
10.5100002,0.2238888
10.5200005,0.2308054
10.5300007,0.2290819
10.5400009,0.2488941
10.5500002,0.2472797
10.5600004,0.2635375
10.5700006,0.2692230
10.5800009,0.2615348
10.5900002,0.2494490
10.6000004,0.2521979
10.6100006,0.2601032
10.6200008,0.2796119
10.6300001,0.2646149
10.6400003,0.2814415
10.6500006,0.2610503
10.6600008,0.2464561
10.6700001,0.2525435
10.6800003,0.2574420
10.6900005,0.2717313
10.7000008,0.2648979
10.7100000,0.2689599
10.7200003,0.2851765
10.7300005,0.2694389
10.7400007,0.2890597
10.7500010,0.2829726
10.7600002,0.2712592
10.7700005,0.2800394
10.7800007,0.2719338
10.7900009,0.2603208
10.8000002,0.2583654
10.8100004,0.2523569
10.8200006,0.2736008
10.8300009,0.2594742
10.8400002,0.2363297
10.8500004,0.2526044
10.8600006,0.2475406
10.8700008,0.2252716
10.8800001,0.2290258
10.8900003,0.2332739
10.9000006,0.2350601
10.9100008,0.2330779
10.9200001,0.2297868
10.9300003,0.2413159
10.9400005,0.2313960
10.9500008,0.2407922
10.9600010,0.2494750
10.9700003,0.2388876
10.9800005,0.2299330
10.9900007,0.2273541
11.0000010,0.2043251
11.0100002,0.2113957
11.0200005,0.1918700
11.0300007,0.1992533
11.0400009,0.2338793
11.0500002,0.2285980
11.0600004,0.2320503
11.0700006,0.2431329
11.0800009,0.2193798
11.0900002,0.2293812
11.1000004,0.2286394
11.1100006,0.2305213
11.1200008,0.2226699
11.1300001,0.2199821
11.1400003,0.2272988
11.1500006,0.2376481
11.1600008,0.2265290
11.1700001,0.2334293
11.1800003,0.2257004
11.1900005,0.2455561
11.2000008,0.2359790
11.2100010,0.2370416
11.2200003,0.2362090
11.2300005,0.2387453
11.2400007,0.2301226
11.2500010,0.2334599
11.2600002,0.2286358
11.2700005,0.2197182
11.2800007,0.2309625
11.2900009,0.2393928
11.3000002,0.2250790
11.3100004,0.2256699
11.3200006,0.2233220
11.3300009,0.2138046
11.3400002,0.2152685
11.3500004,0.2071751
11.3600006,0.2278131
11.3700008,0.2504920
11.3800001,0.2377060
11.3900003,0.2249505
11.4000006,0.2292019
11.4100008,0.2291614
11.4200001,0.2326696
11.4300003,0.2430428
11.4400005,0.2407749
11.4500008,0.2565207
11.4600010,0.2320333
11.4700003,0.2261345
11.4800005,0.2302393
11.4900007,0.2450586
11.5000010,0.2243659
11.5100002,0.2347392
11.5200005,0.2343435
11.5300007,0.2237134
11.5400009,0.2454459
11.5500002,0.2196197
11.5600004,0.2081310
11.5700006,0.2341744
11.5800009,0.2003367
11.5900002,0.1950052
11.6000004,0.2130105
11.6100006,0.2137396
11.6200008,0.2269907
11.6300001,0.2318486
11.6400003,0.2273513
11.6500006,0.2313534
11.6600008,0.2472135
11.6700010,0.2398658
11.6800003,0.2510595
11.6900005,0.2311356
11.7000008,0.2247847
11.7100010,0.2343555
11.7200003,0.2151417
11.7300005,0.2168106
11.7400007,0.2281654
11.7500010,0.2093578
11.7600002,0.2010560
11.7700005,0.1951363
11.7800007,0.1905603
11.7900009,0.2067481
11.8000002,0.2162897
11.8100004,0.2275945
11.8200006,0.2142032
11.8300009,0.2278177
11.8400002,0.2042536
11.8500004,0.2076878
11.8600006,0.2041062
11.8700008,0.2316200
11.8800001,0.2028925
11.8900003,0.2145132
11.9000006,0.2199751
11.9100008,0.2247013
11.9200010,0.2055380
11.9300003,0.2002398
11.9400005,0.2124652
11.9500008,0.2178775
11.9600010,0.2114017
11.9700003,0.1878196
11.9800005,0.2008072
11.9900007,0.1847256
12.0000010,0.2142680
12.0100002,0.2177833
12.0200005,0.2319105
12.0300007,0.2150236
12.0400009,0.2260851
12.0500002,0.2189233
12.0600004,0.2134720
12.0700006,0.2133261
12.0800009,0.2378080
12.0900002,0.2458737
12.1000004,0.2259488
12.1100006,0.2495714
12.1200008,0.2350850
12.1300001,0.2156766
12.1400003,0.2461977
12.1500006,0.2557226
12.1600008,0.2396577
12.1700010,0.2206403
12.1800003,0.2050951
12.1900005,0.2049674
12.2000008,0.2019754
12.2100010,0.2003327
12.2200003,0.1918194
12.2300005,0.2039971
12.2400007,0.2027563
12.2500010,0.2197942
12.2600002,0.2275885
12.2700005,0.2062995
12.2800007,0.1995747
12.2900009,0.2196972
12.3000002,0.2193442
12.3100004,0.2413452
12.3200006,0.2233515
12.3300009,0.2130125
12.3400002,0.1807220
12.3500004,0.2103126
12.3600006,0.2059299
12.3700008,0.2147227
12.3800001,0.2130294
12.3900003,0.2233738
12.4000006,0.1895124
12.4100008,0.2165312
12.4200010,0.2222200
12.4300003,0.2236876
12.4400005,0.2282047
12.4500008,0.2383768
12.4600010,0.2305553
12.4700003,0.2306339
12.4800005,0.2721289
12.4900007,0.2740836
12.5000010,0.2721095
12.5100002,0.2666990
12.5200005,0.2536187
12.5300007,0.2644674
12.5400009,0.2618971
12.5500002,0.2444489
12.5600004,0.2323392
12.5700006,0.2647277
12.5800009,0.2678400
12.5900002,0.2515353
12.6000004,0.2558301
12.6100006,0.2401212
12.6200008,0.2302137
12.6300011,0.2351757
12.6400003,0.2379382
12.6500006,0.2254292
12.6600008,0.2324594
12.6700010,0.2169034
12.6800003,0.2386839
12.6900005,0.2142965
12.7000008,0.2455462
12.7100010,0.2108695
12.7200003,0.2315462
12.7300005,0.2239377
12.7400007,0.2020358
12.7500010,0.2290594
12.7600002,0.2338177
12.7700005,0.2337772
12.7800007,0.2072498
12.7900009,0.1905234
12.8000002,0.2065198
12.8100004,0.2434003
12.8200006,0.2305723
12.8300009,0.2278234
12.8400002,0.2248022
12.8500004,0.2073661
12.8600006,0.2350512
12.8700008,0.2372480
12.8800011,0.2499247
12.8900003,0.2360461
12.9000006,0.2137233
12.9100008,0.2239302
12.9200010,0.2250990
12.9300003,0.2236878
12.9400005,0.2261326
12.9500008,0.2079293
12.9600010,0.2323445
12.9700003,0.2243936
12.9800005,0.2083295
12.9900007,0.2157380
13.0000010,0.2109732
13.0100002,0.1916070
13.0200005,0.2002919
13.0300007,0.2133587
13.0400009,0.2198598
13.0500002,0.2126822
13.0600004,0.2252540
13.0700006,0.2114154
13.0800009,0.2123050
13.0900002,0.2030112
13.1000004,0.1998097
13.1100006,0.2052852
13.1200008,0.2147620
13.1300011,0.2217881
13.1400003,0.2053401
13.1500006,0.1949418
13.1600008,0.1940888
13.1700010,0.1922989
13.1800003,0.1904496
13.1900005,0.2017069
13.2000008,0.2150896
13.2100010,0.2167385
13.2200003,0.1975927
13.2300005,0.1864028
13.2400007,0.1905438
13.2500010,0.1977971
13.2600002,0.1977507
13.2700005,0.2118363
13.2800007,0.2132232
13.2900009,0.2376850
13.3000002,0.2336590
13.3100004,0.2219556
13.3200006,0.2149209
13.3300009,0.2084805
13.3400011,0.2275252
13.3500004,0.2429077
13.3600006,0.2407281
13.3700008,0.2365649
13.3800011,0.2334083
13.3900003,0.2572398
13.4000006,0.2445521
13.4100008,0.2367049
13.4200010,0.2294634
13.4300003,0.2220586
13.4400005,0.2331371
13.4500008,0.2330411
13.4600010,0.2255119
13.4700003,0.1890732
13.4800005,0.2297160
13.4900007,0.2250621
13.5000010,0.2024244
13.5100002,0.2043212
13.5200005,0.2023371
13.5300007,0.2011980
13.5400009,0.1992011
13.5500002,0.2081174
13.5600004,0.2126088
13.5700006,0.2103617
13.5800009,0.1945670
13.5900011,0.1972777
13.6000004,0.1927704
13.6100006,0.2280910
13.6200008,0.2003280
13.6300011,0.2081614
13.6400003,0.1786591
13.6500006,0.1655416
13.6600008,0.1860844
13.6700010,0.2164328
13.6800003,0.2369751
13.6900005,0.2134033
13.7000008,0.2337527
13.7100010,0.2483908
13.7200003,0.2450697
13.7300005,0.2529687
13.7400007,0.2738054
13.7500010,0.2365149
13.7600002,0.2049713
13.7700005,0.2058369
13.7800007,0.2173674
13.7900009,0.2330262
13.8000002,0.2419561
13.8100004,0.2702077
13.8200006,0.2302877
13.8300009,0.2127391
13.8400011,0.2215726
13.8500004,0.2292718
13.8600006,0.2507350
13.8700008,0.2722829
13.8800011,0.3048939
13.8900003,0.3210452
13.9000006,0.2786999
13.9100008,0.2627106
13.9200010,0.2511923
13.9300003,0.2461857
13.9400005,0.2632890
13.9500008,0.2182548
13.9600010,0.2416601
13.9700003,0.2261720
13.9800005,0.2527964
13.9900007,0.2290812
14.0000010,0.2319479
14.0100002,0.2150482
14.0200005,0.2229394
14.0300007,0.2294363
14.0400009,0.2483197
14.0500002,0.2072633
14.0600004,0.2218640
14.0700006,0.2453837
14.0800009,0.2366413
14.0900011,0.2518141
14.1000004,0.2145108
14.1100006,0.2360827
14.1200008,0.2434586
14.1300011,0.2139494
14.1400003,0.2370117
14.1500006,0.2691136
14.1600008,0.2771917
14.1700010,0.2827312
14.1800003,0.2892703
14.1900005,0.3084203
14.2000008,0.3107465
14.2100010,0.3045395
14.2200003,0.2749346
14.2300005,0.2393940
14.2400007,0.2593069
14.2500010,0.2426105
14.2600002,0.2479562
14.2700005,0.2387170
14.2800007,0.2289576
14.2900009,0.2391538
14.3000011,0.2452342
14.3100004,0.2671054
14.3200006,0.2628041
14.3300009,0.2406721
14.3400011,0.2284964
14.3500004,0.2139456
14.3600006,0.2133719
14.3700008,0.2137129
14.3800011,0.2373184
14.3900003,0.2358000
14.4000006,0.2431697
14.4100008,0.2295704
14.4200010,0.2388925
14.4300003,0.2236528
14.4400005,0.2327511
14.4500008,0.2234646
14.4600010,0.2306575
14.4700003,0.2162357
14.4800005,0.2172137
14.4900007,0.2261581
14.5000010,0.2197860
14.5100002,0.2206633
14.5200005,0.2210153
14.5300007,0.2212974
14.5400009,0.2039551
14.5500011,0.1941743
14.5600004,0.2173297
14.5700006,0.2156831
14.5800009,0.2159644
14.5900011,0.2024502
14.6000004,0.1876832
14.6100006,0.2077765
14.6200008,0.2142765
14.6300011,0.1973421
14.6400003,0.1872763
14.6500006,0.1840215
14.6600008,0.1924853
14.6700010,0.1798345
14.6800003,0.1914055
14.6900005,0.2045596
14.7000008,0.2015036
14.7100010,0.1886019
14.7200003,0.1957354
14.7300005,0.1845260
14.7400007,0.1917887
14.7500010,0.1823557
14.7600002,0.1906137
14.7700005,0.2013435
14.7800007,0.1980355
14.7900009,0.2281621
14.8000011,0.2374747
14.8100004,0.2385732
14.8200006,0.2236851
14.8300009,0.2509778
14.8400011,0.2644199
14.8500004,0.2897202
14.8600006,0.2553663
14.8700008,0.2490384
14.8800011,0.2485136
14.8900003,0.2392677
14.9000006,0.2478726
14.9100008,0.2578816
14.9200010,0.2422616
14.9300003,0.2369035
14.9400005,0.2140452
14.9500008,0.2154863
14.9600010,0.2480833
14.9700003,0.2313336
14.9800005,0.2275059
14.9900007,0.2172921
15.0000010,0.1847636
15.0100012,0.2052379
15.0200005,0.1968898
15.0300007,0.2139485
15.0400009,0.2336164
15.0500011,0.2053596
15.0600004,0.1980910
15.0700006,0.2133206
15.0800009,0.2109683
15.0900011,0.2138382
15.1000004,0.2212567
15.1100006,0.2207956
15.1200008,0.2016786
15.1300011,0.2119006
15.1400003,0.2160478
15.1500006,0.2389358
15.1600008,0.2028910
15.1700010,0.2323867
15.1800003,0.2159817
15.1900005,0.2144071
15.2000008,0.2268737
15.2100010,0.2411458
15.2200003,0.2210483
15.2300005,0.1901861
15.2400007,0.1971406
15.2500010,0.1629144
15.2600012,0.1781920
15.2700005,0.1943105
15.2800007,0.1795067
15.2900009,0.1856024
15.3000011,0.1983705
15.3100004,0.1936369
15.3200006,0.1912510
15.3300009,0.2149292
15.3400011,0.2367207
15.3500004,0.2489814
15.3600006,0.2414850
15.3700008,0.2526413
15.3800011,0.2459737
15.3900003,0.2391283
15.4000006,0.2189039
15.4100008,0.2156862
15.4200010,0.2218210
15.4300003,0.2269859
15.4400005,0.2373303
15.4500008,0.2340853
15.4600010,0.2418101
15.4700003,0.2155020
15.4800005,0.2324163
15.4900007,0.2221817
15.5000010,0.2463439
15.5100012,0.2280379
15.5200005,0.2315367
15.5300007,0.2141237
15.5400009,0.2250348
15.5500011,0.2453317
15.5600004,0.2147065
15.5700006,0.2105269
15.5800009,0.2210980
15.5900011,0.2145817
15.6000004,0.2383027
15.6100006,0.2069401
15.6200008,0.2100661
15.6300011,0.2159167
15.6400003,0.1939634
15.6500006,0.1978519
15.6600008,0.2129287
15.6700010,0.2273431
15.6800003,0.2135675
15.6900005,0.2266427
15.7000008,0.2331245
15.7100010,0.2157903
15.7200012,0.2080398
15.7300005,0.1969346
15.7400007,0.2147561
15.7500010,0.2427196
15.7600012,0.2146556
15.7700005,0.2024202
15.7800007,0.2046215
15.7900009,0.2211271
15.8000011,0.2037395
15.8100004,0.2023351
15.8200006,0.2039071
15.8300009,0.2001414
15.8400011,0.2101919
15.8500004,0.2225121
15.8600006,0.2174269
15.8700008,0.2154286
15.8800011,0.2173468
15.8900003,0.2143971
15.9000006,0.2209831
15.9100008,0.1945947
15.9200010,0.2020827
15.9300003,0.2026823
15.9400005,0.1886285
15.9500008,0.2034673
15.9600010,0.1991866
15.9700012,0.2335566
15.9800005,0.2371986
15.9900007,0.2552113
16.0000000,0.2543726
16.0100002,0.2512257
16.0200005,0.2457646
16.0300007,0.2455951
16.0400009,0.2424954
16.0500011,0.2416043
16.0600014,0.2427499
16.0700016,0.2278479
16.0799999,0.2517200
16.0900002,0.2272479
16.1000004,0.2496611
16.1100006,0.2293689
16.1200008,0.2401622
16.1300011,0.2499002
16.1400013,0.2337282
16.1500015,0.2292596
16.1599998,0.2519490
16.1700001,0.2379107
16.1800003,0.2427507
16.1900005,0.2566172
16.2000008,0.2514310
16.2100010,0.2380935
16.2200012,0.2425521
16.2300014,0.2505267
16.2400017,0.2494444
16.2500000,0.2411011
16.2600002,0.2540424
16.2700005,0.2524889
16.2800007,0.2598806
16.2900009,0.2449340
16.3000011,0.2430040
16.3100014,0.2357799
16.3200016,0.2408048
16.3299999,0.2495144
16.3400002,0.2583915
16.3500004,0.2524653
16.3600006,0.2672828
16.3700008,0.2608687
16.3800011,0.2506242
16.3900013,0.2616858
16.4000015,0.2683754
16.4099998,0.2698653
16.4200001,0.2539950
16.4300003,0.2619878
16.4400005,0.2791900
16.4500008,0.2565987
16.4600010,0.2827779
16.4700012,0.2681264
16.4800014,0.2754916
16.4900017,0.2743435
16.5000000,0.2795292
16.5100002,0.2584673
16.5200005,0.2576545
16.5300007,0.2493002
16.5400009,0.2576770
16.5500011,0.2530727
16.5600014,0.2583473
16.5700016,0.2538686
16.5799999,0.2473397
16.5900002,0.2451053
16.6000004,0.2426497
16.6100006,0.2347387
16.6200008,0.2631548
16.6300011,0.2365447
16.6400013,0.2463824
16.6500015,0.2695333
16.6599998,0.2782919
16.6700001,0.2596804
16.6800003,0.2255567
16.6900005,0.2240550
16.7000008,0.2215447
16.7100010,0.2054203
16.7200012,0.2211207
16.7300014,0.2211201
16.7400017,0.2220976
16.7500000,0.2298098
16.7600002,0.2311818
16.7700005,0.2306290
16.7800007,0.2251871
16.7900009,0.2263059
16.8000011,0.2190735
16.8100014,0.2227881
16.8200016,0.2291249
16.8299999,0.2232705
16.8400002,0.2331512
16.8500004,0.2452657
16.8600006,0.2402529
16.8700008,0.2388648
16.8800011,0.2396024
16.8900013,0.2408945
16.9000015,0.2336814
16.9100018,0.2360555
16.9200001,0.2203840
16.9300003,0.2264157
16.9400005,0.2145554
16.9500008,0.2057137
16.9600010,0.2336327
16.9700012,0.2278030
16.9800014,0.2242085
16.9900017,0.2315571
17.0000000,0.2294507
17.0100002,0.2118696
17.0200005,0.2108464
17.0300007,0.2222456
17.0400009,0.2264269
17.0500011,0.2265365
17.0600014,0.2094146
17.0700016,0.2439851
17.0799999,0.2342841
17.0900002,0.2233760
17.1000004,0.2268532
17.1100006,0.2358978
17.1200008,0.2452945
17.1300011,0.2347373
17.1400013,0.2424357
17.1500015,0.2116731
17.1600018,0.2101424
17.1700001,0.2207050
17.1800003,0.2225268
17.1900005,0.2258102
17.2000008,0.2248055
17.2100010,0.2077764
17.2200012,0.2247767
17.2300014,0.2098480
17.2400017,0.2183958
17.2500000,0.2234351
17.2600002,0.2229805
17.2700005,0.2262488
17.2800007,0.2271218
17.2900009,0.2427929
17.3000011,0.2406825
17.3100014,0.2516337
17.3200016,0.2300275
17.3299999,0.2288515
17.3400002,0.2206765
17.3500004,0.2254097
17.3600006,0.2357405
17.3700008,0.2322141
17.3800011,0.2429457
17.3900013,0.2360244
17.4000015,0.2170368
17.4100018,0.2238732
17.4200001,0.2133342
17.4300003,0.2323996
17.4400005,0.2346423
17.4500008,0.2338021
17.4600010,0.2446738
17.4700012,0.2506244
17.4800014,0.2582479
17.4900017,0.2693378
17.5000000,0.2341003
17.5100002,0.2563411
17.5200005,0.2470668
17.5300007,0.2497597
17.5400009,0.2543945
17.5500011,0.2386306
17.5600014,0.2360279
17.5700016,0.2373034
17.5799999,0.2332484
17.5900002,0.2342078
17.6000004,0.2162607
17.6100006,0.2295945
17.6200008,0.2374565
17.6300011,0.2195986
17.6400013,0.2340452
17.6500015,0.2363579
17.6600018,0.2438672
17.6700001,0.2324747
17.6800003,0.2215880
17.6900005,0.2183579
17.7000008,0.2193510
17.7100010,0.2113993
17.7200012,0.2195502
17.7300014,0.2176872
17.7400017,0.2094412
17.7500000,0.2261162
17.7600002,0.2261890
17.7700005,0.2327787
17.7800007,0.2353658
17.7900009,0.2309506
17.8000011,0.2297951
17.8100014,0.2223680
17.8200016,0.2221645
17.8299999,0.2223881
17.8400002,0.2258051
17.8500004,0.2276532
17.8600006,0.2300031
17.8700008,0.2315475
17.8800011,0.2341029
17.8900013,0.2331853
17.9000015,0.2255883
17.9100018,0.2268596
17.9200001,0.2209087
17.9300003,0.2109419
17.9400005,0.2163283
17.9500008,0.2018738
17.9600010,0.2098065
17.9700012,0.2015272
17.9800014,0.2429427
17.9900017,0.2242239
18.0000000,0.2204506
18.0100002,0.2223473
18.0200005,0.2287072
18.0300007,0.2323589
18.0400009,0.2297668
18.0500011,0.2353898
18.0600014,0.2431518
18.0700016,0.2273463
18.0799999,0.2334221
18.0900002,0.2258908
18.1000004,0.2232780
18.1100006,0.2285500
18.1200008,0.2351043
18.1300011,0.2497117
18.1400013,0.2536373
18.1500015,0.2480789
18.1600018,0.2570088
18.1700001,0.2374448
18.1800003,0.2387712
18.1900005,0.2323184
18.2000008,0.2389667
18.2100010,0.2528916
18.2200012,0.2444768
18.2300014,0.2372967
18.2400017,0.2304926
18.2500000,0.2341809
18.2600002,0.2276104
18.2700005,0.2364286
18.2800007,0.2195379
18.2900009,0.2281461
18.3000011,0.2250891
18.3100014,0.2267724
18.3200016,0.2313348
18.3299999,0.2189415
18.3400002,0.2396676
18.3500004,0.2469541
18.3600006,0.2577928
18.3700008,0.2435821
18.3800011,0.2444478
18.3900013,0.2449603
18.4000015,0.2337874
18.4100018,0.2444006
18.4200001,0.2393115
18.4300003,0.2324973
18.4400005,0.2473003
18.4500008,0.2289452
18.4600010,0.2362152
18.4700012,0.2425540
18.4800014,0.2473964
18.4900017,0.2411152
18.5000000,0.2396114
18.5100002,0.2452733
18.5200005,0.2258296
18.5300007,0.2298607
18.5400009,0.2300502
18.5500011,0.2537801
18.5600014,0.2385326
18.5700016,0.2488542
18.5800018,0.2461484
18.5900002,0.2272613
18.6000004,0.2292554
18.6100006,0.2408090
18.6200008,0.2486533
18.6300011,0.2393004
18.6400013,0.2625341
18.6500015,0.2531026
18.6600018,0.2487739
18.6700001,0.2469272
18.6800003,0.2561156
18.6900005,0.2453410
18.7000008,0.2386003
18.7100010,0.2470771
18.7200012,0.2506150
18.7300014,0.2679493
18.7400017,0.2604949
18.7500000,0.2807212
18.7600002,0.2694496
18.7700005,0.2607226
18.7800007,0.2692937
18.7900009,0.2566946
18.8000011,0.2479961
18.8100014,0.2391769
18.8200016,0.2458088
18.8300018,0.2448157
18.8400002,0.2538844
18.8500004,0.2491004
18.8600006,0.2575566
18.8700008,0.2458292
18.8800011,0.2458915
18.8900013,0.2449104
18.9000015,0.2415093
18.9100018,0.2462562
18.9200001,0.2433746
18.9300003,0.2369219
18.9400005,0.2439543
18.9500008,0.2443543
18.9600010,0.2518756
18.9700012,0.2389034
18.9800014,0.2581055
18.9900017,0.2508339
19.0000000,0.2424993
19.0100002,0.2359545
19.0200005,0.2273095
19.0300007,0.2403117
19.0400009,0.2412303
19.0500011,0.2328459
19.0600014,0.2356614
19.0700016,0.2370770
19.0800018,0.2267855
19.0900002,0.2257959
19.1000004,0.2036354
19.1100006,0.2111761
19.1200008,0.2064683
19.1300011,0.2100133
19.1400013,0.2152246
19.1500015,0.2175015
19.1600018,0.2316357
19.1700001,0.2457538
19.1800003,0.2582859
19.1900005,0.2423750
19.2000008,0.2577268
19.2100010,0.2456284
19.2200012,0.2385726
19.2300014,0.2451141
19.2400017,0.2431604
19.2500000,0.2474199
19.2600002,0.2506617
19.2700005,0.2825859
19.2800007,0.2753579
19.2900009,0.2594597
19.3000011,0.2631047
19.3100014,0.2651923
19.3200016,0.2506604
19.3300018,0.2610824
19.3400002,0.2605188
19.3500004,0.2369751
19.3600006,0.2634661
19.3700008,0.2376576
19.3800011,0.2326169
19.3900013,0.2409519
19.4000015,0.2515291
19.4100018,0.2466226
19.4200001,0.2447836
19.4300003,0.2419465
19.4400005,0.2370105
19.4500008,0.2482946
19.4600010,0.2517469
19.4700012,0.2385650
19.4800014,0.2356205
19.4900017,0.2525365
19.5000000,0.2590056
19.5100002,0.2586412
19.5200005,0.2479286
19.5300007,0.2344911
19.5400009,0.2333883
19.5500011,0.2286767
19.5600014,0.2475203
19.5700016,0.2406703
19.5800018,0.2341554
19.5900002,0.2285038
19.6000004,0.2354919
19.6100006,0.2344460
19.6200008,0.2270512
19.6300011,0.2184776
19.6400013,0.2179625
19.6500015,0.2329652
19.6600018,0.2293997
19.6700001,0.2350080
19.6800003,0.2529860
19.6900005,0.2475448
19.7000008,0.2236319
19.7100010,0.2319374
19.7200012,0.2363231
19.7300014,0.2368163
19.7400017,0.2326866
19.7500000,0.2104832
19.7600002,0.2244249
19.7700005,0.2358764
19.7800007,0.2352956
19.7900009,0.2392733
19.8000011,0.2533508
19.8100014,0.2256384
19.8200016,0.2251768
19.8300018,0.2339273
19.8400002,0.2564339
19.8500004,0.2498140
19.8600006,0.2456533
19.8700008,0.2252205
19.8800011,0.2567189
19.8900013,0.2456244
19.9000015,0.2407628
19.9100018,0.2392345
19.9200001,0.2292180
19.9300003,0.2270474
19.9400005,0.2582237
19.9500008,0.2483171
19.9600010,0.2450828
19.9700012,0.2538043
19.9800014,0.2704770
19.9900017,0.2700517
20.0000000,0.2919622
20.0100002,0.2793513
20.0200005,0.2601266
20.0300007,0.2746552
20.0400009,0.2669062
20.0500011,0.2608919
20.0600014,0.2783823
20.0700016,0.2664736
20.0800018,0.2762226
20.0900002,0.2660197
20.1000004,0.2476835
20.1100006,0.2625670
20.1200008,0.2596095
20.1300011,0.2265083
20.1400013,0.2252557
20.1500015,0.2295508
20.1600018,0.2315437
20.1700001,0.2232589
20.1800003,0.2231122
20.1900005,0.2037604
20.2000008,0.2160712
20.2100010,0.2348638
20.2200012,0.2488083
20.2300014,0.2632388
20.2400017,0.2630675
20.2500019,0.2700365
20.2600002,0.2644345
20.2700005,0.2687875
20.2800007,0.2802175
20.2900009,0.2781886
20.3000011,0.2741933
20.3100014,0.2735108
20.3200016,0.2849038
20.3300018,0.2856756
20.3400002,0.2729059
20.3500004,0.2835848
20.3600006,0.2979439
20.3700008,0.2977495
20.3800011,0.2762126
20.3900013,0.3034996
20.4000015,0.2902394
20.4100018,0.2846097
20.4200001,0.2854763
20.4300003,0.2921745
20.4400005,0.2506171
20.4500008,0.2515720
20.4600010,0.2506655
20.4700012,0.2513094
20.4800014,0.2678813
20.4900017,0.2559788
20.5000019,0.2522465
20.5100002,0.2490600
20.5200005,0.2622894
20.5300007,0.2672718
20.5400009,0.2589880
20.5500011,0.2608342
20.5600014,0.2464969
20.5700016,0.2777938
20.5800018,0.2603087
20.5900002,0.2564970
20.6000004,0.2684816
20.6100006,0.2640496
20.6200008,0.2818416
20.6300011,0.2427470
20.6400013,0.2542440
20.6500015,0.2622375
20.6600018,0.2379078
20.6700001,0.2714560
20.6800003,0.2644839
20.6900005,0.2661798
20.7000008,0.2664818
20.7100010,0.2703016
20.7200012,0.2815473
20.7300014,0.2634371
20.7400017,0.2672176
20.7500019,0.2904902
20.7600002,0.2561540
20.7700005,0.2712221
20.7800007,0.2441968
20.7900009,0.2681922
20.8000011,0.2803721
20.8100014,0.2803003
20.8200016,0.2844110
20.8300018,0.2866681
20.8400002,0.2991036
20.8500004,0.3099850
20.8600006,0.2743992
20.8700008,0.2668853
20.8800011,0.2649704
20.8900013,0.2480898
20.9000015,0.2600529
20.9100018,0.2507194
20.9200001,0.2531964
20.9300003,0.2728008
20.9400005,0.2766394
20.9500008,0.2498378
20.9600010,0.2558472
20.9700012,0.2598625
20.9800014,0.2710813
20.9900017,0.2854280
21.0000019,0.2888125
21.0100002,0.2679681
21.0200005,0.2773250
21.0300007,0.2639430
21.0400009,0.2583335
21.0500011,0.2671115
21.0600014,0.2544094
21.0700016,0.2736236
21.0800018,0.2655991
21.0900002,0.2720666
21.1000004,0.2692218
21.1100006,0.2588718
21.1200008,0.2632660
21.1300011,0.2587647
21.1400013,0.2645392
21.1500015,0.2775637
21.1600018,0.2675793
21.1700001,0.2690082
21.1800003,0.2731756
21.1900005,0.2757881
21.2000008,0.2703665
21.2100010,0.3079792
21.2200012,0.2814996
21.2300014,0.2771912
21.2400017,0.2662448
21.2500019,0.2662794
21.2600002,0.2667721
21.2700005,0.2357588
21.2800007,0.2323185
21.2900009,0.2465953
21.3000011,0.2611127
21.3100014,0.2806063
21.3200016,0.2762112
21.3300018,0.2791163
21.3400002,0.2789463
21.3500004,0.2506253
21.3600006,0.2711404
21.3700008,0.2790653
21.3800011,0.2856956
21.3900013,0.2836380
21.4000015,0.2745498
21.4100018,0.3176709
21.4200001,0.2996561
21.4300003,0.2938035
21.4400005,0.2608712
21.4500008,0.2641143
21.4600010,0.2496661
21.4700012,0.2304431
21.4800014,0.2515205
21.4900017,0.2617833
21.5000019,0.2557793
21.5100002,0.2543697
21.5200005,0.2980000
21.5300007,0.2453374
21.5400009,0.2559009
21.5500011,0.2437519
21.5600014,0.2346706
21.5700016,0.2346620
21.5800018,0.2197057
21.5900002,0.2420653
21.6000004,0.2471817
21.6100006,0.2538945
21.6200008,0.2607484
21.6300011,0.2375131
21.6400013,0.2494034
21.6500015,0.2324447
21.6600018,0.2411531
21.6700001,0.2524822
21.6800003,0.2540501
21.6900005,0.2165076
21.7000008,0.2620153
21.7100010,0.2472620
21.7200012,0.2559106
21.7300014,0.2867508
21.7400017,0.2551841
21.7500019,0.2329193
21.7600002,0.2419883
21.7700005,0.2568814
21.7800007,0.2384610
21.7900009,0.2484159
21.8000011,0.2626429
21.8100014,0.2666533
21.8200016,0.2691679
21.8300018,0.2726443
21.8400002,0.2622108
21.8500004,0.2586511
21.8600006,0.2593670
21.8700008,0.2594917
21.8800011,0.2440603
21.8900013,0.2503453
21.9000015,0.2662895
21.9100018,0.2607982
21.9200020,0.2407598
21.9300003,0.2556027
21.9400005,0.2559038
21.9500008,0.2314433
21.9600010,0.2577097
21.9700012,0.2431422
21.9800014,0.2657462
21.9900017,0.2663006
22.0000019,0.2545130
22.0100002,0.2548665
22.0200005,0.2644761
22.0300007,0.2566500
22.0400009,0.2523749
22.0500011,0.2838336
22.0600014,0.2793548
22.0700016,0.2689195
22.0800018,0.2805731
22.0900002,0.2728923
22.1000004,0.2575949
22.1100006,0.2500852
22.1200008,0.2356802
22.1300011,0.2491731
22.1400013,0.2502014
22.1500015,0.2474831
22.1600018,0.2502322
22.1700020,0.2440620
22.1800003,0.2422882
22.1900005,0.2312859
22.2000008,0.2428157
22.2100010,0.2362902
22.2200012,0.2448912
22.2300014,0.2415166
22.2400017,0.2643151
22.2500019,0.2745860
22.2600002,0.2940489
22.2700005,0.3169257
22.2800007,0.3155017
22.2900009,0.3356859
22.3000011,0.3652957
22.3100014,0.3239526
22.3200016,0.3268041
22.3300018,0.2924404
22.3400002,0.3060077
22.3500004,0.2896645
22.3600006,0.2673448
22.3700008,0.2955933
22.3800011,0.3154213
22.3900013,0.4042770
22.4000015,0.3426877
22.4100018,0.3320761
22.4200020,0.3283828
22.4300003,0.3164844
22.4400005,0.3096700
22.4500008,0.3145725
22.4600010,0.3142188
22.4700012,0.3081437
22.4800014,0.3285875
22.4900017,0.3515556
22.5000019,0.3298322
22.5100002,0.2973621
22.5200005,0.2956628
22.5300007,0.3098294
22.5400009,0.3012724
22.5500011,0.3391038
22.5600014,0.2923087
22.5700016,0.3185503
22.5800018,0.3249007
22.5900002,0.3353326
22.6000004,0.3270540
22.6100006,0.3088602
22.6200008,0.3028678
22.6300011,0.3021385
22.6400013,0.2897235
22.6500015,0.2796650
22.6600018,0.3043166
22.6700020,0.2933851
22.6800003,0.2999537
22.6900005,0.2630545
22.7000008,0.2412785
22.7100010,0.2367572
22.7200012,0.2325168
22.7300014,0.2182306
22.7400017,0.2314759
22.7500019,0.2330920
22.7600002,0.2544626
22.7700005,0.2730457
22.7800007,0.2783693
22.7900009,0.2384117
22.8000011,0.2839634
22.8100014,0.2548203
22.8200016,0.2395526
22.8300018,0.2372481
22.8400002,0.2551285
22.8500004,0.2673051
22.8600006,0.2779287
22.8700008,0.2490592
22.8800011,0.2376397
22.8900013,0.2306989
22.9000015,0.2627404
22.9100018,0.2576539
22.9200020,0.2668156
22.9300003,0.2530168
22.9400005,0.2177537
22.9500008,0.2193181
22.9600010,0.2153500
22.9700012,0.2365220
22.9800014,0.2297691
22.9900017,0.2252852
23.0000019,0.2286292
23.0100002,0.2474983
23.0200005,0.2480572
23.0300007,0.2360382
23.0400009,0.2440085
23.0500011,0.2440193
23.0600014,0.2354527
23.0700016,0.2392848
23.0800018,0.2648133
23.0900002,0.2598850
23.1000004,0.2599254
23.1100006,0.2390731
23.1200008,0.2484063
23.1300011,0.2479011
23.1400013,0.2563214
23.1500015,0.2565119
23.1600018,0.2578884
23.1700020,0.2396783
23.1800003,0.2130613
23.1900005,0.1959729
23.2000008,0.2028516
23.2100010,0.1896292
23.2200012,0.1876350
23.2300014,0.1801542
23.2400017,0.1886295
23.2500019,0.1958375
23.2600002,0.2217020
23.2700005,0.2111495
23.2800007,0.1948585
23.2900009,0.2201529
23.3000011,0.2252898
23.3100014,0.2017313
23.3200016,0.1725176
23.3300018,0.2179606
23.3400021,0.2077845
23.3500004,0.2016703
23.3600006,0.1995468
23.3700008,0.2142770
23.3800011,0.2026331
23.3900013,0.2170006
23.4000015,0.1977701
23.4100018,0.2022838
23.4200020,0.2053628
23.4300003,0.1800090
23.4400005,0.1977701
23.4500008,0.1692246
23.4600010,0.1710449
23.4700012,0.1662288
23.4800014,0.1584930
23.4900017,0.1600400
23.5000019,0.1612956
23.5100002,0.1572502
23.5200005,0.1603708
23.5300007,0.1586128
23.5400009,0.1746863
23.5500011,0.1779486
23.5600014,0.1888564
23.5700016,0.1779808
23.5800018,0.1833709
23.5900021,0.1854302
23.6000004,0.1946104
23.6100006,0.1897348
23.6200008,0.2106292
23.6300011,0.1929315
23.6400013,0.2132312
23.6500015,0.2039318
23.6600018,0.1866012
23.6700020,0.2087521
23.6800003,0.2407338
23.6900005,0.2379867
23.7000008,0.2406502
23.7100010,0.2423293
23.7200012,0.2361707
23.7300014,0.2630085
23.7400017,0.2571714
23.7500019,0.2390795
23.7600002,0.2398892
23.7700005,0.2037317
23.7800007,0.1964608
23.7900009,0.2087684
23.8000011,0.1911285
23.8100014,0.1892509
23.8200016,0.1946369
23.8300018,0.1895095
23.8400021,0.1972395
23.8500004,0.2240131
23.8600006,0.2208773
23.8700008,0.2340846
23.8800011,0.2557675
23.8900013,0.2367428
23.9000015,0.2191712
23.9100018,0.2147992
23.9200020,0.2125576
23.9300003,0.2011229
23.9400005,0.1943214
23.9500008,0.1922283
23.9600010,0.1962299
23.9700012,0.1827646
23.9800014,0.2022371
23.9900017,0.1864694
24.0000019,0.1970762
24.0100002,0.1889754
24.0200005,0.2006566
24.0300007,0.2301269
24.0400009,0.1842486
24.0500011,0.1921687
24.0600014,0.2162700
24.0700016,0.2245916
24.0800018,0.2181086
24.0900021,0.1982255
24.1000004,0.1927418
24.1100006,0.2385223
24.1200008,0.2434282
24.1300011,0.2174953
24.1400013,0.2035515
24.1500015,0.2335341
24.1600018,0.2352269
24.1700020,0.2241741
24.1800003,0.2132668
24.1900005,0.2470531
24.2000008,0.2219818
24.2100010,0.1955666
24.2200012,0.1768205
24.2300014,0.2144119
24.2400017,0.2234184
24.2500019,0.2120727
24.2600002,0.2332505
24.2700005,0.2424680
24.2800007,0.2191262
24.2900009,0.2142623
24.3000011,0.2150586
24.3100014,0.2181545
24.3200016,0.2210093
24.3300018,0.2193476
24.3400021,0.2205636
24.3500004,0.2545748
24.3600006,0.2693115
24.3700008,0.2458635
24.3800011,0.2304788
24.3900013,0.2313092
24.4000015,0.2285946
24.4100018,0.2062741
24.4200020,0.2014032
24.4300003,0.2295079
24.4400005,0.2093451
24.4500008,0.2106231
24.4600010,0.2110934
24.4700012,0.2190288
24.4800014,0.2370130
24.4900017,0.2298489
24.5000019,0.2550824
24.5100002,0.2430877
24.5200005,0.2157100
24.5300007,0.1978156
24.5400009,0.1946100
24.5500011,0.1958794
24.5600014,0.2105931
24.5700016,0.2101969
24.5800018,0.2149227
24.5900021,0.2255757
24.6000004,0.2222748
24.6100006,0.2181661
24.6200008,0.2334905
24.6300011,0.2126386
24.6400013,0.2013539
24.6500015,0.2263181
24.6600018,0.2193128
24.6700020,0.2266338
24.6800003,0.2001546
24.6900005,0.2095188
24.7000008,0.2104213
24.7100010,0.2192162
24.7200012,0.2243643
24.7300014,0.1954739
24.7400017,0.1967929
24.7500019,0.1905549
24.7600002,0.1932837
24.7700005,0.2010239
24.7800007,0.2085439
24.7900009,0.2271152
24.8000011,0.2137992
24.8100014,0.2141302
24.8200016,0.2142002
24.8300018,0.2240403
24.8400021,0.2088096
24.8500004,0.2014972
24.8600006,0.2200903
24.8700008,0.2212149
24.8800011,0.2288938
24.8900013,0.2305378
24.9000015,0.2283094
24.9100018,0.2298424
24.9200020,0.2246023
24.9300003,0.2148718
24.9400005,0.2191162
24.9500008,0.2157894
24.9600010,0.2113028
24.9700012,0.2237220
24.9800014,0.2107086
24.9900017,0.2117492
25.0000019,0.2110168
25.0100021,0.2254803
25.0200005,0.2374477
25.0300007,0.2286025
25.0400009,0.2418077
25.0500011,0.2342206
25.0600014,0.2361457
25.0700016,0.2458638
25.0800018,0.2699114
25.0900021,0.2504855
25.1000004,0.2520771
25.1100006,0.2646180
25.1200008,0.2403400
25.1300011,0.2565182
25.1400013,0.2207412
25.1500015,0.2341890
25.1600018,0.2464179
25.1700020,0.2394523
25.1800003,0.2560387
25.1900005,0.2367917
25.2000008,0.2453591
25.2100010,0.2383059
25.2200012,0.2371973
25.2300014,0.2418704
25.2400017,0.2345604
25.2500019,0.2278656
25.2600021,0.2327203
25.2700005,0.2455894
25.2800007,0.2580446
25.2900009,0.2619869
25.3000011,0.2439851
25.3100014,0.2331927
25.3200016,0.2359174
25.3300018,0.2532747
25.3400021,0.2735078
25.3500004,0.2552126
25.3600006,0.2681899
25.3700008,0.2429176
25.3800011,0.2535636
25.3900013,0.2444430
25.4000015,0.2548343
25.4100018,0.2518379
25.4200020,0.2550892
25.4300003,0.2643493
25.4400005,0.2506589
25.4500008,0.2619255
25.4600010,0.2444660
25.4700012,0.2569529
25.4800014,0.2448201
25.4900017,0.2792832
25.5000019,0.2586240
25.5100021,0.2651168
25.5200005,0.2677447
25.5300007,0.2653538
25.5400009,0.2469256
25.5500011,0.2608022
25.5600014,0.2708507
25.5700016,0.2568285
25.5800018,0.2503405
25.5900021,0.2555087
25.6000004,0.2537727
25.6100006,0.2553593
25.6200008,0.2662789
25.6300011,0.2671292
25.6400013,0.2642892
25.6500015,0.2791089
25.6600018,0.2712918
25.6700020,0.2670853
25.6800003,0.2666116
25.6900005,0.2674085
25.7000008,0.2673643
25.7100010,0.2688339
25.7200012,0.2560242
25.7300014,0.2528196
25.7400017,0.2718639
25.7500019,0.2512430
25.7600021,0.2660384
25.7700005,0.2594010
25.7800007,0.2648211
25.7900009,0.2675437
25.8000011,0.2646858
25.8100014,0.2560044
25.8200016,0.2431190
25.8300018,0.2396821
25.8400021,0.2443427
25.8500004,0.2606842
25.8600006,0.2661251
25.8700008,0.2418536
25.8800011,0.2395153
25.8900013,0.2506667
25.9000015,0.2487376
25.9100018,0.2556913
25.9200020,0.2409234
25.9300003,0.2256449
25.9400005,0.2311638
25.9500008,0.2578706
25.9600010,0.2541663
25.9700012,0.2527661
25.9800014,0.2525688
25.9900017,0.2459636
26.0000019,0.2560659
26.0100021,0.2363465
26.0200005,0.2305408
26.0300007,0.2186251
26.0400009,0.2199009
26.0500011,0.2277239
26.0600014,0.2201248
26.0700016,0.2357356
26.0800018,0.2355959
26.0900021,0.2524602
26.1000004,0.2411158
26.1100006,0.2249109
26.1200008,0.2167845
26.1300011,0.2411861
26.1400013,0.2331852
26.1500015,0.2275874
26.1600018,0.2360456
26.1700020,0.2321346
26.1800003,0.2222535
26.1900005,0.2267786
26.2000008,0.2313960
26.2100010,0.2272659
26.2200012,0.2262232
26.2300014,0.2232718
26.2400017,0.2322952
26.2500019,0.2367479
26.2600021,0.2350852
26.2700005,0.2346778
26.2800007,0.2294344
26.2900009,0.2264094
26.3000011,0.2422243
26.3100014,0.2297134
26.3200016,0.2196810
26.3300018,0.2229100
26.3400021,0.2095618
26.3500004,0.2247343
26.3600006,0.2287112
26.3700008,0.2088699
26.3800011,0.2499328
26.3900013,0.2552241
26.4000015,0.2312065
26.4100018,0.2223157
26.4200020,0.2236748
26.4300003,0.2162715
26.4400005,0.1975550
26.4500008,0.1969779
26.4600010,0.1962121
26.4700012,0.2098163
26.4800014,0.2359474
26.4900017,0.2193912
26.5000019,0.2230569
26.5100021,0.2255720
26.5200005,0.2086221
26.5300007,0.2011205
26.5400009,0.1938995
26.5500011,0.2112741
26.5600014,0.1812936
26.5700016,0.2155478
26.5800018,0.2080183
26.5900021,0.2222998
26.6000004,0.2101056
26.6100006,0.2278918
26.6200008,0.2129686
26.6300011,0.2118789
26.6400013,0.2330128
26.6500015,0.2340003
26.6600018,0.2592052
26.6700020,0.2768700
26.6800022,0.2531557
26.6900005,0.2517932
26.7000008,0.2416420
26.7100010,0.2478416
26.7200012,0.2379569
26.7300014,0.2621687
26.7400017,0.2693489
26.7500019,0.3063049
26.7600021,0.2944239
26.7700005,0.2770454
26.7800007,0.2647370
26.7900009,0.2675998
26.8000011,0.2616406
26.8100014,0.2620941
26.8200016,0.2611462
26.8300018,0.2673990
26.8400021,0.2588886
26.8500004,0.2718451
26.8600006,0.2810131
26.8700008,0.2831365
26.8800011,0.2710265
26.8900013,0.2563331
26.9000015,0.2738645
26.9100018,0.2554131
26.9200020,0.2494605
26.9300022,0.2506288
26.9400005,0.2621256
26.9500008,0.2438721
26.9600010,0.2669799
26.9700012,0.2666747
26.9800014,0.2868671
26.9900017,0.2604034
27.0000019,0.2639873
27.0100021,0.2677371
27.0200005,0.2706202
27.0300007,0.3058888
27.0400009,0.3021429
27.0500011,0.3079372
27.0600014,0.3304996
27.0700016,0.2997863
27.0800018,0.3174862
27.0900021,0.3007149
27.1000004,0.3077142
27.1100006,0.3294777
27.1200008,0.3182063
27.1300011,0.2968337
27.1400013,0.2588109
27.1500015,0.2570255
27.1600018,0.2740791
27.1700020,0.2571462
27.1800022,0.2737945
27.1900005,0.2532697
27.2000008,0.2638003
27.2100010,0.2515262
27.2200012,0.2424497
27.2300014,0.2452867
27.2400017,0.2436218
27.2500019,0.2950548
27.2600021,0.2669067
27.2700005,0.2768310
27.2800007,0.2597925
27.2900009,0.2468922
27.3000011,0.2758648
27.3100014,0.2630900
27.3200016,0.2702184
27.3300018,0.2486598
27.3400021,0.2722503
27.3500004,0.2500485
27.3600006,0.2457223
27.3700008,0.2777239
27.3800011,0.2891177
27.3900013,0.3041995
27.4000015,0.3089918
27.4100018,0.3102006
27.4200020,0.3324186
27.4300022,0.3101813
27.4400005,0.2902125
27.4500008,0.2856484
27.4600010,0.2748003
27.4700012,0.2811307
27.4800014,0.2983545
27.4900017,0.3153272
27.5000019,0.3128115
27.5100021,0.2657417
27.5200005,0.2791627
27.5300007,0.2872144
27.5400009,0.2757015
27.5500011,0.2653710
27.5600014,0.2954722
27.5700016,0.2750904
27.5800018,0.2713823
27.5900021,0.2608663
27.6000004,0.2714846
27.6100006,0.2895236
27.6200008,0.2974531
27.6300011,0.2940811
27.6400013,0.3011876
27.6500015,0.3369454
27.6600018,0.3275688
27.6700020,0.3276012
27.6800022,0.3148660
27.6900005,0.2986809
27.7000008,0.3055083
27.7100010,0.3122158
27.7200012,0.2978524
27.7300014,0.2896554
27.7400017,0.2898981
27.7500019,0.3099445
27.7600021,0.2958145
27.7700005,0.2952937
27.7800007,0.2971595
27.7900009,0.2953894
27.8000011,0.2959269
27.8100014,0.3068083
27.8200016,0.2852102
27.8300018,0.2858745
27.8400021,0.2841482
27.8500004,0.2892119
27.8600006,0.2749649
27.8700008,0.3054098
27.8800011,0.3087316
27.8900013,0.2971421
27.9000015,0.3023528
27.9100018,0.2953227
27.9200020,0.2919075
27.9300022,0.2954907
27.9400005,0.2820604
27.9500008,0.2763969
27.9600010,0.2638386
27.9700012,0.2860769
27.9800014,0.2898918
27.9900017,0.2814929
28.0000019,0.2752238
28.0100021,0.2773847
28.0200005,0.2713947
28.0300007,0.2859813
28.0400009,0.2833642
28.0500011,0.2829108
28.0600014,0.2850330
28.0700016,0.2948641
28.0800018,0.2873317
28.0900021,0.2772856
28.1000004,0.2908749
28.1100006,0.2871038
28.1200008,0.2693695
28.1300011,0.2813420
28.1400013,0.2555440
28.1500015,0.2490250
28.1600018,0.2515420
28.1700020,0.2874201
28.1800022,0.2801880
28.1900005,0.2833275
28.2000008,0.2782390
28.2100010,0.2729432
28.2200012,0.2841844
28.2300014,0.2844177
28.2400017,0.2785061
28.2500019,0.2665854
28.2600021,0.2389533
28.2700005,0.2375192
28.2800007,0.2720313
28.2900009,0.2500640
28.3000011,0.2499250
28.3100014,0.2577643
28.3200016,0.2602255
28.3300018,0.2689936
28.3400021,0.2659819
28.3500023,0.2770160
28.3600006,0.2589912
28.3700008,0.2627581
28.3800011,0.2537041
28.3900013,0.2644593
28.4000015,0.2473017
28.4100018,0.2766383
28.4200020,0.2479654
28.4300022,0.2457322
28.4400005,0.2532217
28.4500008,0.2519041
28.4600010,0.2526802
28.4700012,0.2621080
28.4800014,0.2599190
28.4900017,0.2353580
28.5000019,0.2455803
28.5100021,0.2426997
28.5200005,0.2586001
28.5300007,0.2533023
28.5400009,0.2583002
28.5500011,0.2816542
28.5600014,0.2880943
28.5700016,0.2681690
28.5800018,0.2598271
28.5900021,0.2304414
28.6000023,0.2382888
28.6100006,0.2618997
28.6200008,0.2330691
28.6300011,0.2369357
28.6400013,0.2535427
28.6500015,0.2514796
28.6600018,0.2570384
28.6700020,0.2774715
28.6800022,0.2606625
28.6900005,0.2497007
28.7000008,0.2567956
28.7100010,0.2356671
28.7200012,0.2705091
28.7300014,0.2625378
28.7400017,0.2631525
28.7500019,0.2558916
28.7600021,0.2576835
28.7700005,0.2504296
28.7800007,0.2440322
28.7900009,0.2386276
28.8000011,0.2446472
28.8100014,0.2186850
28.8200016,0.2326865
28.8300018,0.2206314
28.8400021,0.2284089
28.8500023,0.2426656
28.8600006,0.2114744
28.8700008,0.2339649
28.8800011,0.2382292
28.8900013,0.2306527
28.9000015,0.2188366
28.9100018,0.2074434
28.9200020,0.2105358
28.9300022,0.2268592
28.9400005,0.2295238
28.9500008,0.2175677
28.9600010,0.2271169
28.9700012,0.2264508
28.9800014,0.2246060
28.9900017,0.2129695
29.0000019,0.2052521
29.0100021,0.2076022
29.0200005,0.2348093
29.0300007,0.2151695
29.0400009,0.2153574
29.0500011,0.2311087
29.0600014,0.2311246
29.0700016,0.2228380
29.0800018,0.2168723
29.0900021,0.2003438
29.1000023,0.2118801
29.1100006,0.2169471
29.1200008,0.2238414
29.1300011,0.2322616
29.1400013,0.2181869
29.1500015,0.2086477
29.1600018,0.2005432
29.1700020,0.2081968
29.1800022,0.2076213
29.1900005,0.1956312
29.2000008,0.1874793
29.2100010,0.1929453
29.2200012,0.2040890
29.2300014,0.1962944
29.2400017,0.1912316
29.2500019,0.2030311
29.2600021,0.1992094
29.2700005,0.2219731
29.2800007,0.2053392
29.2900009,0.1966669
29.3000011,0.1986575
29.3100014,0.1985340
29.3200016,0.1968550
29.3300018,0.1916725
29.3400021,0.1841522
29.3500023,0.2006275
29.3600006,0.2167288
29.3700008,0.2178960
29.3800011,0.2186020
29.3900013,0.2338559
29.4000015,0.2230282
29.4100018,0.2310495
29.4200020,0.2333509
29.4300022,0.2212286
29.4400005,0.2360480
29.4500008,0.2358546
29.4600010,0.2354302
29.4700012,0.2278854
29.4800014,0.2404983
29.4900017,0.2364921
29.5000019,0.2343622
29.5100021,0.2400167
29.5200005,0.2329508
29.5300007,0.2336119
29.5400009,0.2320607
29.5500011,0.2260906
29.5600014,0.2284999
29.5700016,0.2177319
29.5800018,0.2233651
29.5900021,0.2285631
29.6000023,0.2271465
29.6100006,0.2175024
29.6200008,0.2226022
29.6300011,0.2190366
29.6400013,0.2141199
29.6500015,0.1996208
29.6600018,0.2195043
29.6700020,0.2203621
29.6800022,0.2312057
29.6900005,0.2291075
29.7000008,0.2133044
29.7100010,0.2252088
29.7200012,0.2197658
29.7300014,0.2310317
29.7400017,0.2124010
29.7500019,0.2166323
29.7600021,0.2210407
29.7700024,0.2206702
29.7800007,0.2384692
29.7900009,0.2352658
29.8000011,0.2268219
29.8100014,0.2315640
29.8200016,0.2279070
29.8300018,0.2333740
29.8400021,0.2042638
29.8500023,0.2234645
29.8600006,0.2316169
29.8700008,0.2086670
29.8800011,0.2323084
29.8900013,0.2173664
29.9000015,0.2221204
29.9100018,0.2226480
29.9200020,0.2236268
29.9300022,0.2195054
29.9400005,0.2163379
29.9500008,0.2192933
29.9600010,0.2335196
29.9700012,0.2334255
29.9800014,0.2411093
29.9900017,0.2487141
30.0000019,0.2484607
30.0100021,0.2507476
30.0200024,0.2397605
30.0300007,0.2381555
30.0400009,0.2473624
30.0500011,0.2266680
30.0600014,0.2366376
30.0700016,0.2274966
30.0800018,0.2192777
30.0900021,0.2268113
30.1000023,0.2267212
30.1100006,0.2420913
30.1200008,0.2454349
30.1300011,0.2370324
30.1400013,0.2374109
30.1500015,0.2227790
30.1600018,0.2332516
30.1700020,0.2174934
30.1800022,0.2158115
30.1900005,0.2316777
30.2000008,0.2381348
30.2100010,0.2303242
30.2200012,0.2219815
30.2300014,0.2081711
30.2400017,0.2074020
30.2500019,0.2029194
30.2600021,0.2155369
30.2700024,0.2119924
30.2800007,0.2093053
30.2900009,0.2277988
30.3000011,0.2207092
30.3100014,0.2415116
30.3200016,0.2063059
30.3300018,0.2120127
30.3400021,0.2099066
30.3500023,0.2132962
30.3600006,0.2284772
30.3700008,0.2162061
30.3800011,0.2093420
30.3900013,0.2158956
30.4000015,0.2116113
30.4100018,0.2264895
30.4200020,0.2189187
30.4300022,0.2188648
30.4400005,0.2160960
30.4500008,0.2345395
30.4600010,0.2339715
30.4700012,0.2402061
30.4800014,0.2456821
30.4900017,0.2372832
30.5000019,0.2421330
30.5100021,0.2320338
30.5200024,0.2046231
30.5300007,0.2073479
30.5400009,0.2144348
30.5500011,0.2166361
30.5600014,0.2231049
30.5700016,0.2157429
30.5800018,0.2283897
30.5900021,0.2243762
30.6000023,0.2169451
30.6100006,0.2184242
30.6200008,0.2087368
30.6300011,0.2289557
30.6400013,0.2194942
30.6500015,0.2283698
30.6600018,0.2207872
30.6700020,0.2101806
30.6800022,0.2168069
30.6900005,0.2094159
30.7000008,0.2074229
30.7100010,0.2077447
30.7200012,0.2114303
30.7300014,0.2158609
30.7400017,0.2101552
30.7500019,0.1880948
30.7600021,0.2234832
30.7700024,0.2147120
30.7800007,0.2006827
30.7900009,0.2157699
30.8000011,0.2076205
30.8100014,0.2241452
30.8200016,0.2189307
30.8300018,0.2149008
30.8400021,0.2237380
30.8500023,0.2205836
30.8600006,0.2226648
30.8700008,0.2182340
30.8800011,0.2290345
30.8900013,0.2218231
30.9000015,0.2147441
30.9100018,0.2342316
30.9200020,0.2292493
30.9300022,0.2325047
30.9400005,0.2399724
30.9500008,0.2230241
30.9600010,0.2277193
30.9700012,0.2348705
30.9800014,0.2421199
30.9900017,0.2261490
31.0000019,0.2211380
31.0100021,0.2056366
31.0200024,0.2145673
31.0300007,0.2233379
31.0400009,0.2144956
31.0500011,0.2150924
31.0600014,0.2274094
31.0700016,0.2225876
31.0800018,0.2363336
31.0900021,0.2413191
31.1000023,0.2405172
31.1100006,0.2481924
31.1200008,0.2522943
31.1300011,0.2350191
31.1400013,0.2310889
31.1500015,0.2264673
31.1600018,0.2355025
31.1700020,0.2299701
31.1800022,0.2412679
31.1900005,0.2514001
31.2000008,0.2365475
31.2100010,0.2288008
31.2200012,0.2261056
31.2300014,0.2524996
31.2400017,0.2440107
31.2500019,0.2500398
31.2600021,0.2520620
31.2700024,0.2401966
31.2800007,0.2251797
31.2900009,0.2276862
31.3000011,0.2356571
31.3100014,0.2322158
31.3200016,0.2259182
31.3300018,0.2346490
31.3400021,0.2273585
31.3500023,0.2331707
31.3600006,0.2339215
31.3700008,0.2367795
31.3800011,0.2408555
31.3900013,0.2361872
31.4000015,0.2328263
31.4100018,0.2462187
31.4200020,0.2443081
31.4300022,0.2189091
31.4400024,0.2338438
31.4500008,0.2351353
31.4600010,0.2425961
31.4700012,0.2306081
31.4800014,0.2364449
31.4900017,0.2306982
31.5000019,0.2215202
31.5100021,0.2197601
31.5200024,0.2199457
31.5300007,0.2126634
31.5400009,0.2221620
31.5500011,0.2271427
31.5600014,0.2204228
31.5700016,0.2279377
31.5800018,0.2354829
31.5900021,0.2320772
31.6000023,0.2289049
31.6100006,0.2349365
31.6200008,0.2474667
31.6300011,0.2284031
31.6400013,0.2153268
31.6500015,0.2327873
31.6600018,0.2208831
31.6700020,0.2230067
31.6800022,0.2359532
31.6900024,0.2303521
31.7000008,0.2286786
31.7100010,0.2359208
31.7200012,0.2403499
31.7300014,0.2600828
31.7400017,0.2317255
31.7500019,0.2297319
31.7600021,0.2347647
31.7700024,0.2474798
31.7800007,0.2469698
31.7900009,0.2401641
31.8000011,0.2343762
31.8100014,0.2468877
31.8200016,0.2382624
31.8300018,0.2479255
31.8400021,0.2596007
31.8500023,0.2537897
31.8600006,0.2438567
31.8700008,0.2351888
31.8800011,0.2472313
31.8900013,0.2133395
31.9000015,0.2356214
31.9100018,0.2313289
31.9200020,0.2305137
31.9300022,0.2350846
31.9400024,0.2360198
31.9500008,0.2477400
31.9600010,0.2408697
31.9700012,0.2512840
31.9800014,0.2337686
31.9900017,0.2325156
32.0000000,0.2373822
32.0100021,0.2193886
32.0200005,0.2267621
32.0300026,0.2364110
32.0400009,0.2287838
32.0500031,0.2120796
32.0600014,0.2269217
32.0699997,0.2283146
32.0800018,0.2396741
32.0900002,0.2362060
32.1000023,0.2488960
32.1100006,0.2350709
32.1200027,0.2268610
32.1300011,0.2422763
32.1400032,0.2047578
32.1500015,0.2025590
32.1599998,0.2107853
32.1700020,0.2101718
32.1800003,0.2247956
32.1900024,0.2426383
32.2000008,0.2513194
32.2100029,0.2205724
32.2200012,0.2198916
32.2300034,0.2219486
32.2400017,0.2366689
32.2500000,0.2485726
32.2600021,0.2337819
32.2700005,0.2253526
32.2800026,0.2129647
32.2900009,0.2171446
32.3000031,0.2206303
32.3100014,0.2091178
32.3199997,0.2049932
32.3300018,0.2059460
32.3400002,0.2005295
32.3500023,0.2085538
32.3600006,0.1873055
32.3700027,0.2225792
32.3800011,0.2343741
32.3900032,0.2032712
32.4000015,0.2149834
32.4099998,0.2217743
32.4200020,0.2475588
32.4300003,0.2562036
32.4400024,0.2388988
32.4500008,0.2455475
32.4600029,0.2224684
32.4700012,0.2250683
32.4800034,0.2102444
32.4900017,0.2117512
32.5000000,0.2108610
32.5100021,0.2201773
32.5200005,0.2168332
32.5300026,0.2210320
32.5400009,0.2425525
32.5500031,0.2457366
32.5600014,0.2313615
32.5699997,0.2309954
32.5800018,0.2244117
32.5900002,0.2338116
32.6000023,0.2221957
32.6100006,0.2322320
32.6200027,0.2359675
32.6300011,0.2366488
32.6400032,0.2348057
32.6500015,0.2452860
32.6599998,0.2312383
32.6700020,0.2246499
32.6800003,0.2384831
32.6900024,0.2316356
32.7000008,0.2379998
32.7100029,0.2339144
32.7200012,0.2444693
32.7300034,0.2398465
32.7400017,0.2418235
32.7500000,0.2342812
32.7600021,0.2474046
32.7700005,0.2491961
32.7800026,0.2431858
32.7900009,0.2461545
32.8000031,0.2515500
32.8100014,0.2570723
32.8199997,0.2675789
32.8300018,0.2667764
32.8400002,0.2596134
32.8500023,0.2672276
32.8600006,0.2523815
32.8700027,0.2584742
32.8800011,0.2637176
32.8900032,0.2650318
32.9000015,0.2831564
32.9099998,0.2703171
32.9200020,0.2664404
32.9300003,0.2735794
32.9400024,0.2590564
32.9500008,0.2731300
32.9600029,0.2551517
32.9700012,0.2658039
32.9800034,0.2557855
32.9900017,0.2553863
33.0000000,0.2513709
33.0100021,0.2485884
33.0200005,0.2477521
33.0300026,0.2457208
33.0400009,0.2565465
33.0500031,0.2660440
33.0600014,0.2381996
33.0699997,0.2408621
33.0800018,0.2323341
33.0900002,0.2479455
33.1000023,0.2587757
33.1100006,0.2554127
33.1200027,0.2547286
33.1300011,0.2497332
33.1400032,0.2397455
33.1500015,0.2403074
33.1599998,0.2268410
33.1700020,0.2561903
33.1800003,0.2338991
33.1900024,0.2490706
33.2000008,0.2394695
33.2100029,0.2403357
33.2200012,0.2467443
33.2300034,0.2594886
33.2400017,0.2500903
33.2500000,0.2389614
33.2600021,0.2382528
33.2700005,0.2336336
33.2800026,0.2356253
33.2900009,0.2486234
33.3000031,0.2352242
33.3100014,0.2482509
33.3199997,0.2472002
33.3300018,0.2416963
33.3400002,0.2482447
33.3500023,0.2317320
33.3600006,0.2539472
33.3700027,0.2462412
33.3800011,0.2266868
33.3900032,0.2300506
33.4000015,0.2258111
33.4099998,0.2313901
33.4200020,0.2495838
33.4300003,0.2417290
33.4400024,0.2471628
33.4500008,0.2327566
33.4600029,0.2280844
33.4700012,0.2225059
33.4800034,0.2168297
33.4900017,0.2420097
33.5000000,0.2434545
33.5100021,0.2402866
33.5200005,0.2275401
33.5300026,0.2275089
33.5400009,0.2171656
33.5500031,0.2247805
33.5600014,0.2267727
33.5699997,0.2304322
33.5800018,0.2369911
33.5900002,0.2478259
33.6000023,0.2219223
33.6100006,0.2242850
33.6200027,0.2361396
33.6300011,0.2391693
33.6400032,0.2381793
33.6500015,0.2300295
33.6599998,0.2419608
33.6700020,0.2337409
33.6800003,0.2315595
33.6900024,0.2402944
33.7000008,0.2379192
33.7100029,0.2481295
33.7200012,0.2318509
33.7300034,0.2462997
33.7400017,0.2412368
33.7500000,0.2438802
33.7600021,0.2376611
33.7700005,0.2354541
33.7800026,0.2381169
33.7900009,0.2438608
33.8000031,0.2515168
33.8100014,0.2553104
33.8200035,0.2289330
33.8300018,0.2211609
33.8400002,0.2436289
33.8500023,0.2034444
33.8600006,0.2397870
33.8700027,0.2142926
33.8800011,0.2248919
33.8900032,0.2281566
33.9000015,0.2175385
33.9099998,0.2161229
33.9200020,0.2384870
33.9300003,0.2267433
33.9400024,0.2226962
33.9500008,0.2144725
33.9600029,0.2228504
33.9700012,0.2276344
33.9800034,0.2286033
33.9900017,0.2294619
34.0000000,0.2362695
34.0100021,0.2412220
34.0200005,0.2368296
34.0300026,0.2120652
34.0400009,0.2272550
34.0500031,0.2432813
34.0600014,0.2498229
34.0700035,0.2400504
34.0800018,0.2437630
34.0900002,0.2532893
34.1000023,0.2273660
34.1100006,0.2295583
34.1200027,0.2357544
34.1300011,0.2419036
34.1400032,0.2331173
34.1500015,0.2356463
34.1599998,0.2283101
34.1700020,0.2341583
34.1800003,0.2169112
34.1900024,0.2152330
34.2000008,0.2274858
34.2100029,0.2207967
34.2200012,0.2272793
34.2300034,0.2213868
34.2400017,0.2348050
34.2500000,0.2242694
34.2600021,0.2130499
34.2700005,0.1968657
34.2800026,0.2133080
34.2900009,0.2354318
34.3000031,0.2319072
34.3100014,0.2350751
34.3200035,0.2203452
34.3300018,0.1956958
34.3400002,0.2141056
34.3500023,0.1987450
34.3600006,0.1901383
34.3700027,0.1889601
34.3800011,0.1789781
34.3900032,0.1858599
34.4000015,0.1716945
34.4099998,0.1756352
34.4200020,0.1669437
34.4300003,0.1817573
34.4400024,0.1842227
34.4500008,0.1818196
34.4600029,0.1942927
34.4700012,0.1854947
34.4800034,0.1740455
34.4900017,0.1783085
34.5000000,0.1943340
34.5100021,0.2114237
34.5200005,0.2175272
34.5300026,0.2261341
34.5400009,0.1884033
34.5500031,0.2040357
34.5600014,0.1825802
34.5700035,0.1812656
34.5800018,0.1817705
34.5900002,0.1743661
34.6000023,0.1719945
34.6100006,0.1783245
34.6200027,0.1675208
34.6300011,0.1326423
34.6400032,0.1746361
34.6500015,0.1692652
34.6599998,0.1569974
34.6700020,0.1612785
34.6800003,0.1604277
34.6900024,0.1666871
34.7000008,0.1572781
34.7100029,0.1479043
34.7200012,0.1489353
34.7300034,0.1609079
34.7400017,0.1602771
34.7500000,0.1559040
34.7600021,0.1412299
34.7700005,0.1274055
34.7800026,0.1235804
34.7900009,0.1432136
34.8000031,0.1320771
34.8100014,0.1251933
34.8200035,0.1370222
34.8300018,0.1457122
34.8400002,0.1448210
34.8500023,0.1587555
34.8600006,0.1493542
34.8700027,0.1557994
34.8800011,0.1617751
34.8900032,0.1394321
34.9000015,0.1426898
34.9099998,0.1567811
34.9200020,0.1718029
34.9300003,0.1453325
34.9400024,0.1749803
34.9500008,0.1794642
34.9600029,0.2091744
34.9700012,0.2228840
34.9800034,0.1793695
34.9900017,0.1845436
35.0000000,0.1747358
35.0100021,0.1691063
35.0200005,0.1680896
35.0300026,0.1579454
35.0400009,0.1621298
35.0500031,0.1718915
35.0600014,0.1538640
35.0700035,0.1778334
35.0800018,0.1742513
35.0900002,0.1616488
35.1000023,0.1611284
35.1100006,0.1885147
35.1200027,0.1595444
35.1300011,0.1863883
35.1400032,0.1885752
35.1500015,0.1651191
35.1599998,0.1850211
35.1700020,0.1718808
35.1800003,0.1778547
35.1900024,0.1808518
35.2000008,0.1907240
35.2100029,0.2015559
35.2200012,0.2067274
35.2300034,0.2048236
35.2400017,0.2182979
35.2500000,0.1761608
35.2600021,0.2065124
35.2700005,0.1840827
35.2800026,0.1841474
35.2900009,0.1871816
35.3000031,0.1893449
35.3100014,0.2066585
35.3200035,0.2059363
35.3300018,0.2168524
35.3400002,0.1836805
35.3500023,0.2084502
35.3600006,0.2263944
35.3700027,0.2310982
35.3800011,0.2543580
35.3900032,0.2401202
35.4000015,0.2359381
35.4099998,0.2180069
35.4200020,0.2569517
35.4300003,0.2374472
35.4400024,0.2102524
35.4500008,0.2072759
35.4600029,0.2008081
35.4700012,0.2014871
35.4800034,0.1804338
35.4900017,0.1762509
35.5000000,0.1735910
35.5100021,0.1775318
35.5200005,0.1861122
35.5300026,0.1799442
35.5400009,0.2092291
35.5500031,0.2214559
35.5600014,0.1898676
35.5700035,0.2085355
35.5800018,0.2407273
35.5900002,0.2537021
35.6000023,0.2619583
35.6100006,0.2469372
35.6200027,0.2145953
35.6300011,0.2266860
35.6400032,0.2430772
35.6500015,0.2327678
35.6599998,0.2078772
35.6700020,0.2104730
35.6800003,0.2046462
35.6900024,0.2020826
35.7000008,0.2179286
35.7100029,0.2272428
35.7200012,0.1967528
35.7300034,0.2110239
35.7400017,0.2099208
35.7500000,0.2269265
35.7600021,0.2098043
35.7700005,0.2130245
35.7800026,0.2040113
35.7900009,0.2014073
35.8000031,0.1939590
35.8100014,0.2163950
35.8200035,0.2224752
35.8300018,0.2149737
35.8400002,0.2318538
35.8500023,0.2289752
35.8600006,0.2175086
35.8700027,0.2122679
35.8800011,0.2284170
35.8900032,0.2244319
35.9000015,0.2110252
35.9099998,0.2104906
35.9200020,0.2461283
35.9300003,0.2186241
35.9400024,0.2326814
35.9500008,0.2216485
35.9600029,0.1982051
35.9700012,0.2269840
35.9800034,0.2169023
35.9900017,0.2137510
36.0000000,0.2156225
36.0100021,0.2200257
36.0200005,0.2227613
36.0300026,0.2321650
36.0400009,0.2232805
36.0500031,0.2293612
36.0600014,0.2131225
36.0700035,0.2188256
36.0800018,0.2213152
36.0900002,0.2235560
36.1000023,0.2146820
36.1100006,0.2262510
36.1200027,0.2134323
36.1300011,0.2216131
36.1400032,0.2125804
36.1500015,0.2244964
36.1599998,0.2286055
36.1700020,0.2450825
36.1800003,0.2172336
36.1900024,0.2162500
36.2000008,0.2155723
36.2100029,0.2154167
36.2200012,0.2253790
36.2300034,0.2375702
36.2400017,0.2388193
36.2500000,0.2354107
36.2600021,0.2357651
36.2700005,0.2365810
36.2800026,0.2382040
36.2900009,0.2378857
36.3000031,0.2531335
36.3100014,0.2281180
36.3200035,0.2341197
36.3300018,0.2270326
36.3400002,0.2479753
36.3500023,0.2330221
36.3600006,0.2344667
36.3700027,0.2319809
36.3800011,0.2291232
36.3900032,0.2299277
36.4000015,0.2422400
36.4099998,0.2350287
36.4200020,0.2265958
36.4300003,0.2216294
36.4400024,0.2223663
36.4500008,0.2357628
36.4600029,0.2328360
36.4700012,0.2401632
36.4800034,0.2345064
36.4900017,0.2243878
36.5000000,0.2304069
36.5100021,0.2225643
36.5200005,0.2295162
36.5300026,0.2319956
36.5400009,0.2275134
36.5500031,0.2280432
36.5600014,0.2467777
36.5700035,0.2417178
36.5800018,0.2388376
36.5900002,0.2284094
36.6000023,0.2310961
36.6100006,0.2319482
36.6200027,0.2295924
36.6300011,0.2176453
36.6400032,0.2317990
36.6500015,0.2254651
36.6599998,0.2196127
36.6700020,0.1953630
36.6800003,0.2087465
36.6900024,0.2087416
36.7000008,0.2167749
36.7100029,0.2180480
36.7200012,0.2277684
36.7300034,0.2436451
36.7400017,0.2236395
36.7500000,0.2414586
36.7600021,0.2456696
36.7700005,0.2655600
36.7800026,0.2303163
36.7900009,0.2279274
36.8000031,0.2250956
36.8100014,0.2097819
36.8200035,0.2301576
36.8300018,0.2271876
36.8400002,0.2384945
36.8500023,0.2376852
36.8600006,0.2048359
36.8700027,0.2315428
36.8800011,0.2085820
36.8900032,0.2066074
36.9000015,0.2152790
36.9099998,0.2214709
36.9200020,0.2166456
36.9300003,0.2372803
36.9400024,0.2294521
36.9500008,0.2510811
36.9600029,0.2377600
36.9700012,0.2609468
36.9800034,0.2569102
36.9900017,0.2580469
37.0000000,0.2355213
37.0100021,0.2107822
37.0200005,0.2223973
37.0300026,0.1989660
37.0400009,0.2205405
37.0500031,0.2358824
37.0600014,0.2303987
37.0700035,0.2139798
37.0800018,0.2282035
37.0900002,0.2238905
37.1000023,0.2262317
37.1100006,0.2281023
37.1200027,0.2435407
37.1300011,0.2245962
37.1400032,0.2328304
37.1500015,0.2421785
37.1600037,0.2356403
37.1700020,0.1987738
37.1800003,0.1982522
37.1900024,0.1974788
37.2000008,0.2315353
37.2100029,0.2376941
37.2200012,0.2339222
37.2300034,0.2363472
37.2400017,0.2128462
37.2500000,0.2163882
37.2600021,0.2133186
37.2700005,0.2238417
37.2800026,0.2175317
37.2900009,0.2166156
37.3000031,0.2087523
37.3100014,0.2044383
37.3200035,0.2155538
37.3300018,0.2086416
37.3400002,0.2090621
37.3500023,0.2240413
37.3600006,0.2239210
37.3700027,0.2160559
37.3800011,0.2311146
37.3900032,0.2359371
37.4000015,0.2334855
37.4100037,0.2577109
37.4200020,0.2623259
37.4300003,0.2686211
37.4400024,0.2563357
37.4500008,0.2463523
37.4600029,0.2590007
37.4700012,0.2572596
37.4800034,0.2695475
37.4900017,0.2550863
37.5000000,0.2475260
37.5100021,0.2594760
37.5200005,0.2502372
37.5300026,0.2719879
37.5400009,0.2481063
37.5500031,0.2582414
37.5600014,0.2807480
37.5700035,0.2839510
37.5800018,0.2736114
37.5900002,0.2684324
37.6000023,0.2560971
37.6100006,0.2565558
37.6200027,0.2632971
37.6300011,0.2418383
37.6400032,0.2259471
37.6500015,0.2368584
37.6600037,0.2430607
37.6700020,0.2369881
37.6800003,0.2454217
37.6900024,0.2416634
37.7000008,0.2437689
37.7100029,0.2361726
37.7200012,0.2514279
37.7300034,0.2506245
37.7400017,0.2457778
37.7500000,0.2506361
37.7600021,0.2629612
37.7700005,0.2568782
37.7800026,0.2661131
37.7900009,0.2815633
37.8000031,0.2790284
37.8100014,0.2590511
37.8200035,0.2521635
37.8300018,0.2596529
37.8400002,0.2502356
37.8500023,0.2701061
37.8600006,0.2769591
37.8700027,0.2690546
37.8800011,0.2453429
37.8900032,0.2439534
37.9000015,0.2591065
37.9100037,0.2480894
37.9200020,0.2367039
37.9300003,0.2498448
37.9400024,0.2537124
37.9500008,0.2658444
37.9600029,0.2658279
37.9700012,0.2523753
37.9800034,0.2606539
37.9900017,0.2861701
38.0000000,0.2747513
38.0100021,0.2894005
38.0200005,0.2892133
38.0300026,0.2918107
38.0400009,0.2862488
38.0500031,0.2756608
38.0600014,0.2578935
38.0700035,0.2575949
38.0800018,0.2595907
38.0900002,0.2643430
38.1000023,0.2841478
38.1100006,0.2809068
38.1200027,0.2774127
38.1300011,0.2962587
38.1400032,0.2980028
38.1500015,0.2630906
38.1600037,0.2491913
38.1700020,0.2568615
38.1800003,0.2723925
38.1900024,0.2684697
38.2000008,0.2570122
38.2100029,0.2561897
38.2200012,0.2466662
38.2300034,0.2557451
38.2400017,0.2645991
38.2500000,0.2648242
38.2600021,0.2697783
38.2700005,0.2600020
38.2800026,0.2540989
38.2900009,0.2476899
38.3000031,0.2629258
38.3100014,0.2732607
38.3200035,0.2676023
38.3300018,0.2516391
38.3400002,0.2593457
38.3500023,0.2448934
38.3600006,0.2791759
38.3700027,0.2526039
38.3800011,0.2660459
38.3900032,0.2583061
38.4000015,0.2676885
38.4100037,0.2612286
38.4200020,0.2757823
38.4300003,0.2829371
38.4400024,0.2840858
38.4500008,0.2702488
38.4600029,0.2788792
38.4700012,0.2769722
38.4800034,0.2789389
38.4900017,0.2780302
38.5000000,0.2830521
38.5100021,0.2833196
38.5200005,0.2903226
38.5300026,0.2585975
38.5400009,0.2537900
38.5500031,0.2527593
38.5600014,0.2479894
38.5700035,0.2437250
38.5800018,0.2505256
38.5900002,0.2491202
38.6000023,0.2423088
38.6100006,0.2532779
38.6200027,0.2453403
38.6300011,0.2678487
38.6400032,0.2562818
38.6500015,0.2534153
38.6600037,0.2504768
38.6700020,0.2660050
38.6800003,0.2505423
38.6900024,0.2538182
38.7000008,0.2611610
38.7100029,0.2554442
38.7200012,0.2662269
38.7300034,0.2548766
38.7400017,0.2348990
38.7500000,0.2561640
38.7600021,0.2379934
38.7700005,0.2380342
38.7800026,0.2262679
38.7900009,0.2304603
38.8000031,0.2281533
38.8100014,0.2400352
38.8200035,0.2320507
38.8300018,0.2574852
38.8400002,0.2540759
38.8500023,0.2557829
38.8600006,0.2574596
38.8700027,0.2621023
38.8800011,0.2517363
38.8900032,0.2464506
38.9000015,0.2490067
38.9100037,0.2505639
38.9200020,0.2462535
38.9300003,0.2608255
38.9400024,0.2473501
38.9500008,0.2467274
38.9600029,0.2498883
38.9700012,0.2493654
38.9800034,0.2595203
38.9900017,0.2523965
39.0000000,0.2430549
39.0100021,0.2570548
39.0200005,0.2449657
39.0300026,0.2501275
39.0400009,0.2419508
39.0500031,0.2481427
39.0600014,0.2540047
39.0700035,0.2343041
39.0800018,0.2525950
39.0900002,0.2451942
39.1000023,0.2496123
39.1100006,0.2392084
39.1200027,0.2376335
39.1300011,0.2159003
39.1400032,0.2143656
39.1500015,0.2125777
39.1600037,0.2287640
39.1700020,0.2371186
39.1800003,0.2224140
39.1900024,0.2262864
39.2000008,0.2144334
39.2100029,0.2037842
39.2200012,0.2142315
39.2300034,0.2179653
39.2400017,0.2165026
39.2500000,0.2029588
39.2600021,0.2152785
39.2700005,0.2126569
39.2800026,0.2252590
39.2900009,0.2225786
39.3000031,0.2310786
39.3100014,0.2534132
39.3200035,0.2539200
39.3300018,0.2495013
39.3400002,0.2859570
39.3500023,0.2831846
39.3600006,0.2643573
39.3700027,0.2718578
39.3800011,0.2603464
39.3900032,0.2549843
39.4000015,0.2491807
39.4100037,0.2526981
39.4200020,0.2340870
39.4300003,0.2492011
39.4400024,0.2665392
39.4500008,0.2566411
39.4600029,0.2404748
39.4700012,0.2794532
39.4800034,0.2737367
39.4900017,0.2491381
39.5000000,0.2581578
39.5100021,0.2518328
39.5200005,0.2523815
39.5300026,0.2401283
39.5400009,0.2308414
39.5500031,0.2402787
39.5600014,0.2452478
39.5700035,0.2403656
39.5800018,0.2331686
39.5900002,0.2340434
39.6000023,0.2265673
39.6100006,0.2475070
39.6200027,0.2409264
39.6300011,0.2230060
39.6400032,0.2367018
39.6500015,0.2272328
39.6600037,0.2448457
39.6700020,0.2305654
39.6800003,0.2560125
39.6900024,0.2292572
39.7000008,0.2092864
39.7100029,0.2130712
39.7200012,0.2102338
39.7300034,0.2016264
39.7400017,0.2121014
39.7500000,0.2132563
39.7600021,0.2126649
39.7700005,0.2065459
39.7800026,0.1920537
39.7900009,0.1877463
39.8000031,0.1979447
39.8100014,0.1801168
39.8200035,0.1591288
39.8300018,0.1787703
39.8400002,0.1864985
39.8500023,0.1986264
39.8600006,0.1841521
39.8700027,0.1980848
39.8800011,0.1900674
39.8900032,0.2049525
39.9000015,0.2160120
39.9100037,0.2024144
39.9200020,0.2248605
39.9300003,0.2271407
39.9400024,0.2049016
39.9500008,0.1993953
39.9600029,0.1958841
39.9700012,0.2299144
39.9800034,0.2322672
39.9900017,0.2288911
40.0000000,0.2232215
40.0100021,0.2176961
40.0200005,0.2107387
40.0300026,0.1741547
40.0400009,0.1931988
40.0500031,0.1923858
40.0600014,0.2023832
40.0700035,0.2023305
40.0800018,0.1982558
40.0900002,0.1833920
40.1000023,0.1853414
40.1100006,0.1766753
40.1200027,0.1743990
40.1300011,0.1703517
40.1400032,0.1747612
40.1500015,0.1804685
40.1600037,0.1735272
40.1700020,0.1810890
40.1800003,0.1760827
40.1900024,0.1703708
40.2000008,0.1917931
40.2100029,0.2090362
40.2200012,0.1983510
40.2300034,0.1944909
40.2400017,0.2037241
40.2500038,0.1764588
40.2600021,0.1804428
40.2700005,0.1799130
40.2800026,0.1733464
40.2900009,0.1979998
40.3000031,0.1982085
40.3100014,0.1840790
40.3200035,0.1883736
40.3300018,0.1726841
40.3400002,0.1961581
40.3500023,0.1792224
40.3600006,0.1667328
40.3700027,0.1637732
40.3800011,0.1863443
40.3900032,0.1944234
40.4000015,0.1983920
40.4100037,0.2028279
40.4200020,0.2067460
40.4300003,0.1876436
40.4400024,0.1911435
40.4500008,0.1969708
40.4600029,0.2036398
40.4700012,0.2164612
40.4800034,0.2032802
40.4900017,0.1986388
40.5000038,0.2041359
40.5100021,0.1813127
40.5200005,0.1823618
40.5300026,0.1578608
40.5400009,0.1706153
40.5500031,0.1686103
40.5600014,0.1777384
40.5700035,0.1889676
40.5800018,0.1598932
40.5900002,0.1567527
40.6000023,0.1718334
40.6100006,0.1772734
40.6200027,0.1620980
40.6300011,0.1822950
40.6400032,0.1697843
40.6500015,0.1725290
40.6600037,0.1788348
40.6700020,0.1736094
40.6800003,0.1754421
40.6900024,0.1794141
40.7000008,0.1638110
40.7100029,0.1696830
40.7200012,0.1766399
40.7300034,0.1828186
40.7400017,0.2125005
40.7500038,0.2230131
40.7600021,0.1938397
40.7700005,0.1794801
40.7800026,0.1824771
40.7900009,0.1649902
40.8000031,0.1715870
40.8100014,0.1769477
40.8200035,0.1478200
40.8300018,0.1671104
40.8400002,0.1677214
40.8500023,0.1727194
40.8600006,0.1645587
40.8700027,0.1688461
40.8800011,0.1685671
40.8900032,0.1696696
40.9000015,0.1807358
40.9100037,0.1818376
40.9200020,0.1922832
40.9300003,0.1859116
40.9400024,0.1801862
40.9500008,0.1774202
40.9600029,0.1764795
40.9700012,0.1794757
40.9800034,0.1803011
40.9900017,0.1777127
41.0000038,0.1825496
41.0100021,0.1798021
41.0200005,0.1953053
41.0300026,0.1853705
41.0400009,0.2107983
41.0500031,0.1955207
41.0600014,0.1789205
41.0700035,0.1705020
41.0800018,0.1765022
41.0900002,0.1847682
41.1000023,0.1972398
41.1100006,0.1845623
41.1200027,0.1823611
41.1300011,0.1753153
41.1400032,0.1728927
41.1500015,0.1787172
41.1600037,0.1956558
41.1700020,0.1985978
41.1800003,0.1901830
41.1900024,0.1915074
41.2000008,0.1697078
41.2100029,0.1697149
41.2200012,0.1638591
41.2300034,0.1469605
41.2400017,0.1444888
41.2500038,0.1494859
41.2600021,0.1416743
41.2700005,0.1729620
41.2800026,0.1617449
41.2900009,0.1762039
41.3000031,0.1710755
41.3100014,0.1651998
41.3200035,0.1686500
41.3300018,0.1889346
41.3400002,0.1749916
41.3500023,0.1833925
41.3600006,0.1866246
41.3700027,0.1745939
41.3800011,0.1809169
41.3900032,0.1812757
41.4000015,0.1736748
41.4100037,0.1750620
41.4200020,0.1703290
41.4300003,0.1470435
41.4400024,0.1656522
41.4500008,0.1577614
41.4600029,0.1708457
41.4700012,0.1717383
41.4800034,0.1698009
41.4900017,0.1555224
41.5000038,0.1534290
41.5100021,0.1491944
41.5200005,0.1429904
41.5300026,0.1480682
41.5400009,0.1658041
41.5500031,0.1597246
41.5600014,0.1675927
41.5700035,0.1748624
41.5800018,0.1938723
41.5900002,0.1846829
41.6000023,0.1936392
41.6100006,0.1810615
41.6200027,0.1824000
41.6300011,0.2030483
41.6400032,0.1905981
41.6500015,0.2120173
41.6600037,0.2023243
41.6700020,0.2142584
41.6800003,0.2124473
41.6900024,0.2102282
41.7000008,0.2042893
41.7100029,0.2017979
41.7200012,0.1912431
41.7300034,0.1990211
41.7400017,0.2161738
41.7500038,0.2197379
41.7600021,0.2218458
41.7700005,0.2080129
41.7800026,0.2267390
41.7900009,0.2344883
41.8000031,0.2230621
41.8100014,0.2284219
41.8200035,0.2237419
41.8300018,0.2219226
41.8400002,0.2224946
41.8500023,0.2253129
41.8600006,0.2330482
41.8700027,0.2155327
41.8800011,0.2345436
41.8900032,0.2339366
41.9000015,0.2413047
41.9100037,0.2158364
41.9200020,0.2167096
41.9300003,0.2253917
41.9400024,0.2410261
41.9500008,0.2487396
41.9600029,0.2448924
41.9700012,0.2278274
41.9800034,0.2165631
41.9900017,0.2311603
42.0000038,0.2168792
42.0100021,0.2369436
42.0200005,0.2287009
42.0300026,0.2308744
42.0400009,0.2310190
42.0500031,0.2326288
42.0600014,0.2394196
42.0700035,0.2483652
42.0800018,0.2300414
42.0900002,0.2435572
42.1000023,0.2344651
42.1100006,0.2291342
42.1200027,0.2244321
42.1300011,0.2309583
42.1400032,0.2518634
42.1500015,0.2278169
42.1600037,0.2304805
42.1700020,0.2406465
42.1800003,0.2379704
42.1900024,0.2447918
42.2000008,0.2368357
42.2100029,0.2433457
42.2200012,0.2478660
42.2300034,0.2192529
42.2400017,0.2276543
42.2500038,0.2369959
42.2600021,0.2126081
42.2700005,0.2310723
42.2800026,0.2264403
42.2900009,0.2376036
42.3000031,0.2528998
42.3100014,0.2386392
42.3200035,0.2379422
42.3300018,0.2407625
42.3400002,0.2261458
42.3500023,0.2426074
42.3600006,0.2394398
42.3700027,0.2302494
42.3800011,0.2465986
42.3900032,0.2420223
42.4000015,0.2468440
42.4100037,0.2363494
42.4200020,0.2364616
42.4300003,0.2324055
42.4400024,0.2309763
42.4500008,0.2400500
42.4600029,0.2387385
42.4700012,0.2351274
42.4800034,0.2346805
42.4900017,0.2424093
42.5000038,0.2532508
42.5100021,0.2482688
42.5200005,0.2522896
42.5300026,0.2511364
42.5400009,0.2432227
42.5500031,0.2478588
42.5600014,0.2367340
42.5700035,0.2305659
42.5800018,0.2414643
42.5900002,0.2434194
42.6000023,0.2331669
42.6100006,0.2140541
42.6200027,0.2308103
42.6300011,0.2173023
42.6400032,0.2115929
42.6500015,0.2223998
42.6600037,0.2126946
42.6700020,0.2372653
42.6800003,0.2346931
42.6900024,0.2243651
42.7000008,0.2271615
42.7100029,0.2133717
42.7200012,0.2106808
42.7300034,0.2096251
42.7400017,0.2220940
42.7500038,0.2290900
42.7600021,0.2144349
42.7700005,0.2209719
42.7800026,0.2254874
42.7900009,0.2306903
42.8000031,0.2306004
42.8100014,0.2392144
42.8200035,0.2349178
42.8300018,0.2440718
42.8400002,0.2455144
42.8500023,0.2351288
42.8600006,0.2315405
42.8700027,0.2405363
42.8800011,0.2380047
42.8900032,0.2298061
42.9000015,0.2305312
42.9100037,0.2300690
42.9200020,0.2371014
42.9300003,0.2443998
42.9400024,0.2344869
42.9500008,0.2163712
42.9600029,0.2286808
42.9700012,0.2356465
42.9800034,0.2542568
42.9900017,0.2312436
43.0000038,0.2167223
43.0100021,0.2201032
43.0200005,0.2127759
43.0300026,0.2111593
43.0400009,0.2145404
43.0500031,0.2258584
43.0600014,0.2140116
43.0700035,0.2246139
43.0800018,0.2263122
43.0900002,0.2449165
43.1000023,0.2415910
43.1100006,0.2370695
43.1200027,0.2417015
43.1300011,0.2325436
43.1400032,0.2274861
43.1500015,0.2286776
43.1600037,0.2272803
43.1700020,0.2201245
43.1800003,0.2241462
43.1900024,0.2289542
43.2000008,0.2275729
43.2100029,0.2239261
43.2200012,0.2370998
43.2300034,0.2271969
43.2400017,0.2092827
43.2500038,0.2405275
43.2600021,0.2372300
43.2700005,0.2253383
43.2800026,0.2329532
43.2900009,0.2235708
43.3000031,0.2306913
43.3100014,0.2312324
43.3200035,0.2291785
43.3300018,0.2423191
43.3400002,0.2351936
43.3500023,0.2275896
43.3600006,0.2312702
43.3700027,0.2348478
43.3800011,0.2348902
43.3900032,0.2433630
43.4000015,0.2355859
43.4100037,0.2380111
43.4200020,0.2176066
43.4300003,0.2383809
43.4400024,0.2244623
43.4500008,0.2218276
43.4600029,0.2365949
43.4700012,0.2314357
43.4800034,0.2398250
43.4900017,0.2419887
43.5000038,0.2442918
43.5100021,0.2495729
43.5200005,0.2417199
43.5300026,0.2343338
43.5400009,0.2206705
43.5500031,0.2235492
43.5600014,0.2217183
43.5700035,0.2257289
43.5800018,0.2264534
43.5900040,0.2282252
43.6000023,0.2422249
43.6100006,0.2390295
43.6200027,0.2464815
43.6300011,0.2565184
43.6400032,0.2552883
43.6500015,0.2503248
43.6600037,0.2467229
43.6700020,0.2390226
43.6800003,0.2355898
43.6900024,0.2347612
43.7000008,0.2293403
43.7100029,0.2339180
43.7200012,0.2426051
43.7300034,0.2454066
43.7400017,0.2334528
43.7500038,0.2540523
43.7600021,0.2463250
43.7700005,0.2339885
43.7800026,0.2375504
43.7900009,0.2319904
43.8000031,0.2310673
43.8100014,0.2340777
43.8200035,0.2360691
43.8300018,0.2474454
43.8400040,0.2531227
43.8500023,0.2433170
43.8600006,0.2449500
43.8700027,0.2497880
43.8800011,0.2478878
43.8900032,0.2367217
43.9000015,0.2446139
43.9100037,0.2571116
43.9200020,0.2800362
43.9300003,0.2700613
43.9400024,0.2640443
43.9500008,0.2698873
43.9600029,0.2813952
43.9700012,0.2776494
43.9800034,0.2720788
43.9900017,0.2835642
44.0000038,0.2825314
44.0100021,0.2865161
44.0200005,0.2862969
44.0300026,0.2647488
44.0400009,0.2542462
44.0500031,0.2499795
44.0600014,0.2448152
44.0700035,0.2485809
44.0800018,0.2586814
44.0900040,0.2432181
44.1000023,0.2517527
44.1100006,0.2418429
44.1200027,0.2392602
44.1300011,0.2544224
44.1400032,0.2432640
44.1500015,0.2307025
44.1600037,0.2313199
44.1700020,0.2395855
44.1800003,0.2204510
44.1900024,0.2288384
44.2000008,0.2410258
44.2100029,0.2391171
44.2200012,0.2398256
44.2300034,0.2504208
44.2400017,0.2438751
44.2500038,0.2496334
44.2600021,0.2405609
44.2700005,0.2494900
44.2800026,0.2307713
44.2900009,0.2349941
44.3000031,0.2575100
44.3100014,0.2229134
44.3200035,0.2208341
44.3300018,0.2373443
44.3400040,0.2338637
44.3500023,0.2132790
44.3600006,0.2396397
44.3700027,0.2281027
44.3800011,0.2535796
44.3900032,0.2313653
44.4000015,0.2506631
44.4100037,0.2460264
44.4200020,0.2219438
44.4300003,0.2496116
44.4400024,0.2359147
44.4500008,0.2192400
44.4600029,0.2361466
44.4700012,0.2631616
44.4800034,0.2495033
44.4900017,0.2319837
44.5000038,0.2368378
44.5100021,0.2371075
44.5200005,0.2289605
44.5300026,0.2403738
44.5400009,0.2272365
44.5500031,0.2124239
44.5600014,0.2077325
44.5700035,0.2209309
44.5800018,0.2364487
44.5900040,0.2330279
44.6000023,0.2219943
44.6100006,0.2207164
44.6200027,0.2425124
44.6300011,0.2284057
44.6400032,0.2101790
44.6500015,0.2230164
44.6600037,0.2225095
44.6700020,0.2197868
44.6800003,0.2146663
44.6900024,0.2198855
44.7000008,0.2195203
44.7100029,0.2202817
44.7200012,0.2357128
44.7300034,0.2312713
44.7400017,0.2173645
44.7500038,0.2159189
44.7600021,0.2178417
44.7700005,0.2255899
44.7800026,0.2185861
44.7900009,0.2159702
44.8000031,0.2278658
44.8100014,0.2387440
44.8200035,0.2413135
44.8300018,0.2219458
44.8400040,0.2199054
44.8500023,0.2318142
44.8600006,0.2228285
44.8700027,0.2174577
44.8800011,0.2279135
44.8900032,0.2400105
44.9000015,0.2258296
44.9100037,0.2133602
44.9200020,0.2336800
44.9300003,0.2175879
44.9400024,0.2183930
44.9500008,0.2163605
44.9600029,0.2352626
44.9700012,0.2309784
44.9800034,0.2343844
44.9900017,0.2451648
45.0000038,0.2295364
45.0100021,0.2448920
45.0200005,0.2402256
45.0300026,0.2531408
45.0400009,0.2399913
45.0500031,0.2481120
45.0600014,0.2229456
45.0700035,0.2208674
45.0800018,0.2347654
45.0900040,0.2237910
45.1000023,0.2221112
45.1100006,0.2226910
45.1200027,0.2101350
45.1300011,0.2364399
45.1400032,0.2194304
45.1500015,0.2222762
45.1600037,0.2096827
45.1700020,0.2234785
45.1800003,0.2422314
45.1900024,0.2289690
45.2000008,0.2365377
45.2100029,0.2384837
45.2200012,0.2238569
45.2300034,0.2295326
45.2400017,0.2276245
45.2500038,0.2295042
45.2600021,0.2317074
45.2700005,0.2287053
45.2800026,0.2269536
45.2900009,0.2400443
45.3000031,0.2343276
45.3100014,0.2419364
45.3200035,0.2300497
45.3300018,0.2271845
45.3400040,0.2456489
45.3500023,0.2557982
45.3600006,0.2497249
45.3700027,0.2453919
45.3800011,0.2448930
45.3900032,0.2410155
45.4000015,0.2538683
45.4100037,0.2618558
45.4200020,0.2609623
45.4300003,0.2700307
45.4400024,0.2616022
45.4500008,0.2535034
45.4600029,0.2422383
45.4700012,0.2438610
45.4800034,0.2562129
45.4900017,0.2439423
45.5000038,0.2394793
45.5100021,0.2330760
45.5200005,0.2495590
45.5300026,0.2281974
45.5400009,0.2460575
45.5500031,0.2478384
45.5600014,0.2602759
45.5700035,0.2571431
45.5800018,0.2510470
45.5900040,0.2529986
45.6000023,0.2464648
45.6100006,0.2437043
45.6200027,0.2394260
45.6300011,0.2523068
45.6400032,0.2344884
45.6500015,0.2363298
45.6600037,0.2415596
45.6700020,0.2522791
45.6800003,0.2405546
45.6900024,0.2324809
45.7000008,0.2521822
45.7100029,0.2505819
45.7200012,0.2448574
45.7300034,0.2550553
45.7400017,0.2601689
45.7500038,0.2566707
45.7600021,0.2521628
45.7700005,0.2651371
45.7800026,0.2575105
45.7900009,0.2451022
45.8000031,0.2439253
45.8100014,0.2453901
45.8200035,0.2576434
45.8300018,0.2633429
45.8400040,0.2573195
45.8500023,0.2609125
45.8600006,0.2630037
45.8700027,0.2684764
45.8800011,0.2638390
45.8900032,0.2712217
45.9000015,0.2718113
45.9100037,0.2618520
45.9200020,0.2747745
45.9300003,0.3009138
45.9400024,0.3160278
45.9500008,0.2769977
45.9600029,0.2847495
45.9700012,0.2762751
45.9800034,0.2669499
45.9900017,0.2854642
46.0000038,0.2779601
46.0100021,0.2561581
46.0200005,0.2588258
46.0300026,0.2573767
46.0400009,0.2579628
46.0500031,0.2506364
46.0600014,0.2573828
46.0700035,0.2591882
46.0800018,0.2831927
46.0900040,0.2773262
46.1000023,0.2786931
46.1100006,0.2805544
46.1200027,0.2924333
46.1300011,0.2765339
46.1400032,0.2814240
46.1500015,0.2788082
46.1600037,0.2737515
46.1700020,0.2929516
46.1800003,0.2841093
46.1900024,0.2779003
46.2000008,0.2727861
46.2100029,0.2856546
46.2200012,0.2791178
46.2300034,0.2869205
46.2400017,0.2579954
46.2500038,0.2636465
46.2600021,0.2747881
46.2700005,0.2571471
46.2800026,0.2647313
46.2900009,0.2566708
46.3000031,0.2505316
46.3100014,0.2682963
46.3200035,0.2478943
46.3300018,0.2643664
46.3400040,0.2505973
46.3500023,0.2672711
46.3600006,0.2574974
46.3700027,0.2900809
46.3800011,0.2686272
46.3900032,0.2623043
46.4000015,0.2615651
46.4100037,0.2587145
46.4200020,0.2735880
46.4300003,0.2398938
46.4400024,0.2429148
46.4500008,0.2438842
46.4600029,0.2336282
46.4700012,0.2601892
46.4800034,0.2462721
46.4900017,0.2362217
46.5000038,0.2388169
46.5100021,0.2502294
46.5200005,0.2453027
46.5300026,0.2290054
46.5400009,0.2362935
46.5500031,0.2277440
46.5600014,0.2486962
46.5700035,0.2419221
46.5800018,0.2310733
46.5900040,0.2387452
46.6000023,0.2390823
46.6100006,0.2496582
46.6200027,0.2540455
46.6300011,0.2365662
46.6400032,0.2397659
46.6500015,0.2645624
46.6600037,0.2547168
46.6700020,0.2651648
46.6800041,0.2657518
46.6900024,0.2683513
46.7000008,0.2483752
46.7100029,0.2469286
46.7200012,0.2508498
46.7300034,0.2323716
46.7400017,0.2260091
46.7500038,0.2243559
46.7600021,0.2198396
46.7700005,0.2397345
46.7800026,0.2322638
46.7900009,0.2351463
46.8000031,0.2228453
46.8100014,0.2134688
46.8200035,0.2198136
46.8300018,0.2345150
46.8400040,0.2445031
46.8500023,0.2387209
46.8600006,0.2292230
46.8700027,0.2486048
46.8800011,0.2538584
46.8900032,0.2454802
46.9000015,0.2769322
46.9100037,0.2781543
46.9200020,0.2518797
46.9300041,0.2550857
46.9400024,0.2543024
46.9500008,0.2711749
46.9600029,0.2778501
46.9700012,0.2776031
46.9800034,0.2941235
46.9900017,0.2792028
47.0000038,0.2681394
47.0100021,0.2725188
47.0200005,0.2404438
47.0300026,0.2418905
47.0400009,0.2460841
47.0500031,0.2454664
47.0600014,0.2361186
47.0700035,0.2303111
47.0800018,0.2370080
47.0900040,0.2348966
47.1000023,0.2359498
47.1100006,0.2494122
47.1200027,0.2270485
47.1300011,0.2205660
47.1400032,0.2306791
47.1500015,0.2273150
47.1600037,0.2380250
47.1700020,0.2413407
47.1800041,0.2275782
47.1900024,0.2305493
47.2000008,0.2299500
47.2100029,0.2362203
47.2200012,0.2360187
47.2300034,0.2392519
47.2400017,0.2511792
47.2500038,0.2442967
47.2600021,0.2599171
47.2700005,0.2504114
47.2800026,0.2438408
47.2900009,0.2492378
47.3000031,0.2478744
47.3100014,0.2436655
47.3200035,0.2506466
47.3300018,0.2423099
47.3400040,0.2537416
47.3500023,0.2544654
47.3600006,0.2406971
47.3700027,0.2511489
47.3800011,0.2543929
47.3900032,0.2306999
47.4000015,0.2450507
47.4100037,0.2529494
47.4200020,0.2442958
47.4300041,0.2510386
47.4400024,0.2427879
47.4500008,0.2402037
47.4600029,0.2391323
47.4700012,0.2587960
47.4800034,0.2457991
47.4900017,0.2422158
47.5000038,0.2373029
47.5100021,0.2422634
47.5200005,0.2501873
47.5300026,0.2407335
47.5400009,0.2458995
47.5500031,0.2452770
47.5600014,0.2630207
47.5700035,0.2477734
47.5800018,0.2389389
47.5900040,0.2503519
47.6000023,0.2242632
47.6100006,0.2278868
47.6200027,0.1989751
47.6300011,0.2053594
47.6400032,0.2284003
47.6500015,0.2057663
47.6600037,0.2064038
47.6700020,0.2101902
47.6800041,0.2213827
47.6900024,0.2046202
47.7000008,0.2038053
47.7100029,0.2025027
47.7200012,0.1870922
47.7300034,0.1796843
47.7400017,0.1864831
47.7500038,0.1867327
47.7600021,0.1874661
47.7700005,0.1862155
47.7800026,0.1807047
47.7900009,0.1876448
47.8000031,0.1964913
47.8100014,0.1918330
47.8200035,0.2054991
47.8300018,0.2000456
47.8400040,0.1898309
47.8500023,0.2164835
47.8600006,0.2048270
47.8700027,0.2149863
47.8800011,0.2038087
47.8900032,0.1756621
47.9000015,0.1724143
47.9100037,0.1776025
47.9200020,0.1719293
47.9300041,0.1685650
47.9400024,0.1798428
47.9500008,0.1705903
47.9600029,0.1810818
47.9700012,0.2124897
47.9800034,0.2043503
47.9900017,0.1777302
48.0000038,0.1753869
48.0100021,0.1707600
48.0200005,0.1565073
48.0300026,0.1794548
48.0400009,0.1887856
48.0500031,0.2355498
48.0600014,0.2257536
48.0700035,0.2258018
48.0800018,0.2526578
48.0900040,0.2222645
48.1000023,0.1970907
48.1100006,0.2039577
48.1200027,0.1931762
48.1300011,0.2088721
48.1400032,0.2166511
48.1500015,0.2068301
48.1600037,0.2141676
48.1700020,0.2303752
48.1800041,0.1939154
48.1900024,0.1975372
48.2000008,0.1971418
48.2100029,0.1491141
48.2200012,0.1849586
48.2300034,0.1957812
48.2400017,0.1789524
48.2500038,0.1676018
48.2600021,0.1558513
48.2700005,0.1600109
48.2800026,0.1796333
48.2900009,0.1562710
48.3000031,0.1779439
48.3100014,0.1668477
48.3200035,0.1822143
48.3300018,0.1984480
48.3400040,0.2042648
48.3500023,0.2128649
48.3600006,0.1873852
48.3700027,0.1820620
48.3800011,0.1655886
48.3900032,0.1690614
48.4000015,0.1595275
48.4100037,0.1541324
48.4200020,0.1621304
48.4300041,0.1519283
48.4400024,0.1783350
48.4500008,0.1630388
48.4600029,0.1681545
48.4700012,0.1649090
48.4800034,0.1590068
48.4900017,0.1871618
48.5000038,0.1975390
48.5100021,0.2014944
48.5200005,0.1910689
48.5300026,0.1770517
48.5400009,0.1568531
48.5500031,0.1658267
48.5600014,0.1824034
48.5700035,0.2066833
48.5800018,0.1951312
48.5900040,0.1971826
48.6000023,0.2154582
48.6100006,0.1946902
48.6200027,0.2205408
48.6300011,0.2040522
48.6400032,0.1940216
48.6500015,0.1811412
48.6600037,0.1907735
48.6700020,0.2025034
48.6800041,0.1712674
48.6900024,0.1593039
48.7000008,0.1711618
48.7100029,0.1941693
48.7200012,0.1584972
48.7300034,0.1566652
48.7400017,0.1729585
48.7500038,0.1616801
48.7600021,0.1863659
48.7700005,0.2001404
48.7800026,0.1761253
48.7900009,0.1816423
48.8000031,0.1831399
48.8100014,0.1927003
48.8200035,0.1930716
48.8300018,0.1733435
48.8400040,0.1940529
48.8500023,0.1998543
48.8600006,0.1883657
48.8700027,0.1986151
48.8800011,0.2007667
48.8900032,0.2160006
48.9000015,0.2270211
48.9100037,0.2033881
48.9200020,0.2155827
48.9300041,0.2268241
48.9400024,0.2107564
48.9500008,0.2031564
48.9600029,0.2264389
48.9700012,0.2425897
48.9800034,0.2333791
48.9900017,0.2316580
49.0000038,0.2289501
49.0100021,0.2183984
49.0200005,0.2085004
49.0300026,0.2202601
49.0400009,0.2185078
49.0500031,0.2215409
49.0600014,0.2036169
49.0700035,0.1977505
49.0800018,0.2207148
49.0900040,0.1955248
49.1000023,0.2153078
49.1100006,0.2141008
49.1200027,0.2135843
49.1300011,0.2141225
49.1400032,0.1842619
49.1500015,0.2132328
49.1600037,0.2121956
49.1700020,0.2169476
49.1800041,0.2110106
49.1900024,0.2127063
49.2000008,0.2071979
49.2100029,0.2033347
49.2200012,0.2175433
49.2300034,0.2031036
49.2400017,0.2147540
49.2500038,0.2174265
49.2600021,0.2128493
49.2700005,0.2094444
49.2800026,0.2166006
49.2900009,0.2240495
49.3000031,0.2141462
49.3100014,0.2144881
49.3200035,0.2227457
49.3300018,0.2367098
49.3400040,0.2312723
49.3500023,0.2308173
49.3600006,0.2327198
49.3700027,0.2448883
49.3800011,0.2405000
49.3900032,0.2171131
49.4000015,0.2205812
49.4100037,0.2201463
49.4200020,0.2164269
49.4300041,0.2055547
49.4400024,0.2238418
49.4500008,0.2144345
49.4600029,0.2102759
49.4700012,0.2375188
49.4800034,0.2332486
49.4900017,0.2254690
49.5000038,0.2178704
49.5100021,0.2118110
49.5200005,0.2039407
49.5300026,0.2085523
49.5400009,0.2140466
49.5500031,0.2370300
49.5600014,0.2122620
49.5700035,0.2041290
49.5800018,0.1985583
49.5900040,0.2223665
49.6000023,0.2051015
49.6100006,0.2061504
49.6200027,0.2206677
49.6300011,0.2181702
49.6400032,0.2049685
49.6500015,0.2020413
49.6600037,0.2238164
49.6700020,0.2170787
49.6800041,0.2353209
49.6900024,0.2168595
49.7000008,0.2104554
49.7100029,0.2072946
49.7200012,0.2215892
49.7300034,0.2136567
49.7400017,0.2135899
49.7500038,0.2024357
49.7600021,0.2017761
49.7700005,0.2028938
49.7800026,0.2091005
49.7900009,0.2110227
49.8000031,0.2358422
49.8100014,0.2480076
49.8200035,0.2312432
49.8300018,0.2368069
49.8400040,0.2368690
49.8500023,0.2467503
49.8600006,0.2498381
49.8700027,0.2607014
49.8800011,0.2473485
49.8900032,0.2446682
49.9000015,0.2450970
49.9100037,0.2390491
49.9200020,0.2369649
49.9300041,0.2310617
49.9400024,0.2139004
49.9500008,0.2140294
49.9600029,0.2109445
49.9700012,0.2093663
49.9800034,0.1895500
49.9900017,0.1914269
50.0000038,0.2130411
