0.0000000,0.0000003
0.0100000,0.0870218
0.0200000,0.1009621
0.0300000,0.0999230
0.0400000,0.1258310
0.0500000,0.1252352
0.0600000,0.1459792
0.0700000,0.1542640
0.0800000,0.1672063
0.0900000,0.1515188
0.1000000,0.1356453
0.1100000,0.1516849
0.1200000,0.1717758
0.1300000,0.1944011
0.1400000,0.2114075
0.1500000,0.2132630
0.1600000,0.1997515
0.1700000,0.1917174
0.1800000,0.1756583
0.1900000,0.2000769
0.2000000,0.1691001
0.2100000,0.1748675
0.2200000,0.1688599
0.2300000,0.1627697
0.2400000,0.1648621
0.2500000,0.1581544
0.2600000,0.1752672
0.2700000,0.1553564
0.2800000,0.1692315
0.2900000,0.1722825
0.3000000,0.1688126
0.3100000,0.1733109
0.3200000,0.1576348
0.3300000,0.1469544
0.3400000,0.1550022
0.3500000,0.1578867
0.3600000,0.1647982
0.3700000,0.1791895
0.3800000,0.1974503
0.3900000,0.1934876
0.4000000,0.2187873
0.4100000,0.1928932
0.4200000,0.2135274
0.4300000,0.2114604
0.4400000,0.2046540
0.4500000,0.1802109
0.4600000,0.1874334
0.4700000,0.1895016
0.4800000,0.1978947
0.4900000,0.1973484
0.5000000,0.1972903
0.5100001,0.2185069
0.5200000,0.1964141
0.5300000,0.1815740
0.5400000,0.1757303
0.5500000,0.1619784
0.5600000,0.1536450
0.5700001,0.1574834
0.5800000,0.1514036
0.5900000,0.1554656
0.6000000,0.1532009
0.6100000,0.1503784
0.6200000,0.1800945
0.6300001,0.1670802
0.6400000,0.1733250
0.6500000,0.1682985
0.6600000,0.1824475
0.6700000,0.1801167
0.6800000,0.1592336
0.6900001,0.1688095
0.7000000,0.1961298
0.7100000,0.1783577
0.7200000,0.1845808
0.7300000,0.1642796
0.7400000,0.1629753
0.7500001,0.1594178
0.7600001,0.1545096
0.7700000,0.1566830
0.7800000,0.1513238
0.7900000,0.1552017
0.8000000,0.1731306
0.8100001,0.1579293
0.8200001,0.1594565
0.8300000,0.1574811
0.8400000,0.1522456
0.8500000,0.1370251
0.8600000,0.1491219
0.8700001,0.1461995
0.8800001,0.1705964
0.8900000,0.1780797
0.9000000,0.1603478
0.9100000,0.1563664
0.9200000,0.1654028
0.9300001,0.1628617
0.9400001,0.1803390
0.9500000,0.1883939
0.9600000,0.1907870
0.9700000,0.1691207
0.9800000,0.1855229
0.9900001,0.1814969
1.0000000,0.1655718
1.0100000,0.1836934
1.0200001,0.1812434
1.0300001,0.1774072
1.0400001,0.2138192
1.0500001,0.1889729
1.0600001,0.1970692
1.0700001,0.1931926
1.0800000,0.2089076
1.0900000,0.1917928
1.1000000,0.1880197
1.1100000,0.1952843
1.1200000,0.1776843
1.1300000,0.2092882
1.1400001,0.2059019
1.1500001,0.2149607
1.1600001,0.1859686
1.1700001,0.2024525
1.1800001,0.1775745
1.1900001,0.1696431
1.2000000,0.1702160
1.2100000,0.1863004
1.2200000,0.1718919
1.2300000,0.1864885
1.2400000,0.1865480
1.2500000,0.1930133
1.2600001,0.1951344
1.2700001,0.1941324
1.2800001,0.1768404
1.2900001,0.1702327
1.3000001,0.1789684
1.3100001,0.1639384
1.3200001,0.1811714
1.3300000,0.1777377
1.3400000,0.1709298
1.3500000,0.1838013
1.3600000,0.1893436
1.3700001,0.1746926
1.3800001,0.2146990
1.3900001,0.1980956
1.4000001,0.1827733
1.4100001,0.1778789
1.4200001,0.1802169
1.4300001,0.1975303
1.4400001,0.2070677
1.4500000,0.1806772
1.4600000,0.2114349
1.4700000,0.2288359
1.4800000,0.2226015
1.4900001,0.1881167
1.5000001,0.1934297
1.5100001,0.1832342
1.5200001,0.2022690
1.5300001,0.1986947
1.5400001,0.2116996
1.5500001,0.2077745
1.5600001,0.2049180
1.5700001,0.2044899
1.5800000,0.2088928
1.5900000,0.2074871
1.6000000,0.2029772
1.6100001,0.2344124
1.6200001,0.2569343
1.6300001,0.2466471
1.6400001,0.2590910
1.6500001,0.2499810
1.6600001,0.2639968
1.6700001,0.2572875
1.6800001,0.2540937
1.6900001,0.2658651
1.7000000,0.2486026
1.7100000,0.2682296
1.7200000,0.2533092
1.7300001,0.2405478
1.7400001,0.2516723
1.7500001,0.2717169
1.7600001,0.2432812
1.7700001,0.2629687
1.7800001,0.2560142
1.7900001,0.2499886
1.8000001,0.2520587
1.8100001,0.2570639
1.8200001,0.2431519
1.8300000,0.2541560
1.8400000,0.2667364
1.8500001,0.2642664
1.8600001,0.2389037
1.8700001,0.2315122
1.8800001,0.2435877
1.8900001,0.2346736
1.9000001,0.2310611
1.9100001,0.2223192
1.9200001,0.2165672
1.9300001,0.2099903
1.9400001,0.2266067
1.9500000,0.2005417
1.9600000,0.2066214
1.9700001,0.2092268
1.9800001,0.1882816
1.9900001,0.2031830
2.0000000,0.1798961
2.0100000,0.1819577
2.0200000,0.1882713
2.0300002,0.1808539
2.0400002,0.1811668
2.0500002,0.1890106
2.0600002,0.1671496
2.0700002,0.1565700
2.0800002,0.1513093
2.0900002,0.1540903
2.1000001,0.1442964
2.1100001,0.1699829
2.1200001,0.1605412
2.1300001,0.1727803
2.1400001,0.1783784
2.1500001,0.1509108
2.1600001,0.1493252
2.1700001,0.1521903
2.1800001,0.1420695
2.1900001,0.1491489
2.2000000,0.1517379
2.2100000,0.1680089
2.2200000,0.1468355
2.2300000,0.1769386
2.2400000,0.1589800
2.2500000,0.1609865
2.2600000,0.2064966
2.2700002,0.2086082
2.2800002,0.2088075
2.2900002,0.1927953
2.3000002,0.2118485
2.3100002,0.1880062
2.3200002,0.2034080
2.3300002,0.2115949
2.3400002,0.1999345
2.3500001,0.1882412
2.3600001,0.1949285
2.3700001,0.2274894
2.3800001,0.2221800
2.3900001,0.2185875
2.4000001,0.2240446
2.4100001,0.2098217
2.4200001,0.2571888
2.4300001,0.2574982
2.4400001,0.2806908
2.4500000,0.2850847
2.4600000,0.3096302
2.4700000,0.2659782
2.4800000,0.2667971
2.4900000,0.2761392
2.5000000,0.2424920
2.5100002,0.2228957
2.5200002,0.2366516
2.5300002,0.2606257
2.5400002,0.2351858
2.5500002,0.2391168
2.5600002,0.2570067
2.5700002,0.2451597
2.5800002,0.2601955
2.5900002,0.2491343
2.6000001,0.2293480
2.6100001,0.2146591
2.6200001,0.1739065
2.6300001,0.2069441
2.6400001,0.1966331
2.6500001,0.2087041
2.6600001,0.2229951
2.6700001,0.2135902
2.6800001,0.2143026
2.6900001,0.2354350
2.7000000,0.2359479
2.7100000,0.2019501
2.7200000,0.2271719
2.7300000,0.2270348
2.7400002,0.2048203
2.7500002,0.2036297
2.7600002,0.2095209
2.7700002,0.2080633
2.7800002,0.2244940
2.7900002,0.2005612
2.8000002,0.2154612
2.8100002,0.2217654
2.8200002,0.2105327
2.8300002,0.2114263
2.8400002,0.2166668
2.8500001,0.2263999
2.8600001,0.2041782
2.8700001,0.1855390
2.8800001,0.2083962
2.8900001,0.1880033
2.9000001,0.2168608
2.9100001,0.2100117
2.9200001,0.2091394
2.9300001,0.2174185
2.9400001,0.1999647
2.9500000,0.1787218
2.9600000,0.1875601
2.9700000,0.1628203
2.9800003,0.1608199
2.9900002,0.1606045
3.0000002,0.1658208
3.0100002,0.2009600
3.0200002,0.1892022
3.0300002,0.1808182
3.0400002,0.1931490
3.0500002,0.1912946
3.0600002,0.1899761
3.0700002,0.1654363
3.0800002,0.1859085
3.0900002,0.1762777
3.1000001,0.1900515
3.1100001,0.2011216
3.1200001,0.1912376
3.1300001,0.1988715
3.1400001,0.2028624
3.1500001,0.1991812
3.1600001,0.1867886
3.1700001,0.1977944
3.1800001,0.1850530
3.1900001,0.1825727
3.2000000,0.1825898
3.2100000,0.1971767
3.2200003,0.2013083
3.2300003,0.2067990
3.2400002,0.2095257
3.2500002,0.1967750
3.2600002,0.1650454
3.2700002,0.1444433
3.2800002,0.1648568
3.2900002,0.1520391
3.3000002,0.1569619
3.3100002,0.1661659
3.3200002,0.1548630
3.3300002,0.1641211
3.3400002,0.1544500
3.3500001,0.1409005
3.3600001,0.1419878
3.3700001,0.1499454
3.3800001,0.1295936
3.3900001,0.1359885
3.4000001,0.1402422
3.4100001,0.1415542
3.4200001,0.1511848
3.4300001,0.1358381
3.4400001,0.1429745
3.4500000,0.1400632
3.4600003,0.1446120
3.4700003,0.1517214
3.4800003,0.1471704
3.4900002,0.1587705
3.5000002,0.1392884
3.5100002,0.1442046
3.5200002,0.1560414
3.5300002,0.1389673
3.5400002,0.1389125
3.5500002,0.1374876
3.5600002,0.1405686
3.5700002,0.1295097
3.5800002,0.1398048
3.5900002,0.1321840
3.6000001,0.1256485
3.6100001,0.1379200
3.6200001,0.1482534
3.6300001,0.1485139
3.6400001,0.1328672
3.6500001,0.1382031
3.6600001,0.1317524
3.6700001,0.1415523
3.6800001,0.1437909
3.6900001,0.1551775
3.7000003,0.1379465
3.7100003,0.1370668
3.7200003,0.1409714
3.7300003,0.1534136
3.7400002,0.1554340
3.7500002,0.1342051
3.7600002,0.1654108
3.7700002,0.1621408
3.7800002,0.1461215
3.7900002,0.1634837
3.8000002,0.1549627
3.8100002,0.1744487
3.8200002,0.1577855
3.8300002,0.1392218
3.8400002,0.1375415
3.8500001,0.1409364
3.8600001,0.1636095
3.8700001,0.1579764
3.8800001,0.1371692
3.8900001,0.1536166
3.9000001,0.1586467
3.9100001,0.1451290
3.9200001,0.1545848
3.9300003,0.1562682
3.9400003,0.1674068
3.9500003,0.1623832
3.9600003,0.1569405
3.9700003,0.1635641
3.9800003,0.1572815
3.9900002,0.1564312
4.0000000,0.1524907
4.0100002,0.1401987
4.0200000,0.1658766
4.0300002,0.2000643
4.0400000,0.1614929
4.0500002,0.1559065
4.0600004,0.1737259
4.0700002,0.1696791
4.0800004,0.1585364
4.0900002,0.1498224
4.1000004,0.1548665
4.1100001,0.1508061
4.1200004,0.1505934
4.1300001,0.1639421
4.1400003,0.1672068
4.1500001,0.1591583
4.1600003,0.1497477
4.1700001,0.1564752
4.1800003,0.1404420
4.1900001,0.1484963
4.2000003,0.1509698
4.2100000,0.1517497
4.2200003,0.1416449
4.2300000,0.1317675
4.2400002,0.1314844
4.2500000,0.1511669
4.2600002,0.1526148
4.2700000,0.1644749
4.2800002,0.1698363
4.2900004,0.1688337
4.3000002,0.1716332
4.3100004,0.1973746
4.3200002,0.1760192
4.3300004,0.1416283
4.3400002,0.1565247
4.3500004,0.1496694
4.3600001,0.1364436
4.3700004,0.1442999
4.3800001,0.1585705
4.3900003,0.1491022
4.4000001,0.1574075
4.4100003,0.1526289
4.4200001,0.1347308
4.4300003,0.1488698
4.4400001,0.1563786
4.4500003,0.1336427
4.4600000,0.1591856
4.4700003,0.1516674
4.4800000,0.1618858
4.4900002,0.1640762
4.5000000,0.1630212
4.5100002,0.1831111
4.5200000,0.1746497
4.5300002,0.1646840
4.5400004,0.1502307
4.5500002,0.1570686
4.5600004,0.1747979
4.5700002,0.1526261
4.5800004,0.1583979
4.5900002,0.1756018
4.6000004,0.1521126
4.6100001,0.1410550
4.6200004,0.1558584
4.6300001,0.1643038
4.6400003,0.1532018
4.6500001,0.1607878
4.6600003,0.1682599
4.6700001,0.1585502
4.6800003,0.1444435
4.6900001,0.1648254
4.7000003,0.1680740
4.7100000,0.1524236
4.7200003,0.1438383
4.7300000,0.1358928
4.7400002,0.1430940
4.7500000,0.1782106
4.7600002,0.1694936
4.7700005,0.1567295
4.7800002,0.1466019
4.7900004,0.1474236
4.8000002,0.1510554
4.8100004,0.1531177
4.8200002,0.1434786
4.8300004,0.1225361
4.8400002,0.1480865
4.8500004,0.1533193
4.8600001,0.1516108
4.8700004,0.1516351
4.8800001,0.1748966
4.8900003,0.1593886
4.9000001,0.1501765
4.9100003,0.1496888
4.9200001,0.1464804
4.9300003,0.1516529
4.9400001,0.1443762
4.9500003,0.1414358
4.9600000,0.1366301
4.9700003,0.1264257
4.9800000,0.1332259
4.9900002,0.1359226
5.0000000,0.1451568
5.0100002,0.1463395
5.0200005,0.1360097
5.0300002,0.1610909
5.0400004,0.1760400
5.0500002,0.1532469
5.0600004,0.1541873
5.0700002,0.1683543
5.0800004,0.1378458
5.0900002,0.1393036
5.1000004,0.1425050
5.1100001,0.1442418
5.1200004,0.1321059
5.1300001,0.1558924
5.1400003,0.1663144
5.1500001,0.1482520
5.1600003,0.1466405
5.1700001,0.1612401
5.1800003,0.1545648
5.1900001,0.1414047
5.2000003,0.1516521
5.2100000,0.1405259
5.2200003,0.1492752
5.2300000,0.1418364
5.2400002,0.1454001
5.2500005,0.1710958
5.2600002,0.1424439
5.2700005,0.1377355
5.2800002,0.1407400
5.2900004,0.1365299
5.3000002,0.1535953
5.3100004,0.1419867
5.3200002,0.1542244
5.3300004,0.1616838
5.3400002,0.1413786
5.3500004,0.1252156
5.3600001,0.1314273
5.3700004,0.1565694
5.3800001,0.1498090
5.3900003,0.1379225
5.4000001,0.1434217
5.4100003,0.1328886
5.4200001,0.1361877
5.4300003,0.1437574
5.4400001,0.1452574
5.4500003,0.1401743
5.4600000,0.1425771
5.4700003,0.1280533
5.4800005,0.1329367
5.4900002,0.1408515
5.5000005,0.1311302
5.5100002,0.1499963
5.5200005,0.1332854
5.5300002,0.1465835
5.5400004,0.1399512
5.5500002,0.1415936
5.5600004,0.1384363
5.5700002,0.1346374
5.5800004,0.1217272
5.5900002,0.1337557
5.6000004,0.1443951
5.6100001,0.1427616
5.6200004,0.1478851
5.6300001,0.1474177
5.6400003,0.1360822
5.6500001,0.1273625
5.6600003,0.1243290
5.6700001,0.1533256
5.6800003,0.1553805
5.6900001,0.1596296
5.7000003,0.1515574
5.7100000,0.1482208
5.7200003,0.1488986
5.7300005,0.1505143
5.7400002,0.1601313
5.7500005,0.1517702
5.7600002,0.1397865
5.7700005,0.1380249
5.7800002,0.1243557
5.7900004,0.1471737
5.8000002,0.1455254
5.8100004,0.1306793
5.8200002,0.1439015
5.8300004,0.1585804
5.8400002,0.1505099
5.8500004,0.1395788
5.8600001,0.1335110
5.8700004,0.1413612
5.8800001,0.1496628
5.8900003,0.1791880
5.9000001,0.1617701
5.9100003,0.1518202
5.9200001,0.1624627
5.9300003,0.1749639
5.9400001,0.1585559
5.9500003,0.1521159
5.9600005,0.1548866
5.9700003,0.1382128
5.9800005,0.1305672
5.9900002,0.1348457
6.0000005,0.1239799
6.0100002,0.1333098
6.0200005,0.1459178
6.0300002,0.1419898
6.0400004,0.1293824
6.0500002,0.1235447
6.0600004,0.1443266
6.0700002,0.1520269
6.0800004,0.1566924
6.0900002,0.1420654
6.1000004,0.1582112
6.1100001,0.1678350
6.1200004,0.1775319
6.1300001,0.1986609
6.1400003,0.1807297
6.1500001,0.2024178
6.1600003,0.1895565
6.1700001,0.1976213
6.1800003,0.1734651
6.1900001,0.1976405
6.2000003,0.1998230
6.2100005,0.1975938
6.2200003,0.1860775
6.2300005,0.1821694
6.2400002,0.1607239
6.2500005,0.1764508
6.2600002,0.1792218
6.2700005,0.2067172
6.2800002,0.2123955
6.2900004,0.2128620
6.3000002,0.2239333
6.3100004,0.2397886
6.3200002,0.2320459
6.3300004,0.1766405
6.3400002,0.1995115
6.3500004,0.2161800
6.3600001,0.1906261
6.3700004,0.2166503
6.3800001,0.1939169
6.3900003,0.1786524
6.4000001,0.1908885
6.4100003,0.1951545
6.4200001,0.1758167
6.4300003,0.1602511
6.4400005,0.1570765
6.4500003,0.1742774
6.4600005,0.1847182
6.4700003,0.1753294
6.4800005,0.1975509
6.4900002,0.1975419
6.5000005,0.1947668
6.5100002,0.1629194
6.5200005,0.1655683
6.5300002,0.1804457
6.5400004,0.1950733
6.5500002,0.2024316
6.5600004,0.1887079
6.5700002,0.1600915
6.5800004,0.1545885
6.5900002,0.1647573
6.6000004,0.1768005
6.6100001,0.1731611
6.6200004,0.1953760
6.6300001,0.2354600
6.6400003,0.2481419
6.6500001,0.2869585
6.6600003,0.2366693
6.6700006,0.2848578
6.6800003,0.2750226
6.6900005,0.2718247
6.7000003,0.2478253
6.7100005,0.2331095
6.7200003,0.2099367
6.7300005,0.1973175
6.7400002,0.2127647
6.7500005,0.2249202
6.7600002,0.1965965
6.7700005,0.1829440
6.7800002,0.1930734
6.7900004,0.1855143
6.8000002,0.1867926
6.8100004,0.1813741
6.8200002,0.1827618
6.8300004,0.1853382
6.8400002,0.1866310
6.8500004,0.1742602
6.8600001,0.1788900
6.8700004,0.1591993
6.8800001,0.1722068
6.8900003,0.1691672
6.9000001,0.1662163
6.9100003,0.1669016
6.9200006,0.1804475
6.9300003,0.1643930
6.9400005,0.1605597
6.9500003,0.1643377
6.9600005,0.1629751
6.9700003,0.1447857
6.9800005,0.1616662
6.9900002,0.1820318
7.0000005,0.1802069
7.0100002,0.1794402
7.0200005,0.1941359
7.0300002,0.1679263
7.0400004,0.1534311
7.0500002,0.1570668
7.0600004,0.1554473
7.0700002,0.1420644
7.0800004,0.1534017
7.0900002,0.1548670
7.1000004,0.1598557
7.1100001,0.1841300
7.1200004,0.1599413
7.1300001,0.1632318
7.1400003,0.1741460
7.1500006,0.1681516
7.1600003,0.1677754
7.1700006,0.1651070
7.1800003,0.1513321
7.1900005,0.1404850
7.2000003,0.1385885
7.2100005,0.1520972
7.2200003,0.1628295
7.2300005,0.1648069
7.2400002,0.1383514
7.2500005,0.1513098
7.2600002,0.1388756
7.2700005,0.1546734
7.2800002,0.1691953
7.2900004,0.1661373
7.3000002,0.1743748
7.3100004,0.1804519
7.3200002,0.1842745
7.3300004,0.1798837
7.3400002,0.1650705
7.3500004,0.1731762
7.3600001,0.1781192
7.3700004,0.1667739
7.3800001,0.1484685
7.3900003,0.1454360
7.4000006,0.1515111
7.4100003,0.1731451
7.4200006,0.1850727
7.4300003,0.1727358
7.4400005,0.1671160
7.4500003,0.1685841
7.4600005,0.1625104
7.4700003,0.1567824
7.4800005,0.1510479
7.4900002,0.1519412
7.5000005,0.1573992
7.5100002,0.1558971
7.5200005,0.1591254
7.5300002,0.1626291
7.5400004,0.1550632
7.5500002,0.1461596
7.5600004,0.1469026
7.5700002,0.1495609
7.5800004,0.1609517
7.5900002,0.1649627
7.6000004,0.1566834
7.6100001,0.1549292
7.6200004,0.1428864
7.6300006,0.1602822
7.6400003,0.1549755
7.6500006,0.1618454
7.6600003,0.1984859
7.6700006,0.1908033
7.6800003,0.2195415
7.6900005,0.1771334
7.7000003,0.1609716
7.7100005,0.2077977
7.7200003,0.1769565
7.7300005,0.1963717
7.7400002,0.1706855
7.7500005,0.1534409
7.7600002,0.1717131
7.7700005,0.1763255
7.7800002,0.1737668
7.7900004,0.1670307
7.8000002,0.1629626
7.8100004,0.1709085
7.8200002,0.1467195
7.8300004,0.1634031
7.8400002,0.1482732
7.8500004,0.1488030
7.8600006,0.1483157
7.8700004,0.1552520
7.8800006,0.1600381
7.8900003,0.1531446
7.9000006,0.1681991
7.9100003,0.1779304
7.9200006,0.1840003
7.9300003,0.1643600
7.9400005,0.1623345
7.9500003,0.1583475
7.9600005,0.1489159
7.9700003,0.1608283
7.9800005,0.1502697
7.9900002,0.1471796
8.0000000,0.1444887
8.0100002,0.1412736
8.0200005,0.1410259
8.0300007,0.1373466
8.0400000,0.1695269
8.0500002,0.1572678
8.0600004,0.1921372
8.0700006,0.1732008
8.0799999,0.1659823
8.0900002,0.1650928
8.1000004,0.1556223
8.1100006,0.2019663
8.1200008,0.2009829
8.1300001,0.1909024
8.1400003,0.1985265
8.1500006,0.1950870
8.1600008,0.1792511
8.1700001,0.1959633
8.1800003,0.1875117
8.1900005,0.1688240
8.2000008,0.1653835
8.2100000,0.1558174
8.2200003,0.1770118
8.2300005,0.1960891
8.2400007,0.1949342
8.2500000,0.1912458
8.2600002,0.2022567
8.2700005,0.2031098
8.2800007,0.1781654
8.2900000,0.1773005
8.3000002,0.1747142
8.3100004,0.2131556
8.3200006,0.2133695
8.3299999,0.2058731
8.3400002,0.2244311
8.3500004,0.2178791
8.3600006,0.2223182
8.3700008,0.1935797
8.3800001,0.1811815
8.3900003,0.1879227
8.4000006,0.1809498
8.4100008,0.1952725
8.4200001,0.2233879
8.4300003,0.2143044
8.4400005,0.2181370
8.4500008,0.2369048
8.4600000,0.2340781
8.4700003,0.2433296
8.4800005,0.2243740
8.4900007,0.2269866
8.5000000,0.2168616
8.5100002,0.2061443
8.5200005,0.2298772
8.5300007,0.2316134
8.5400000,0.2632516
8.5500002,0.2579054
8.5600004,0.2588583
8.5700006,0.2425081
8.5800009,0.1957916
8.5900002,0.1736670
8.6000004,0.1512476
8.6100006,0.1788509
8.6200008,0.1903511
8.6300001,0.1593739
8.6400003,0.1544828
8.6500006,0.1682446
8.6600008,0.1863757
8.6700001,0.2036094
8.6800003,0.1764305
8.6900005,0.1702811
8.7000008,0.1686119
8.7100000,0.1798239
8.7200003,0.1863763
8.7300005,0.1806121
8.7400007,0.1660710
8.7500000,0.1878101
8.7600002,0.1533389
8.7700005,0.1671910
8.7800007,0.1779550
8.7900000,0.1917406
8.8000002,0.1686557
8.8100004,0.1612776
8.8200006,0.1680060
8.8300009,0.1639698
8.8400002,0.1725155
8.8500004,0.1532278
8.8600006,0.1557976
8.8700008,0.1639798
8.8800001,0.1652527
8.8900003,0.1569483
8.9000006,0.1653981
8.9100008,0.1558147
8.9200001,0.1417568
8.9300003,0.1455997
8.9400005,0.1758574
8.9500008,0.1558865
8.9600000,0.1912731
8.9700003,0.1865830
8.9800005,0.1949891
8.9900007,0.1973684
9.0000000,0.1897485
9.0100002,0.2249030
9.0200005,0.2074666
9.0300007,0.2332124
9.0400000,0.2459427
9.0500002,0.2443166
9.0600004,0.2438120
9.0700006,0.2724825
9.0800009,0.2383769
9.0900002,0.2195977
9.1000004,0.2079136
9.1100006,0.2120933
9.1200008,0.2454832
9.1300001,0.1926732
9.1400003,0.2088178
9.1500006,0.2089421
9.1600008,0.1877362
9.1700001,0.1910619
9.1800003,0.1769867
9.1900005,0.1596673
9.2000008,0.1747180
9.2100000,0.1679136
9.2200003,0.1716100
9.2300005,0.1778010
9.2400007,0.1618610
9.2500000,0.1507864
9.2600002,0.1617533
9.2700005,0.1642050
9.2800007,0.1589299
9.2900009,0.1513342
9.3000002,0.1609661
9.3100004,0.1731701
9.3200006,0.1935599
9.3300009,0.1765441
9.3400002,0.1995544
9.3500004,0.1631680
9.3600006,0.1630819
9.3700008,0.1619438
9.3800001,0.1668773
9.3900003,0.1711353
9.4000006,0.1458175
9.4100008,0.1464908
9.4200001,0.1600407
9.4300003,0.1590310
9.4400005,0.1506053
9.4500008,0.1631898
9.4600000,0.1746982
9.4700003,0.1800335
9.4800005,0.1597089
9.4900007,0.1601793
9.5000000,0.1746588
9.5100002,0.1898449
9.5200005,0.1828635
9.5300007,0.1931629
9.5400009,0.1960344
9.5500002,0.1971222
9.5600004,0.1871871
9.5700006,0.1842738
9.5800009,0.1894375
9.5900002,0.1806486
9.6000004,0.1772757
9.6100006,0.1866659
9.6200008,0.1885379
9.6300001,0.1705109
9.6400003,0.1891472
9.6500006,0.1797996
9.6600008,0.1785589
9.6700001,0.1766682
9.6800003,0.1832075
9.6900005,0.1862484
9.7000008,0.1919142
9.7100000,0.1971119
9.7200003,0.1923624
9.7300005,0.1991500
9.7400007,0.1883336
9.7500000,0.1727738
9.7600002,0.1838260
9.7700005,0.1773406
9.7800007,0.1687423
9.7900009,0.1760727
9.8000002,0.1738918
9.8100004,0.1702019
9.8200006,0.1690446
9.8300009,0.1893457
9.8400002,0.1796258
9.8500004,0.1751553
9.8600006,0.1872157
9.8700008,0.1711878
9.8800001,0.1782458
9.8900003,0.1775986
9.9000006,0.1789637
9.9100008,0.1747418
9.9200001,0.1850128
9.9300003,0.1831139
9.9400005,0.1765597
9.9500008,0.1790037
9.9600000,0.1784598
9.9700003,0.1696752
9.9800005,0.1654708
9.9900007,0.1739144
10.0000000,0.1731719
10.0100002,0.1549752
10.0200005,0.1441273
10.0300007,0.1562717
10.0400009,0.1772085
10.0500002,0.1402618
10.0600004,0.1385729
10.0700006,0.1452290
10.0800009,0.1561044
10.0900002,0.1719227
10.1000004,0.1770433
10.1100006,0.1622455
10.1200008,0.1656655
10.1300001,0.1585610
10.1400003,0.1830823
10.1500006,0.1824296
10.1600008,0.1823844
10.1700001,0.1698962
10.1800003,0.1902430
10.1900005,0.1795218
10.2000008,0.1936710
10.2100000,0.1735013
10.2200003,0.1806314
10.2300005,0.1677978
10.2400007,0.1589932
10.2500010,0.1520786
10.2600002,0.1727297
10.2700005,0.1547624
10.2800007,0.1749271
10.2900009,0.1555202
10.3000002,0.1693768
10.3100004,0.1605516
10.3200006,0.1576974
10.3300009,0.1577367
10.3400002,0.1757565
10.3500004,0.1732671
10.3600006,0.1540629
10.3700008,0.1591407
10.3800001,0.1817545
10.3900003,0.1833430
10.4000006,0.1696399
10.4100008,0.1570021
10.4200001,0.1622992
10.4300003,0.1566368
10.4400005,0.1564290
10.4500008,0.1578948
10.4600000,0.1624363
10.4700003,0.1588945
10.4800005,0.1511192
10.4900007,0.1762225
10.5000010,0.1713852
10.5100002,0.1507439
10.5200005,0.1570691
10.5300007,0.1705959
10.5400009,0.1616847
10.5500002,0.1575256
10.5600004,0.1507465
10.5700006,0.1507292
10.5800009,0.1523060
10.5900002,0.1878940
10.6000004,0.1647323
10.6100006,0.1418959
10.6200008,0.1500511
10.6300001,0.1302714
10.6400003,0.1564537
10.6500006,0.1574907
10.6600008,0.1547852
10.6700001,0.1653894
10.6800003,0.1556325
10.6900005,0.1633848
10.7000008,0.1588763
10.7100000,0.1591137
10.7200003,0.1607017
10.7300005,0.1636661
10.7400007,0.1671803
10.7500010,0.1670333
10.7600002,0.1703667
10.7700005,0.1678848
10.7800007,0.1632589
10.7900009,0.1622648
10.8000002,0.1677871
10.8100004,0.1910626
10.8200006,0.1726033
10.8300009,0.1605006
10.8400002,0.1655615
10.8500004,0.1829823
10.8600006,0.2037457
10.8700008,0.1909708
10.8800001,0.1557336
10.8900003,0.1592113
10.9000006,0.1663041
10.9100008,0.1616012
10.9200001,0.1543643
10.9300003,0.1574428
10.9400005,0.1572721
10.9500008,0.1644906
10.9600010,0.1510324
10.9700003,0.1586114
10.9800005,0.1614846
10.9900007,0.1709776
11.0000010,0.1750805
11.0100002,0.1720409
11.0200005,0.1783284
11.0300007,0.1730177
11.0400009,0.1845831
11.0500002,0.1781187
11.0600004,0.1757853
11.0700006,0.1673771
11.0800009,0.1605483
11.0900002,0.1524853
11.1000004,0.1748910
11.1100006,0.1845291
11.1200008,0.1635956
11.1300001,0.1533151
11.1400003,0.1516879
11.1500006,0.1626391
11.1600008,0.1417153
11.1700001,0.1605262
11.1800003,0.1493700
11.1900005,0.1456836
11.2000008,0.1538212
11.2100010,0.1505053
11.2200003,0.1649807
11.2300005,0.1694486
11.2400007,0.1488247
11.2500010,0.1477031
11.2600002,0.1544223
11.2700005,0.1357239
11.2800007,0.1245372
11.2900009,0.1438452
11.3000002,0.1563681
11.3100004,0.1526466
11.3200006,0.1624335
11.3300009,0.1633128
11.3400002,0.1958186
11.3500004,0.2123440
11.3600006,0.1956537
11.3700008,0.1912482
11.3800001,0.1932488
11.3900003,0.1769065
11.4000006,0.2001329
11.4100008,0.1825323
11.4200001,0.1647434
11.4300003,0.1687212
11.4400005,0.1757988
11.4500008,0.1613194
11.4600010,0.1562355
11.4700003,0.1497074
11.4800005,0.1521101
11.4900007,0.1419988
11.5000010,0.1634861
11.5100002,0.1405993
11.5200005,0.1587782
11.5300007,0.1524410
11.5400009,0.1588404
11.5500002,0.1705183
11.5600004,0.1548145
11.5700006,0.1582262
11.5800009,0.1820974
11.5900002,0.1500968
11.6000004,0.1751960
11.6100006,0.1744723
11.6200008,0.1716718
11.6300001,0.1677936
11.6400003,0.1466918
11.6500006,0.1512803
11.6600008,0.1687748
11.6700010,0.1664210
11.6800003,0.1587111
11.6900005,0.1502637
11.7000008,0.1427327
11.7100010,0.1767986
11.7200003,0.1610397
11.7300005,0.1520980
11.7400007,0.1661905
11.7500010,0.1655980
11.7600002,0.1593641
11.7700005,0.1744400
11.7800007,0.1609867
11.7900009,0.1804527
11.8000002,0.1615853
11.8100004,0.1679839
11.8200006,0.1689479
11.8300009,0.1605355
11.8400002,0.1684071
11.8500004,0.1739613
11.8600006,0.1640178
11.8700008,0.1472344
11.8800001,0.1470896
11.8900003,0.1469909
11.9000006,0.1573942
11.9100008,0.1481809
11.9200010,0.1612866
11.9300003,0.1572817
11.9400005,0.1593788
11.9500008,0.1427857
11.9600010,0.1754738
11.9700003,0.1535819
11.9800005,0.1557097
11.9900007,0.1507354
12.0000010,0.1623007
12.0100002,0.1670443
12.0200005,0.1687351
12.0300007,0.1785358
12.0400009,0.1737306
12.0500002,0.1543320
12.0600004,0.1508030
12.0700006,0.1628335
12.0800009,0.1510476
12.0900002,0.1812693
12.1000004,0.1618429
12.1100006,0.1864212
12.1200008,0.2070890
12.1300001,0.2067379
12.1400003,0.1893307
12.1500006,0.1758215
12.1600008,0.1635984
12.1700010,0.1645273
12.1800003,0.1707097
12.1900005,0.1371347
12.2000008,0.1449808
12.2100010,0.1640604
12.2200003,0.1566550
12.2300005,0.1523885
12.2400007,0.1423815
12.2500010,0.1642492
12.2600002,0.1635396
12.2700005,0.1643228
12.2800007,0.1729202
12.2900009,0.1683649
12.3000002,0.1730829
12.3100004,0.1662581
12.3200006,0.1508530
12.3300009,0.1567169
12.3400002,0.1451537
12.3500004,0.1359106
12.3600006,0.1449480
12.3700008,0.1344692
12.3800001,0.1226919
12.3900003,0.1400522
12.4000006,0.1482080
12.4100008,0.1469376
12.4200010,0.1344696
12.4300003,0.1312907
12.4400005,0.1369312
12.4500008,0.1243577
12.4600010,0.1435462
12.4700003,0.1401987
12.4800005,0.1385584
12.4900007,0.1370905
12.5000010,0.1416260
12.5100002,0.1331480
12.5200005,0.1346039
12.5300007,0.1369102
12.5400009,0.1437831
12.5500002,0.1358137
12.5600004,0.1427722
12.5700006,0.1235442
12.5800009,0.1247862
12.5900002,0.1332081
12.6000004,0.1215154
12.6100006,0.1386421
12.6200008,0.1611536
12.6300011,0.1587298
12.6400003,0.1482067
12.6500006,0.1675936
12.6600008,0.1519849
12.6700010,0.1535298
12.6800003,0.1578050
12.6900005,0.1579337
12.7000008,0.1324174
12.7100010,0.1324462
12.7200003,0.1357515
12.7300005,0.1578145
12.7400007,0.1418755
12.7500010,0.1473327
12.7600002,0.1408038
12.7700005,0.1624854
12.7800007,0.1520773
12.7900009,0.1695345
12.8000002,0.1535481
12.8100004,0.1684983
12.8200006,0.1464297
12.8300009,0.1411556
12.8400002,0.1474243
12.8500004,0.1503993
12.8600006,0.1396393
12.8700008,0.1350449
12.8800011,0.1322043
12.8900003,0.1551712
12.9000006,0.1445015
12.9100008,0.1452330
12.9200010,0.1513256
12.9300003,0.1430423
12.9400005,0.1506937
12.9500008,0.1462471
12.9600010,0.1385268
12.9700003,0.1497454
12.9800005,0.1473982
12.9900007,0.1498914
13.0000010,0.1484796
13.0100002,0.1631656
13.0200005,0.1599091
13.0300007,0.1607429
13.0400009,0.1663518
13.0500002,0.1700096
13.0600004,0.1599812
13.0700006,0.1515771
13.0800009,0.1441752
13.0900002,0.1350972
13.1000004,0.1547622
13.1100006,0.1610067
13.1200008,0.1598569
13.1300011,0.1657128
13.1400003,0.1505648
13.1500006,0.1439735
13.1600008,0.1380890
13.1700010,0.1402890
13.1800003,0.1336394
13.1900005,0.1576856
13.2000008,0.1553476
13.2100010,0.1514537
13.2200003,0.1534035
13.2300005,0.1584907
13.2400007,0.1562952
13.2500010,0.1574005
13.2600002,0.1548624
13.2700005,0.1613663
13.2800007,0.1783195
13.2900009,0.1684850
13.3000002,0.1491700
13.3100004,0.1766150
13.3200006,0.1462063
13.3300009,0.1675787
13.3400011,0.1867813
13.3500004,0.1988889
13.3600006,0.1698452
13.3700008,0.1401717
13.3800011,0.1609813
13.3900003,0.1731445
13.4000006,0.1730383
13.4100008,0.1795161
13.4200010,0.1802506
13.4300003,0.1778891
13.4400005,0.1869251
13.4500008,0.1882606
13.4600010,0.2082545
13.4700003,0.1983920
13.4800005,0.1895516
13.4900007,0.2000376
13.5000010,0.1897807
13.5100002,0.1964662
13.5200005,0.2148851
13.5300007,0.2236051
13.5400009,0.2190793
13.5500002,0.1931610
13.5600004,0.1926160
13.5700006,0.2227843
13.5800009,0.2152570
13.5900011,0.2034690
13.6000004,0.1900187
13.6100006,0.2182120
13.6200008,0.2473197
13.6300011,0.2146067
13.6400003,0.2397503
13.6500006,0.2198435
13.6600008,0.1997853
13.6700010,0.1819260
13.6800003,0.2040516
13.6900005,0.1974262
13.7000008,0.1901413
13.7100010,0.2282351
13.7200003,0.2103866
13.7300005,0.1974845
13.7400007,0.2099316
13.7500010,0.2348859
13.7600002,0.2513822
13.7700005,0.2633183
13.7800007,0.2739185
13.7900009,0.2800715
13.8000002,0.2797177
13.8100004,0.2929641
13.8200006,0.3003256
13.8300009,0.2940275
13.8400011,0.3118580
13.8500004,0.3164257
13.8600006,0.3093368
13.8700008,0.3018362
13.8800011,0.2848287
13.8900003,0.3278543
13.9000006,0.3246489
13.9100008,0.3454591
13.9200010,0.3313445
13.9300003,0.3139612
13.9400005,0.2982516
13.9500008,0.2986585
13.9600010,0.3049919
13.9700003,0.2995183
13.9800005,0.2824813
13.9900007,0.2527681
14.0000010,0.2597639
14.0100002,0.2467507
14.0200005,0.2937747
14.0300007,0.2653015
14.0400009,0.2219205
14.0500002,0.2066606
14.0600004,0.2343899
14.0700006,0.2153579
14.0800009,0.1892190
14.0900011,0.1710653
14.1000004,0.1820216
14.1100006,0.1733065
14.1200008,0.1508873
14.1300011,0.1587002
14.1400003,0.1745100
14.1500006,0.1828438
14.1600008,0.1660602
14.1700010,0.1723383
14.1800003,0.1735556
14.1900005,0.1826640
14.2000008,0.1830352
14.2100010,0.1919157
14.2200003,0.1784147
14.2300005,0.1693940
14.2400007,0.1747437
14.2500010,0.1614961
14.2600002,0.1619345
14.2700005,0.1670353
14.2800007,0.1836559
14.2900009,0.1718316
14.3000011,0.1800411
14.3100004,0.1740914
14.3200006,0.1795489
14.3300009,0.1830356
14.3400011,0.1811328
14.3500004,0.1925884
14.3600006,0.1844448
14.3700008,0.1909321
14.3800011,0.1838995
14.3900003,0.1994413
14.4000006,0.1896576
14.4100008,0.1829794
14.4200010,0.1786565
14.4300003,0.1686283
14.4400005,0.1834032
14.4500008,0.1760631
14.4600010,0.1623022
14.4700003,0.1722895
14.4800005,0.1693245
14.4900007,0.1766499
14.5000010,0.1580533
14.5100002,0.1705293
14.5200005,0.1586338
14.5300007,0.1682920
14.5400009,0.1746932
14.5500011,0.1697615
14.5600004,0.1798754
14.5700006,0.1903000
14.5800009,0.1746284
14.5900011,0.1767770
14.6000004,0.1757245
14.6100006,0.1738015
14.6200008,0.1747168
14.6300011,0.1787886
14.6400003,0.1749190
14.6500006,0.1723699
14.6600008,0.1786989
14.6700010,0.1725892
14.6800003,0.1748004
14.6900005,0.1628324
14.7000008,0.1738742
14.7100010,0.1666726
14.7200003,0.1604159
14.7300005,0.1642365
14.7400007,0.1753763
14.7500010,0.1848931
14.7600002,0.1875730
14.7700005,0.1798137
14.7800007,0.1818875
14.7900009,0.1721988
14.8000011,0.1743672
14.8100004,0.1810795
14.8200006,0.1831873
14.8300009,0.1779224
14.8400011,0.1728444
14.8500004,0.1917554
14.8600006,0.2077084
14.8700008,0.1812238
14.8800011,0.1647719
14.8900003,0.1675804
14.9000006,0.1800854
14.9100008,0.1605716
14.9200010,0.1659974
14.9300003,0.1668389
14.9400005,0.1726986
14.9500008,0.1755812
14.9600010,0.1708899
14.9700003,0.1867347
14.9800005,0.1856405
14.9900007,0.2048647
15.0000010,0.1774384
15.0100012,0.1725081
15.0200005,0.1785947
15.0300007,0.1762286
15.0400009,0.1620674
15.0500011,0.1536664
15.0600004,0.1595897
15.0700006,0.1610716
15.0800009,0.1682759
15.0900011,0.1667580
15.1000004,0.1545584
15.1100006,0.1705151
15.1200008,0.1674413
15.1300011,0.1662301
15.1400003,0.1687358
15.1500006,0.1639908
15.1600008,0.1750751
15.1700010,0.1739004
15.1800003,0.1732001
15.1900005,0.1794127
15.2000008,0.1748121
15.2100010,0.1740612
15.2200003,0.1797284
15.2300005,0.1735631
15.2400007,0.1654214
15.2500010,0.1818956
15.2600012,0.1816422
15.2700005,0.1689170
15.2800007,0.1609054
15.2900009,0.1563734
15.3000011,0.1748123
15.3100004,0.1853248
15.3200006,0.1719501
15.3300009,0.1632459
15.3400011,0.1676380
15.3500004,0.1517156
15.3600006,0.1625842
15.3700008,0.1483874
15.3800011,0.1649671
15.3900003,0.1716155
15.4000006,0.1721139
15.4100008,0.1693566
15.4200010,0.1724051
15.4300003,0.1750959
15.4400005,0.1877301
15.4500008,0.1835983
15.4600010,0.1814198
15.4700003,0.1636694
15.4800005,0.1786969
15.4900007,0.1803620
15.5000010,0.1793308
15.5100012,0.1747323
15.5200005,0.1896198
15.5300007,0.1871396
15.5400009,0.1760421
15.5500011,0.1708831
15.5600004,0.1730228
15.5700006,0.1621054
15.5800009,0.1770511
15.5900011,0.1768572
15.6000004,0.1584650
15.6100006,0.1696803
15.6200008,0.1691455
15.6300011,0.1702874
15.6400003,0.1531738
15.6500006,0.1457575
15.6600008,0.1594356
15.6700010,0.1620582
15.6800003,0.1563415
15.6900005,0.1548646
15.7000008,0.1849105
15.7100010,0.1806413
15.7200012,0.1802744
15.7300005,0.1655004
15.7400007,0.1801151
15.7500010,0.1717520
15.7600012,0.1786903
15.7700005,0.1761142
15.7800007,0.1704459
15.7900009,0.1856807
15.8000011,0.1666099
15.8100004,0.1585380
15.8200006,0.1581172
15.8300009,0.1675882
15.8400011,0.1706974
15.8500004,0.1760041
15.8600006,0.1685714
15.8700008,0.1624219
15.8800011,0.1618373
15.8900003,0.1725665
15.9000006,0.1627222
15.9100008,0.1684373
15.9200010,0.1684379
15.9300003,0.1688418
15.9400005,0.1740424
15.9500008,0.1681924
15.9600010,0.1759399
15.9700012,0.1749055
15.9800005,0.1746924
15.9900007,0.1864170
16.0000000,0.1817495
16.0100002,0.2045378
16.0200005,0.2038059
16.0300007,0.1906713
16.0400009,0.1921291
16.0500011,0.1791605
16.0600014,0.1722441
16.0700016,0.1690918
16.0799999,0.1737083
16.0900002,0.1725178
16.1000004,0.1686204
16.1100006,0.1629567
16.1200008,0.1678133
16.1300011,0.1708960
16.1400013,0.1859332
16.1500015,0.1679455
16.1599998,0.1732237
16.1700001,0.1678268
16.1800003,0.1645690
16.1900005,0.1539944
16.2000008,0.1679659
16.2100010,0.1597439
16.2200012,0.1752900
16.2300014,0.1671587
16.2400017,0.1608282
16.2500000,0.1713639
16.2600002,0.1805583
16.2700005,0.1680859
16.2800007,0.1726262
16.2900009,0.1891173
16.3000011,0.1741269
16.3100014,0.1767192
16.3200016,0.1766524
16.3299999,0.1688198
16.3400002,0.1662253
16.3500004,0.1684148
16.3600006,0.1640856
16.3700008,0.1756910
16.3800011,0.1629262
16.3900013,0.1634266
16.4000015,0.1696021
16.4099998,0.1611668
16.4200001,0.1733134
16.4300003,0.1751870
16.4400005,0.1762074
16.4500008,0.1957497
16.4600010,0.1819269
16.4700012,0.1919103
16.4800014,0.1893775
16.4900017,0.1852876
16.5000000,0.1769370
16.5100002,0.1757938
16.5200005,0.1793730
16.5300007,0.1710547
16.5400009,0.1788746
16.5500011,0.1831902
16.5600014,0.1807474
16.5700016,0.1646450
16.5799999,0.1638561
16.5900002,0.1550600
16.6000004,0.1554507
16.6100006,0.1845284
16.6200008,0.1633625
16.6300011,0.1706470
16.6400013,0.1491958
16.6500015,0.1645513
16.6599998,0.1758911
16.6700001,0.1847105
16.6800003,0.1789985
16.6900005,0.1864076
16.7000008,0.1778071
16.7100010,0.1930706
16.7200012,0.1752279
16.7300014,0.1722447
16.7400017,0.1814898
16.7500000,0.1824000
16.7600002,0.1654548
16.7700005,0.1646957
16.7800007,0.1785163
16.7900009,0.1900809
16.8000011,0.1791257
16.8100014,0.1821519
16.8200016,0.1931298
16.8299999,0.1755672
16.8400002,0.1858541
16.8500004,0.1759250
16.8600006,0.1745128
16.8700008,0.1701956
16.8800011,0.1813358
16.8900013,0.1713607
16.9000015,0.1527965
16.9100018,0.1558954
16.9200001,0.1746644
16.9300003,0.1616231
16.9400005,0.1720012
16.9500008,0.1720917
16.9600010,0.1684660
16.9700012,0.1778875
16.9800014,0.1802390
16.9900017,0.1837050
17.0000000,0.1620060
17.0100002,0.1645788
17.0200005,0.1618657
17.0300007,0.1630958
17.0400009,0.1780814
17.0500011,0.1959207
17.0600014,0.1892833
17.0700016,0.1779171
17.0799999,0.1917820
17.0900002,0.1773680
17.1000004,0.1814794
17.1100006,0.1649983
17.1200008,0.1700515
17.1300011,0.1584179
17.1400013,0.1513142
17.1500015,0.1535257
17.1600018,0.1598355
17.1700001,0.1703008
17.1800003,0.1729053
17.1900005,0.1831715
17.2000008,0.1609825
17.2100010,0.1487934
17.2200012,0.1502095
17.2300014,0.1509427
17.2400017,0.1538150
17.2500000,0.1583617
17.2600002,0.1621750
17.2700005,0.1883243
17.2800007,0.1659403
17.2900009,0.1698694
17.3000011,0.1758348
17.3100014,0.1721477
17.3200016,0.1633011
17.3299999,0.1615785
17.3400002,0.1799768
17.3500004,0.1730239
17.3600006,0.1708677
17.3700008,0.1607734
17.3800011,0.1680822
17.3900013,0.1557488
17.4000015,0.1823303
17.4100018,0.1799958
17.4200001,0.1767939
17.4300003,0.1706219
17.4400005,0.1689551
17.4500008,0.1737136
17.4600010,0.1713267
17.4700012,0.1809344
17.4800014,0.1708076
17.4900017,0.1599669
17.5000000,0.1574623
17.5100002,0.1590549
17.5200005,0.1463830
17.5300007,0.1507899
17.5400009,0.1613321
17.5500011,0.1613018
17.5600014,0.1694939
17.5700016,0.1600809
17.5799999,0.1598843
17.5900002,0.1723180
17.6000004,0.1635478
17.6100006,0.1532283
17.6200008,0.1605461
17.6300011,0.1661253
17.6400013,0.1547928
17.6500015,0.1680453
17.6600018,0.1700724
17.6700001,0.1790701
17.6800003,0.1788220
17.6900005,0.1736622
17.7000008,0.1693709
17.7100010,0.1837012
17.7200012,0.1677289
17.7300014,0.1875528
17.7400017,0.1781143
17.7500000,0.1873966
17.7600002,0.1704008
17.7700005,0.1795187
17.7800007,0.1681340
17.7900009,0.1739616
17.8000011,0.1720442
17.8100014,0.1706802
17.8200016,0.1792595
17.8299999,0.1758207
17.8400002,0.1739646
17.8500004,0.1922703
17.8600006,0.1780318
17.8700008,0.1827433
17.8800011,0.1848633
17.8900013,0.1866557
17.9000015,0.1710665
17.9100018,0.1796627
17.9200001,0.1769682
17.9300003,0.1818885
17.9400005,0.1797181
17.9500008,0.1821884
17.9600010,0.1853464
17.9700012,0.1685815
17.9800014,0.1706979
17.9900017,0.1757732
18.0000000,0.1749229
18.0100002,0.1809707
18.0200005,0.1696799
18.0300007,0.1583828
18.0400009,0.1604988
18.0500011,0.1648935
18.0600014,0.1624980
18.0700016,0.1629162
18.0799999,0.1725349
18.0900002,0.1817807
18.1000004,0.1661933
18.1100006,0.1742463
18.1200008,0.1618703
18.1300011,0.1612112
18.1400013,0.1627531
18.1500015,0.1645755
18.1600018,0.1583630
18.1700001,0.1660653
18.1800003,0.1692439
18.1900005,0.1667811
18.2000008,0.1783488
18.2100010,0.1726379
18.2200012,0.1661213
18.2300014,0.1694265
18.2400017,0.1837690
18.2500000,0.1808098
18.2600002,0.1746036
18.2700005,0.1756183
18.2800007,0.1821954
18.2900009,0.1886189
18.3000011,0.1895153
18.3100014,0.1760485
18.3200016,0.1819414
18.3299999,0.1834507
18.3400002,0.1822586
18.3500004,0.1663266
18.3600006,0.1849213
18.3700008,0.1836731
18.3800011,0.1601981
18.3900013,0.1647528
18.4000015,0.1676024
18.4100018,0.1718070
18.4200001,0.1853473
18.4300003,0.1636563
18.4400005,0.1627527
18.4500008,0.1671538
18.4600010,0.1556585
18.4700012,0.1549903
18.4800014,0.1618041
18.4900017,0.1539532
18.5000000,0.1672239
18.5100002,0.1612331
18.5200005,0.1572422
18.5300007,0.1485159
18.5400009,0.1602341
18.5500011,0.1637589
18.5600014,0.1573403
18.5700016,0.1647181
18.5800018,0.1913887
18.5900002,0.1644111
18.6000004,0.1698569
18.6100006,0.1753989
18.6200008,0.1761573
18.6300011,0.1755427
18.6400013,0.1920374
18.6500015,0.1752823
18.6600018,0.1833225
18.6700001,0.1639877
18.6800003,0.1579374
18.6900005,0.1692896
18.7000008,0.1649100
18.7100010,0.1636126
18.7200012,0.1605120
18.7300014,0.1671913
18.7400017,0.1728916
18.7500000,0.1555640
18.7600002,0.1553063
18.7700005,0.1763131
18.7800007,0.1655606
18.7900009,0.1691689
18.8000011,0.1665824
18.8100014,0.1614256
18.8200016,0.1656695
18.8300018,0.1658903
18.8400002,0.1637323
18.8500004,0.1626506
18.8600006,0.1606210
18.8700008,0.1729023
18.8800011,0.1768557
18.8900013,0.1704265
18.9000015,0.1670700
18.9100018,0.1577392
18.9200001,0.1687637
18.9300003,0.1745080
18.9400005,0.1684935
18.9500008,0.1716627
18.9600010,0.1614005
18.9700012,0.1734440
18.9800014,0.1680606
18.9900017,0.1717697
19.0000000,0.1919307
19.0100002,0.1899808
19.0200005,0.1819361
19.0300007,0.1657270
19.0400009,0.1904366
19.0500011,0.1837739
19.0600014,0.1815310
19.0700016,0.1848520
19.0800018,0.1763715
19.0900002,0.1706180
19.1000004,0.1753843
19.1100006,0.1848027
19.1200008,0.1727742
19.1300011,0.1687203
19.1400013,0.1608710
19.1500015,0.1493873
19.1600018,0.1638996
19.1700001,0.1636231
19.1800003,0.1676802
19.1900005,0.1652919
19.2000008,0.1672987
19.2100010,0.1846723
19.2200012,0.1769401
19.2300014,0.1765621
19.2400017,0.1568834
19.2500000,0.1607825
19.2600002,0.1670988
19.2700005,0.1537306
19.2800007,0.1594591
19.2900009,0.1565761
19.3000011,0.1557291
19.3100014,0.1585645
19.3200016,0.1490277
19.3300018,0.1595948
19.3400002,0.1535677
19.3500004,0.1661465
19.3600006,0.1523353
19.3700008,0.1634228
19.3800011,0.1528581
19.3900013,0.1588059
19.4000015,0.1573262
19.4100018,0.1575862
19.4200001,0.1458253
19.4300003,0.1612045
19.4400005,0.1692469
19.4500008,0.1628527
19.4600010,0.1802704
19.4700012,0.1723535
19.4800014,0.1767612
19.4900017,0.1678161
19.5000000,0.1805007
19.5100002,0.1715009
19.5200005,0.1800621
19.5300007,0.1738537
19.5400009,0.1753730
19.5500011,0.1789127
19.5600014,0.1713712
19.5700016,0.1676188
19.5800018,0.1729502
19.5900002,0.1765905
19.6000004,0.1849272
19.6100006,0.1931162
19.6200008,0.1858301
19.6300011,0.1806034
19.6400013,0.1809646
19.6500015,0.1781650
19.6600018,0.1834119
19.6700001,0.1803653
19.6800003,0.1983093
19.6900005,0.1887178
19.7000008,0.1770152
19.7100010,0.1975092
19.7200012,0.1911049
19.7300014,0.1782140
19.7400017,0.1842800
19.7500000,0.1874100
19.7600002,0.1852725
19.7700005,0.1827209
19.7800007,0.1813395
19.7900009,0.1871989
19.8000011,0.1865922
19.8100014,0.1783459
19.8200016,0.1794268
19.8300018,0.1708055
19.8400002,0.1776520
19.8500004,0.1761740
19.8600006,0.1675812
19.8700008,0.1705586
19.8800011,0.1858326
19.8900013,0.1774053
19.9000015,0.1739701
19.9100018,0.1806244
19.9200001,0.1854172
19.9300003,0.1739838
19.9400005,0.1798030
19.9500008,0.1743584
19.9600010,0.1799213
19.9700012,0.1848954
19.9800014,0.1898371
19.9900017,0.1872069
20.0000000,0.1701464
20.0100002,0.1762629
20.0200005,0.1805530
20.0300007,0.1718067
20.0400009,0.1751406
20.0500011,0.1743873
20.0600014,0.1633830
20.0700016,0.1691549
20.0800018,0.1714703
20.0900002,0.1736306
20.1000004,0.1845849
20.1100006,0.1810583
20.1200008,0.2047797
20.1300011,0.1679583
20.1400013,0.1806704
20.1500015,0.1857743
20.1600018,0.1716692
20.1700001,0.1748339
20.1800003,0.1768860
20.1900005,0.1842687
20.2000008,0.1730629
20.2100010,0.1622784
20.2200012,0.1799209
20.2300014,0.1862715
20.2400017,0.1828254
20.2500019,0.1719149
20.2600002,0.1750791
20.2700005,0.1842074
20.2800007,0.1923325
20.2900009,0.1919107
20.3000011,0.2071933
20.3100014,0.1981823
20.3200016,0.2008548
20.3300018,0.1992049
20.3400002,0.1924190
20.3500004,0.1907173
20.3600006,0.1958562
20.3700008,0.2018328
20.3800011,0.2143092
20.3900013,0.2057889
20.4000015,0.1902419
20.4100018,0.1852637
20.4200001,0.1914535
20.4300003,0.1991972
20.4400005,0.2234240
20.4500008,0.1948788
20.4600010,0.1807229
20.4700012,0.1823027
20.4800014,0.1718403
20.4900017,0.1694350
20.5000019,0.1724585
20.5100002,0.1817207
20.5200005,0.1676354
20.5300007,0.1703172
20.5400009,0.1863187
20.5500011,0.1887866
20.5600014,0.1880516
20.5700016,0.2022460
20.5800018,0.2087560
20.5900002,0.2055279
20.6000004,0.1800143
20.6100006,0.1695406
20.6200008,0.1620942
20.6300011,0.1870534
20.6400013,0.1847604
20.6500015,0.1500194
20.6600018,0.1574375
20.6700001,0.1653180
20.6800003,0.1694255
20.6900005,0.1589359
20.7000008,0.1590887
20.7100010,0.1744964
20.7200012,0.1846107
20.7300014,0.1723321
20.7400017,0.1822992
20.7500019,0.1667688
20.7600002,0.1676896
20.7700005,0.1725705
20.7800007,0.1649469
20.7900009,0.1763755
20.8000011,0.1593318
20.8100014,0.1735653
20.8200016,0.1634756
20.8300018,0.1710338
20.8400002,0.1621026
20.8500004,0.1564718
20.8600006,0.1529020
20.8700008,0.1743212
20.8800011,0.1685951
20.8900013,0.1730057
20.9000015,0.1692941
20.9100018,0.1690121
20.9200001,0.1842886
20.9300003,0.1906393
20.9400005,0.1784249
20.9500008,0.1666941
20.9600010,0.1729324
20.9700012,0.1556786
20.9800014,0.1495761
20.9900017,0.1611345
21.0000019,0.1651162
21.0100002,0.1694466
21.0200005,0.1781753
21.0300007,0.1526091
21.0400009,0.1708833
21.0500011,0.1583014
21.0600014,0.1850222
21.0700016,0.1814744
21.0800018,0.1666266
21.0900002,0.1808081
21.1000004,0.1811992
21.1100006,0.1750936
21.1200008,0.1779703
21.1300011,0.1709075
21.1400013,0.1697028
21.1500015,0.1800407
21.1600018,0.1665082
21.1700001,0.1671650
21.1800003,0.1622232
21.1900005,0.1735587
21.2000008,0.1741368
21.2100010,0.1836190
21.2200012,0.1778042
21.2300014,0.1714797
21.2400017,0.1745608
21.2500019,0.1798804
21.2600002,0.1736269
21.2700005,0.1702330
21.2800007,0.1608580
21.2900009,0.1607717
21.3000011,0.1500544
21.3100014,0.1610377
21.3200016,0.1754952
21.3300018,0.1662496
21.3400002,0.1665691
21.3500004,0.1505475
21.3600006,0.1573488
21.3700008,0.1584302
21.3800011,0.1545862
21.3900013,0.1477139
21.4000015,0.1466461
21.4100018,0.1478059
21.4200001,0.1637567
21.4300003,0.1578241
21.4400005,0.1591912
21.4500008,0.1531314
21.4600010,0.1705840
21.4700012,0.1618336
21.4800014,0.1583620
21.4900017,0.1537203
21.5000019,0.1637028
21.5100002,0.1627985
21.5200005,0.1651627
21.5300007,0.1536155
21.5400009,0.1577704
21.5500011,0.1571176
21.5600014,0.1565188
21.5700016,0.1698985
21.5800018,0.1709759
21.5900002,0.1756676
21.6000004,0.1805342
21.6100006,0.1591948
21.6200008,0.1709792
21.6300011,0.1657496
21.6400013,0.1659924
21.6500015,0.1578507
21.6600018,0.1813366
21.6700001,0.1687723
21.6800003,0.1764968
21.6900005,0.1605997
21.7000008,0.1822700
21.7100010,0.1765218
21.7200012,0.1728117
21.7300014,0.1740039
21.7400017,0.1767975
21.7500019,0.1662707
21.7600002,0.1585904
21.7700005,0.1688186
21.7800007,0.1733631
21.7900009,0.1650530
21.8000011,0.1646120
21.8100014,0.1616485
21.8200016,0.1525741
21.8300018,0.1679734
21.8400002,0.1757030
21.8500004,0.1756632
21.8600006,0.1623979
21.8700008,0.1551630
21.8800011,0.1637105
21.8900013,0.1700300
21.9000015,0.1758963
21.9100018,0.1718666
21.9200020,0.1720625
21.9300003,0.1732095
21.9400005,0.1728537
21.9500008,0.1680140
21.9600010,0.1617620
21.9700012,0.1597852
21.9800014,0.1616234
21.9900017,0.1568820
22.0000019,0.1673268
22.0100002,0.1608922
22.0200005,0.1656080
22.0300007,0.1582533
22.0400009,0.1684191
22.0500011,0.1592292
22.0600014,0.1581109
22.0700016,0.1570465
22.0800018,0.1745213
22.0900002,0.1709177
22.1000004,0.1630285
22.1100006,0.1665766
22.1200008,0.1521048
22.1300011,0.1607846
22.1400013,0.1584517
22.1500015,0.1538261
22.1600018,0.1509972
22.1700020,0.1711655
22.1800003,0.1938732
22.1900005,0.1741188
22.2000008,0.1738785
22.2100010,0.1747412
22.2200012,0.1512550
22.2300014,0.1749767
22.2400017,0.1489015
22.2500019,0.1578055
22.2600002,0.1625592
22.2700005,0.1340957
22.2800007,0.1471451
22.2900009,0.1481862
22.3000011,0.1475181
22.3100014,0.1378578
22.3200016,0.1500666
22.3300018,0.1449771
22.3400002,0.1455673
22.3500004,0.1528893
22.3600006,0.1596972
22.3700008,0.1430947
22.3800011,0.1606475
22.3900013,0.1533358
22.4000015,0.1550422
22.4100018,0.1469175
22.4200020,0.1451493
22.4300003,0.1510981
22.4400005,0.1390592
22.4500008,0.1390185
22.4600010,0.1490859
22.4700012,0.1338271
22.4800014,0.1372607
22.4900017,0.1518274
22.5000019,0.1455315
22.5100002,0.1488196
22.5200005,0.1447297
22.5300007,0.1562485
22.5400009,0.1387049
22.5500011,0.1632362
22.5600014,0.1497745
22.5700016,0.1343326
22.5800018,0.1359055
22.5900002,0.1358934
22.6000004,0.1356599
22.6100006,0.1333199
22.6200008,0.1567330
22.6300011,0.1507466
22.6400013,0.1493147
22.6500015,0.1392900
22.6600018,0.1483032
22.6700020,0.1474974
22.6800003,0.1385211
22.6900005,0.1521052
22.7000008,0.1506242
22.7100010,0.1662092
22.7200012,0.1606865
22.7300014,0.1634674
22.7400017,0.1649239
22.7500019,0.1676875
22.7600002,0.1695491
22.7700005,0.1735226
22.7800007,0.1597468
22.7900009,0.1630489
22.8000011,0.1678086
22.8100014,0.1567909
22.8200016,0.1675256
22.8300018,0.1667514
22.8400002,0.1773393
22.8500004,0.1683698
22.8600006,0.1658110
22.8700008,0.1588383
22.8800011,0.1594489
22.8900013,0.1518096
22.9000015,0.1559788
22.9100018,0.1409433
22.9200020,0.1586993
22.9300003,0.1561071
22.9400005,0.1534596
22.9500008,0.1502432
22.9600010,0.1514808
22.9700012,0.1591928
22.9800014,0.1754547
22.9900017,0.1979925
23.0000019,0.1634305
23.0100002,0.1854687
23.0200005,0.1707525
23.0300007,0.1715159
23.0400009,0.1727753
23.0500011,0.1716993
23.0600014,0.1700620
23.0700016,0.1684699
23.0800018,0.1670499
23.0900002,0.1586102
23.1000004,0.1664459
23.1100006,0.1543276
23.1200008,0.1672153
23.1300011,0.1495025
23.1400013,0.1552023
23.1500015,0.1526648
23.1600018,0.1636080
23.1700020,0.1572969
23.1800003,0.1791051
23.1900005,0.1933953
23.2000008,0.1808343
23.2100010,0.1887559
23.2200012,0.1921783
23.2300014,0.1807324
23.2400017,0.1761262
23.2500019,0.1822337
23.2600002,0.1646893
23.2700005,0.1770126
23.2800007,0.1832283
23.2900009,0.1765168
23.3000011,0.1770227
23.3100014,0.1641732
23.3200016,0.1651186
23.3300018,0.1620259
23.3400021,0.1680269
23.3500004,0.1677000
23.3600006,0.1891893
23.3700008,0.1693362
23.3800011,0.1635428
23.3900013,0.1689867
23.4000015,0.1859241
23.4100018,0.1624168
23.4200020,0.1633350
23.4300003,0.1416030
23.4400005,0.1590259
23.4500008,0.1515003
23.4600010,0.1504192
23.4700012,0.1460394
23.4800014,0.1625010
23.4900017,0.1631136
23.5000019,0.1555759
23.5100002,0.1636815
23.5200005,0.1767886
23.5300007,0.1639587
23.5400009,0.1681908
23.5500011,0.1648385
23.5600014,0.1594152
23.5700016,0.1636157
23.5800018,0.1727819
23.5900021,0.1729849
23.6000004,0.1879402
23.6100006,0.1808614
23.6200008,0.1700224
23.6300011,0.1799868
23.6400013,0.1808219
23.6500015,0.1645675
23.6600018,0.1693811
23.6700020,0.1599549
23.6800003,0.1694630
23.6900005,0.1572579
23.7000008,0.1601583
23.7100010,0.1689111
23.7200012,0.1811626
23.7300014,0.1504975
23.7400017,0.1575801
23.7500019,0.1590148
23.7600002,0.1651801
23.7700005,0.1728277
23.7800007,0.1689643
23.7900009,0.1774008
23.8000011,0.1735554
23.8100014,0.1822926
23.8200016,0.1767528
23.8300018,0.1889948
23.8400021,0.1662044
23.8500004,0.1731135
23.8600006,0.1693851
23.8700008,0.1646459
23.8800011,0.1671048
23.8900013,0.1666466
23.9000015,0.1677189
23.9100018,0.1566928
23.9200020,0.1582214
23.9300003,0.1752607
23.9400005,0.1641528
23.9500008,0.1648464
23.9600010,0.1738647
23.9700012,0.1703489
23.9800014,0.1625156
23.9900017,0.1743078
24.0000019,0.1920802
24.0100002,0.1707336
24.0200005,0.1775544
24.0300007,0.1806521
24.0400009,0.1744140
24.0500011,0.1903219
24.0600014,0.1659532
24.0700016,0.1585173
24.0800018,0.1665603
24.0900021,0.1615923
24.1000004,0.1579563
24.1100006,0.1627535
24.1200008,0.1548603
24.1300011,0.1676961
24.1400013,0.1663010
24.1500015,0.1699319
24.1600018,0.1746545
24.1700020,0.1680548
24.1800003,0.1869208
24.1900005,0.1704432
24.2000008,0.1626813
24.2100010,0.1638519
24.2200012,0.1592116
24.2300014,0.1735439
24.2400017,0.1633454
24.2500019,0.1501441
24.2600002,0.1538747
24.2700005,0.1857909
24.2800007,0.1740242
24.2900009,0.1522141
24.3000011,0.1572213
24.3100014,0.1758008
24.3200016,0.1562670
24.3300018,0.1619311
24.3400021,0.1635612
24.3500004,0.1554834
24.3600006,0.1498234
24.3700008,0.1669727
24.3800011,0.1659483
24.3900013,0.1632479
24.4000015,0.1701322
24.4100018,0.1686432
24.4200020,0.1732787
24.4300003,0.1712043
24.4400005,0.1576351
24.4500008,0.1617702
24.4600010,0.1530825
24.4700012,0.1604679
24.4800014,0.1664312
24.4900017,0.1705800
24.5000019,0.1659451
24.5100002,0.1758090
24.5200005,0.1698872
24.5300007,0.1684149
24.5400009,0.1738360
24.5500011,0.1733864
24.5600014,0.1551731
24.5700016,0.1590938
24.5800018,0.1601022
24.5900021,0.1620144
24.6000004,0.1450931
24.6100006,0.1538605
24.6200008,0.1612837
24.6300011,0.1623506
24.6400013,0.1636163
24.6500015,0.1677103
24.6600018,0.1735359
24.6700020,0.1743944
24.6800003,0.1715639
24.6900005,0.1700594
24.7000008,0.1714878
24.7100010,0.1620076
24.7200012,0.1810851
24.7300014,0.1588383
24.7400017,0.1703758
24.7500019,0.1724512
24.7600002,0.1549429
24.7700005,0.1682161
24.7800007,0.1551239
24.7900009,0.1555911
24.8000011,0.1687879
24.8100014,0.1738677
24.8200016,0.1744739
24.8300018,0.1726181
24.8400021,0.1596701
24.8500004,0.1582428
24.8600006,0.1627300
24.8700008,0.1596832
24.8800011,0.1713931
24.8900013,0.1564927
24.9000015,0.1632259
24.9100018,0.1656088
24.9200020,0.1596762
24.9300003,0.1589873
24.9400005,0.1648914
24.9500008,0.1706854
24.9600010,0.1787676
24.9700012,0.1802888
24.9800014,0.1697318
24.9900017,0.1610344
25.0000019,0.1490782
25.0100021,0.1620774
25.0200005,0.1657257
25.0300007,0.1802299
25.0400009,0.1693074
25.0500011,0.1755144
25.0600014,0.1665619
25.0700016,0.1679764
25.0800018,0.1666809
25.0900021,0.1626670
25.1000004,0.1849384
25.1100006,0.1695926
25.1200008,0.1601626
25.1300011,0.1600597
25.1400013,0.1699907
25.1500015,0.1722832
25.1600018,0.1691233
25.1700020,0.1660444
25.1800003,0.1613667
25.1900005,0.1570127
25.2000008,0.1800937
25.2100010,0.1693922
25.2200012,0.1821198
25.2300014,0.1690173
25.2400017,0.1627260
25.2500019,0.1730347
25.2600021,0.1721403
25.2700005,0.1704020
25.2800007,0.1590981
25.2900009,0.1616646
25.3000011,0.1666492
25.3100014,0.1656069
25.3200016,0.1501229
25.3300018,0.1618651
25.3400021,0.1558318
25.3500004,0.1428403
25.3600006,0.1475470
25.3700008,0.1549035
25.3800011,0.1636253
25.3900013,0.1713496
25.4000015,0.1728275
25.4100018,0.1649413
25.4200020,0.1696151
25.4300003,0.1560017
25.4400005,0.1634120
25.4500008,0.1631824
25.4600010,0.1705254
25.4700012,0.1603761
25.4800014,0.1684542
25.4900017,0.1562424
25.5000019,0.1552382
25.5100021,0.1574476
25.5200005,0.1666250
25.5300007,0.1742323
25.5400009,0.1574448
25.5500011,0.1658092
25.5600014,0.1708966
25.5700016,0.1760284
25.5800018,0.1691899
25.5900021,0.1569778
25.6000004,0.1515611
25.6100006,0.1548169
25.6200008,0.1669415
25.6300011,0.1610711
25.6400013,0.1572048
25.6500015,0.1712541
25.6600018,0.1576846
25.6700020,0.1734299
25.6800003,0.1711212
25.6900005,0.1558108
25.7000008,0.1637368
25.7100010,0.1581577
25.7200012,0.1578358
25.7300014,0.1558715
25.7400017,0.1459364
25.7500019,0.1674438
25.7600021,0.1715581
25.7700005,0.1575187
25.7800007,0.1624598
25.7900009,0.1621840
25.8000011,0.1886867
25.8100014,0.1755458
25.8200016,0.1746863
25.8300018,0.1573382
25.8400021,0.1675438
25.8500004,0.1475846
25.8600006,0.1554992
25.8700008,0.1601597
25.8800011,0.1542291
25.8900013,0.1477291
25.9000015,0.1554987
25.9100018,0.1867166
25.9200020,0.1598517
25.9300003,0.1621127
25.9400005,0.1603173
25.9500008,0.1563854
25.9600010,0.1609244
25.9700012,0.1637030
25.9800014,0.1641033
25.9900017,0.1638687
26.0000019,0.1617042
26.0100021,0.1571754
26.0200005,0.1595431
26.0300007,0.1643225
26.0400009,0.1746044
26.0500011,0.1627820
26.0600014,0.1619245
26.0700016,0.1525189
26.0800018,0.1868806
26.0900021,0.1697754
26.1000004,0.1656265
26.1100006,0.1626340
26.1200008,0.1616892
26.1300011,0.1487768
26.1400013,0.1689079
26.1500015,0.1671522
26.1600018,0.1678130
26.1700020,0.1680335
26.1800003,0.1689996
26.1900005,0.1541813
26.2000008,0.1754072
26.2100010,0.1645336
26.2200012,0.1734467
26.2300014,0.1734757
26.2400017,0.1636592
26.2500019,0.1832706
26.2600021,0.1700305
26.2700005,0.1549555
26.2800007,0.1656208
26.2900009,0.1561943
26.3000011,0.1657960
26.3100014,0.1627879
26.3200016,0.1768844
26.3300018,0.1745588
26.3400021,0.1695840
26.3500004,0.1623056
26.3600006,0.1768306
26.3700008,0.1602999
26.3800011,0.1654989
26.3900013,0.1754722
26.4000015,0.1644129
26.4100018,0.1474715
26.4200020,0.1573042
26.4300003,0.1496910
26.4400005,0.1620659
26.4500008,0.1610581
26.4600010,0.1627486
26.4700012,0.1683279
26.4800014,0.1525653
26.4900017,0.1475399
26.5000019,0.1701473
26.5100021,0.1600778
26.5200005,0.1433191
26.5300007,0.1482931
26.5400009,0.1635575
26.5500011,0.1637406
26.5600014,0.1730600
26.5700016,0.1669576
26.5800018,0.1417962
26.5900021,0.1565437
26.6000004,0.1544333
26.6100006,0.1697661
26.6200008,0.1678537
26.6300011,0.1638387
26.6400013,0.1656636
26.6500015,0.1529264
26.6600018,0.1443059
26.6700020,0.1584368
26.6800022,0.1494922
26.6900005,0.1657435
26.7000008,0.1523090
26.7100010,0.1600433
26.7200012,0.1550300
26.7300014,0.1632705
26.7400017,0.1578461
26.7500019,0.1708167
26.7600021,0.1624125
26.7700005,0.1609961
26.7800007,0.1570314
26.7900009,0.1722664
26.8000011,0.1670291
26.8100014,0.1697719
26.8200016,0.1820474
26.8300018,0.1833820
26.8400021,0.1734588
26.8500004,0.1522414
26.8600006,0.1548169
26.8700008,0.1663991
26.8800011,0.1613974
26.8900013,0.1668094
26.9000015,0.1701211
26.9100018,0.1692713
26.9200020,0.1646346
26.9300022,0.1697482
26.9400005,0.1613953
26.9500008,0.1543335
26.9600010,0.1504253
26.9700012,0.1683242
26.9800014,0.1691190
26.9900017,0.1540468
27.0000019,0.1627395
27.0100021,0.1592578
27.0200005,0.1558175
27.0300007,0.1488448
27.0400009,0.1518489
27.0500011,0.1552332
27.0600014,0.1682992
27.0700016,0.1613738
27.0800018,0.1517113
27.0900021,0.1568501
27.1000004,0.1531387
27.1100006,0.1452243
27.1200008,0.1480952
27.1300011,0.1455211
27.1400013,0.1684164
27.1500015,0.1612722
27.1600018,0.1631028
27.1700020,0.1745488
27.1800022,0.1527881
27.1900005,0.1568668
27.2000008,0.1627890
27.2100010,0.1667685
27.2200012,0.1635321
27.2300014,0.1778818
27.2400017,0.1678753
27.2500019,0.1640170
27.2600021,0.1751330
27.2700005,0.1718756
27.2800007,0.1728918
27.2900009,0.1810471
27.3000011,0.1652098
27.3100014,0.1917880
27.3200016,0.1831564
27.3300018,0.1868558
27.3400021,0.1847995
27.3500004,0.2001235
27.3600006,0.1746154
27.3700008,0.1627951
27.3800011,0.1547127
27.3900013,0.1640142
27.4000015,0.1703335
27.4100018,0.1600005
27.4200020,0.1524408
27.4300022,0.1583618
27.4400005,0.1503478
27.4500008,0.1545987
27.4600010,0.1573215
27.4700012,0.1795517
27.4800014,0.1713999
27.4900017,0.1646811
27.5000019,0.1594860
27.5100021,0.1676828
27.5200005,0.1611826
27.5300007,0.1599392
27.5400009,0.1600926
27.5500011,0.1535171
27.5600014,0.1581537
27.5700016,0.1712318
27.5800018,0.1600213
27.5900021,0.1658277
27.6000004,0.1694760
27.6100006,0.1579757
27.6200008,0.1592607
27.6300011,0.1626326
27.6400013,0.1697861
27.6500015,0.1727593
27.6600018,0.1738148
27.6700020,0.1926955
27.6800022,0.1727214
27.6900005,0.1683220
27.7000008,0.1706756
27.7100010,0.1647548
27.7200012,0.1528416
27.7300014,0.1597459
27.7400017,0.1599870
27.7500019,0.1637372
27.7600021,0.1757536
27.7700005,0.1697888
27.7800007,0.1793035
27.7900009,0.1764338
27.8000011,0.1783437
27.8100014,0.1743579
27.8200016,0.1679923
27.8300018,0.1691733
27.8400021,0.1717639
27.8500004,0.1840273
27.8600006,0.1918412
27.8700008,0.1863899
27.8800011,0.1916847
27.8900013,0.1765282
27.9000015,0.1794075
27.9100018,0.1704047
27.9200020,0.1791683
27.9300022,0.1778215
27.9400005,0.1724817
27.9500008,0.1772582
27.9600010,0.1713878
27.9700012,0.1664879
27.9800014,0.1624910
27.9900017,0.1575785
28.0000019,0.1544981
28.0100021,0.1636667
28.0200005,0.1590063
28.0300007,0.1613634
28.0400009,0.1661401
28.0500011,0.1709205
28.0600014,0.1794820
28.0700016,0.1670676
28.0800018,0.1643017
28.0900021,0.1608758
28.1000004,0.1741138
28.1100006,0.1701791
28.1200008,0.1716882
28.1300011,0.1581641
28.1400013,0.1676639
28.1500015,0.1559290
28.1600018,0.1627751
28.1700020,0.1502708
28.1800022,0.1629810
28.1900005,0.1708137
28.2000008,0.1630869
28.2100010,0.1646909
28.2200012,0.1831687
28.2300014,0.1769873
28.2400017,0.1732321
28.2500019,0.1841131
28.2600021,0.1687178
28.2700005,0.1638858
28.2800007,0.1708789
28.2900009,0.1577815
28.3000011,0.1554722
28.3100014,0.1690349
28.3200016,0.1737879
28.3300018,0.1434813
28.3400021,0.1914553
28.3500023,0.1797947
28.3600006,0.1738741
28.3700008,0.1673523
28.3800011,0.1479487
28.3900013,0.1446207
28.4000015,0.1557332
28.4100018,0.1471214
28.4200020,0.1636047
28.4300022,0.1715146
28.4400005,0.1661686
28.4500008,0.1687884
28.4600010,0.1653563
28.4700012,0.1917903
28.4800014,0.1763015
28.4900017,0.1800421
28.5000019,0.1673823
28.5100021,0.1734825
28.5200005,0.1633192
28.5300007,0.1623636
28.5400009,0.1557065
28.5500011,0.1507591
28.5600014,0.1683097
28.5700016,0.1673470
28.5800018,0.1660586
28.5900021,0.1602790
28.6000023,0.1639368
28.6100006,0.1693971
28.6200008,0.1697704
28.6300011,0.1561787
28.6400013,0.1616245
28.6500015,0.1697332
28.6600018,0.1575110
28.6700020,0.1600385
28.6800022,0.1639038
28.6900005,0.1604042
28.7000008,0.1594084
28.7100010,0.1533914
28.7200012,0.1565842
28.7300014,0.1601214
28.7400017,0.1505189
28.7500019,0.1602047
28.7600021,0.1672747
28.7700005,0.1603760
28.7800007,0.1556872
28.7900009,0.1641840
28.8000011,0.1499410
28.8100014,0.1701590
28.8200016,0.1596613
28.8300018,0.1549580
28.8400021,0.1757313
28.8500023,0.1675840
28.8600006,0.1539906
28.8700008,0.1592521
28.8800011,0.1509931
28.8900013,0.1523367
28.9000015,0.1469663
28.9100018,0.1547316
28.9200020,0.1574504
28.9300022,0.1578859
28.9400005,0.1590568
28.9500008,0.1585380
28.9600010,0.1654726
28.9700012,0.1624601
28.9800014,0.1566198
28.9900017,0.1663577
29.0000019,0.1669829
29.0100021,0.1644083
29.0200005,0.1660062
29.0300007,0.1723238
29.0400009,0.1756412
29.0500011,0.1783729
29.0600014,0.1710814
29.0700016,0.1592749
29.0800018,0.1883762
29.0900021,0.1927672
29.1000023,0.1780729
29.1100006,0.1863365
29.1200008,0.1949258
29.1300011,0.1815608
29.1400013,0.1780185
29.1500015,0.1850694
29.1600018,0.1890762
29.1700020,0.1867437
29.1800022,0.1913228
29.1900005,0.1826049
29.2000008,0.1853126
29.2100010,0.1887199
29.2200012,0.1889615
29.2300014,0.2054084
29.2400017,0.1747123
29.2500019,0.1726213
29.2600021,0.1884350
29.2700005,0.1748477
29.2800007,0.1988270
29.2900009,0.2034664
29.3000011,0.1921466
29.3100014,0.1832971
29.3200016,0.1921524
29.3300018,0.1815031
29.3400021,0.1741010
29.3500023,0.1848413
29.3600006,0.1791289
29.3700008,0.1642598
29.3800011,0.1661424
29.3900013,0.1745338
29.4000015,0.2030040
29.4100018,0.1953646
29.4200020,0.1792062
29.4300022,0.1963695
29.4400005,0.1981927
29.4500008,0.1836316
29.4600010,0.1958842
29.4700012,0.2057973
29.4800014,0.1865383
29.4900017,0.1880541
29.5000019,0.1935171
29.5100021,0.1795809
29.5200005,0.2018949
29.5300007,0.2391747
29.5400009,0.2221918
29.5500011,0.2343267
29.5600014,0.2379999
29.5700016,0.2570826
29.5800018,0.2585265
29.5900021,0.2644455
29.6000023,0.2488428
29.6100006,0.2623525
29.6200008,0.2513073
29.6300011,0.2583841
29.6400013,0.2481042
29.6500015,0.2319583
29.6600018,0.2398899
29.6700020,0.2475788
29.6800022,0.2269410
29.6900005,0.2275858
29.7000008,0.2372028
29.7100010,0.2433035
29.7200012,0.2579364
29.7300014,0.2687794
29.7400017,0.3226387
29.7500019,0.2874514
29.7600021,0.2763690
29.7700024,0.2583700
29.7800007,0.2646898
29.7900009,0.2281180
29.8000011,0.2388701
29.8100014,0.2457389
29.8200016,0.2625476
29.8300018,0.2630614
29.8400021,0.2436809
29.8500023,0.2124650
29.8600006,0.2482969
29.8700008,0.2474245
29.8800011,0.2385562
29.8900013,0.2439094
29.9000015,0.2555935
29.9100018,0.2614870
29.9200020,0.2475118
29.9300022,0.2331609
29.9400005,0.2286952
29.9500008,0.2390210
29.9600010,0.2634242
29.9700012,0.2458337
29.9800014,0.2506593
29.9900017,0.2850478
30.0000019,0.2670037
30.0100021,0.2364587
30.0200024,0.2246296
30.0300007,0.1929071
30.0400009,0.2176525
30.0500011,0.1968413
30.0600014,0.2147756
30.0700016,0.2313963
30.0800018,0.2142971
30.0900021,0.1868037
30.1000023,0.2213436
30.1100006,0.2196062
30.1200008,0.1922535
30.1300011,0.1877260
30.1400013,0.1922294
30.1500015,0.1761655
30.1600018,0.1520662
30.1700020,0.1706252
30.1800022,0.1746860
30.1900005,0.1927624
30.2000008,0.1786869
30.2100010,0.1727687
30.2200012,0.1619089
30.2300014,0.1608409
30.2400017,0.1454427
30.2500019,0.1389854
30.2600021,0.1581443
30.2700024,0.1542464
30.2800007,0.1511664
30.2900009,0.1477897
30.3000011,0.1595524
30.3100014,0.1629992
30.3200016,0.1528905
30.3300018,0.1746292
30.3400021,0.1776970
30.3500023,0.1537342
30.3600006,0.1418542
30.3700008,0.1879504
30.3800011,0.1529180
30.3900013,0.1516760
30.4000015,0.1519740
30.4100018,0.1667874
30.4200020,0.1655114
30.4300022,0.1621392
30.4400005,0.1548685
30.4500008,0.1598158
30.4600010,0.1701204
30.4700012,0.1521192
30.4800014,0.1694685
30.4900017,0.1867310
30.5000019,0.1853775
30.5100021,0.1931481
30.5200024,0.1600339
30.5300007,0.1429035
30.5400009,0.1592163
30.5500011,0.1711589
30.5600014,0.1847735
30.5700016,0.2026792
30.5800018,0.2170069
30.5900021,0.1732714
30.6000023,0.1921452
30.6100006,0.1975733
30.6200008,0.1969808
30.6300011,0.1809507
30.6400013,0.1711011
30.6500015,0.1810648
30.6600018,0.1933874
30.6700020,0.1762007
30.6800022,0.1947560
30.6900005,0.1896992
30.7000008,0.1701049
30.7100010,0.1854765
30.7200012,0.1913264
30.7300014,0.1948312
30.7400017,0.1989771
30.7500019,0.2084351
30.7600021,0.1916700
30.7700024,0.2068315
30.7800007,0.1760738
30.7900009,0.1604928
30.8000011,0.1649323
30.8100014,0.1626613
30.8200016,0.1637137
30.8300018,0.1702819
30.8400021,0.1765433
30.8500023,0.1797725
30.8600006,0.1855099
30.8700008,0.1647833
30.8800011,0.1743038
30.8900013,0.1564960
30.9000015,0.1642376
30.9100018,0.1566334
30.9200020,0.1475271
30.9300022,0.1766029
30.9400005,0.1651520
30.9500008,0.1802970
30.9600010,0.1818493
30.9700012,0.1772154
30.9800014,0.1990277
30.9900017,0.1831024
31.0000019,0.1737811
31.0100021,0.1871010
31.0200024,0.1962358
31.0300007,0.1735613
31.0400009,0.1683184
31.0500011,0.1828396
31.0600014,0.1817637
31.0700016,0.1703222
31.0800018,0.1707228
31.0900021,0.1551539
31.1000023,0.1614970
31.1100006,0.1650162
31.1200008,0.1683493
31.1300011,0.1564534
31.1400013,0.1501903
31.1500015,0.1537309
31.1600018,0.1605928
31.1700020,0.1524559
31.1800022,0.1437085
31.1900005,0.1377887
31.2000008,0.1554867
31.2100010,0.1656645
31.2200012,0.1630020
31.2300014,0.1869418
31.2400017,0.1667311
31.2500019,0.1771298
31.2600021,0.1971564
31.2700024,0.1848395
31.2800007,0.1564331
31.2900009,0.1501393
31.3000011,0.1528695
31.3100014,0.1527396
31.3200016,0.1713127
31.3300018,0.1605290
31.3400021,0.1542752
31.3500023,0.1713888
31.3600006,0.1743791
31.3700008,0.1578346
31.3800011,0.1582592
31.3900013,0.1611909
31.4000015,0.1519396
31.4100018,0.1329834
31.4200020,0.1426379
31.4300022,0.1399390
31.4400024,0.1454497
31.4500008,0.1422098
31.4600010,0.1667336
31.4700012,0.1517530
31.4800014,0.1490858
31.4900017,0.1490408
31.5000019,0.1493218
31.5100021,0.1516088
31.5200024,0.1618243
31.5300007,0.1817421
31.5400009,0.1825902
31.5500011,0.1656112
31.5600014,0.1603560
31.5700016,0.1593097
31.5800018,0.1399617
31.5900021,0.1540859
31.6000023,0.1457647
31.6100006,0.1547102
31.6200008,0.1570878
31.6300011,0.1735872
31.6400013,0.1751593
31.6500015,0.1787304
31.6600018,0.1431948
31.6700020,0.1519326
31.6800022,0.1441465
31.6900024,0.1370628
31.7000008,0.1597835
31.7100010,0.1584734
31.7200012,0.1541449
31.7300014,0.1622235
31.7400017,0.1608364
31.7500019,0.1458266
31.7600021,0.1435562
31.7700024,0.1468174
31.7800007,0.1549749
31.7900009,0.1436844
31.8000011,0.1392177
31.8100014,0.1356071
31.8200016,0.1429264
31.8300018,0.1469335
31.8400021,0.1669540
31.8500023,0.1528504
31.8600006,0.1528029
31.8700008,0.1439168
31.8800011,0.1410413
31.8900013,0.1421275
31.9000015,0.1371929
31.9100018,0.1311685
31.9200020,0.1351605
31.9300022,0.1482898
31.9400024,0.1396048
31.9500008,0.1518407
31.9600010,0.1546534
31.9700012,0.1334953
31.9800014,0.1307707
31.9900017,0.1303359
32.0000000,0.1517684
32.0100021,0.1625329
32.0200005,0.1591523
32.0300026,0.1595408
32.0400009,0.1523479
32.0500031,0.1449069
32.0600014,0.1467454
32.0699997,0.1378221
32.0800018,0.1467962
32.0900002,0.1538420
32.1000023,0.1484068
32.1100006,0.1588368
32.1200027,0.1520917
32.1300011,0.1593858
32.1400032,0.1621558
32.1500015,0.1547858
32.1599998,0.1461715
32.1700020,0.1511238
32.1800003,0.1424430
32.1900024,0.1455451
32.2000008,0.1421832
32.2100029,0.1678195
32.2200012,0.1562156
32.2300034,0.1502189
32.2400017,0.1524406
32.2500000,0.1457192
32.2600021,0.1573820
32.2700005,0.1448259
32.2800026,0.1473521
32.2900009,0.1575375
32.3000031,0.1632578
32.3100014,0.1467009
32.3199997,0.1611450
32.3300018,0.1752257
32.3400002,0.1543958
32.3500023,0.1679264
32.3600006,0.1540148
32.3700027,0.1493900
32.3800011,0.1570495
32.3900032,0.1517590
32.4000015,0.1690210
32.4099998,0.1918342
32.4200020,0.1881493
32.4300003,0.2043334
32.4400024,0.1647158
32.4500008,0.1607738
32.4600029,0.1566918
32.4700012,0.1548381
32.4800034,0.1450115
32.4900017,0.1640891
32.5000000,0.1616180
32.5100021,0.1466453
32.5200005,0.1422337
32.5300026,0.1520094
32.5400009,0.1642978
32.5500031,0.1535154
32.5600014,0.1602066
32.5699997,0.1783532
32.5800018,0.1787925
32.5900002,0.1762314
32.6000023,0.1717889
32.6100006,0.1655785
32.6200027,0.1513117
32.6300011,0.1654681
32.6400032,0.1541247
32.6500015,0.1543366
32.6599998,0.1764231
32.6700020,0.1766170
32.6800003,0.1577050
32.6900024,0.1602010
32.7000008,0.1422080
32.7100029,0.1476142
32.7200012,0.1396323
32.7300034,0.1364622
32.7400017,0.1405018
32.7500000,0.1457480
32.7600021,0.1383025
32.7700005,0.1479781
32.7800026,0.1395819
32.7900009,0.1461478
32.8000031,0.1644404
32.8100014,0.1511413
32.8199997,0.1433667
32.8300018,0.1558202
32.8400002,0.1312763
32.8500023,0.1607424
32.8600006,0.1419461
32.8700027,0.1333432
32.8800011,0.1416273
32.8900032,0.1529258
32.9000015,0.1459880
32.9099998,0.1404645
32.9200020,0.1508679
32.9300003,0.1533312
32.9400024,0.1454518
32.9500008,0.1620169
32.9600029,0.1551530
32.9700012,0.1551802
32.9800034,0.1705111
32.9900017,0.1671799
33.0000000,0.1671308
33.0100021,0.1765837
33.0200005,0.1637949
33.0300026,0.1521277
33.0400009,0.1427608
33.0500031,0.1524165
33.0600014,0.1630045
33.0699997,0.1551552
33.0800018,0.1466607
33.0900002,0.1543307
33.1000023,0.1603211
33.1100006,0.1503545
33.1200027,0.1488132
33.1300011,0.1570838
33.1400032,0.1808199
33.1500015,0.1687251
33.1599998,0.1871159
33.1700020,0.1699682
33.1800003,0.1688857
33.1900024,0.1746288
33.2000008,0.1617854
33.2100029,0.1826574
33.2200012,0.1537274
33.2300034,0.1606945
33.2400017,0.1538696
33.2500000,0.1440395
33.2600021,0.1633175
33.2700005,0.1404642
33.2800026,0.1638511
33.2900009,0.1786041
33.3000031,0.1630187
33.3100014,0.1664013
33.3199997,0.1627343
33.3300018,0.1748119
33.3400002,0.1880983
33.3500023,0.1849508
33.3600006,0.1767255
33.3700027,0.1734208
33.3800011,0.1787644
33.3900032,0.1575193
33.4000015,0.1787571
33.4099998,0.1915244
33.4200020,0.1727516
33.4300003,0.1879740
33.4400024,0.1816171
33.4500008,0.2108492
33.4600029,0.2026549
33.4700012,0.1931799
33.4800034,0.1815997
33.4900017,0.1720981
33.5000000,0.1762357
33.5100021,0.1674700
33.5200005,0.1728461
33.5300026,0.1701467
33.5400009,0.1688524
33.5500031,0.1727165
33.5600014,0.1852323
33.5699997,0.2067256
33.5800018,0.1753603
33.5900002,0.1785800
33.6000023,0.1915093
33.6100006,0.2056815
33.6200027,0.2019127
33.6300011,0.1972091
33.6400032,0.1873410
33.6500015,0.1784717
33.6599998,0.2270916
33.6700020,0.2274973
33.6800003,0.1902605
33.6900024,0.2096916
33.7000008,0.1976000
33.7100029,0.1951046
33.7200012,0.1957393
33.7300034,0.1931645
33.7400017,0.2111137
33.7500000,0.2539558
33.7600021,0.2005869
33.7700005,0.2700909
33.7800026,0.2162728
33.7900009,0.2472005
33.8000031,0.2661824
33.8100014,0.2753475
33.8200035,0.2872640
33.8300018,0.2447320
33.8400002,0.2555663
33.8500023,0.2562960
33.8600006,0.2710465
33.8700027,0.3092044
33.8800011,0.2748978
33.8900032,0.2781284
33.9000015,0.2909825
33.9099998,0.2814503
33.9200020,0.2805364
33.9300003,0.2990314
33.9400024,0.2699500
33.9500008,0.2679207
33.9600029,0.2808565
33.9700012,0.2824520
33.9800034,0.3097446
33.9900017,0.3036694
34.0000000,0.2898581
34.0100021,0.3068158
34.0200005,0.3110972
34.0300026,0.3254881
34.0400009,0.2814973
34.0500031,0.2580871
34.0600014,0.2389745
34.0700035,0.2092833
34.0800018,0.1920271
34.0900002,0.1922924
34.1000023,0.1923159
34.1100006,0.1690724
34.1200027,0.1407672
34.1300011,0.1721155
34.1400032,0.1563637
34.1500015,0.1674101
34.1599998,0.1523371
34.1700020,0.1827007
34.1800003,0.1771802
34.1900024,0.1831327
34.2000008,0.1552160
34.2100029,0.1753518
34.2200012,0.1708146
34.2300034,0.1795135
34.2400017,0.1937991
34.2500000,0.2103698
34.2600021,0.1805021
34.2700005,0.1973478
34.2800026,0.2057620
34.2900009,0.2242478
34.3000031,0.2060509
34.3100014,0.2021493
34.3200035,0.2003695
34.3300018,0.2009510
34.3400002,0.2066804
34.3500023,0.2338885
34.3600006,0.2265186
34.3700027,0.2451213
34.3800011,0.2214762
34.3900032,0.2200012
34.4000015,0.2170842
34.4099998,0.2061842
34.4200020,0.2217573
34.4300003,0.2331294
34.4400024,0.2367438
34.4500008,0.2075431
34.4600029,0.2251802
34.4700012,0.2256741
34.4800034,0.2234938
34.4900017,0.2441383
34.5000000,0.2249351
34.5100021,0.2049528
34.5200005,0.2124195
34.5300026,0.2065385
34.5400009,0.1919215
34.5500031,0.2065300
34.5600014,0.2190697
34.5700035,0.1868762
34.5800018,0.2069363
34.5900002,0.1811945
34.6000023,0.2040047
34.6100006,0.2206920
34.6200027,0.2021207
34.6300011,0.2150852
34.6400032,0.2125842
34.6500015,0.2034695
34.6599998,0.2059494
34.6700020,0.2032494
34.6800003,0.1833632
34.6900024,0.1878517
34.7000008,0.1785965
34.7100029,0.1796940
34.7200012,0.1911230
34.7300034,0.1747551
34.7400017,0.1601396
34.7500000,0.1586039
34.7600021,0.1594857
34.7700005,0.1603854
34.7800026,0.1832780
34.7900009,0.1858042
34.8000031,0.1808087
34.8100014,0.1752252
34.8200035,0.1899540
34.8300018,0.1991128
34.8400002,0.2032337
34.8500023,0.1925182
34.8600006,0.1803755
34.8700027,0.1850047
34.8800011,0.1907436
34.8900032,0.2044774
34.9000015,0.2114317
34.9099998,0.1808442
34.9200020,0.1631853
34.9300003,0.1663453
34.9400024,0.1817935
34.9500008,0.1837599
34.9600029,0.1738677
34.9700012,0.1858672
34.9800034,0.1966663
34.9900017,0.1935408
35.0000000,0.1890592
35.0100021,0.1890112
35.0200005,0.1983701
35.0300026,0.1909448
35.0400009,0.1863599
35.0500031,0.2105926
35.0600014,0.1826925
35.0700035,0.1844668
35.0800018,0.1992163
35.0900002,0.1765926
35.1000023,0.1837775
35.1100006,0.1770044
35.1200027,0.1885821
35.1300011,0.1774326
35.1400032,0.1851073
35.1500015,0.1781558
35.1599998,0.1773883
35.1700020,0.1890285
35.1800003,0.1823251
35.1900024,0.1816885
35.2000008,0.1950816
35.2100029,0.1854109
35.2200012,0.1782638
35.2300034,0.1893958
35.2400017,0.1847932
35.2500000,0.1823904
35.2600021,0.1850354
35.2700005,0.2009498
35.2800026,0.1908641
35.2900009,0.2150510
35.3000031,0.2192847
35.3100014,0.2168696
35.3200035,0.2118530
35.3300018,0.1958037
35.3400002,0.1918007
35.3500023,0.1805317
35.3600006,0.1843303
35.3700027,0.1991064
35.3800011,0.1964940
35.3900032,0.2041729
35.4000015,0.1909354
35.4099998,0.1778067
35.4200020,0.1766559
35.4300003,0.1883293
35.4400024,0.1833661
35.4500008,0.1860776
35.4600029,0.1859060
35.4700012,0.1961776
35.4800034,0.2099971
35.4900017,0.1979886
35.5000000,0.1789882
35.5100021,0.1759469
35.5200005,0.1666579
35.5300026,0.1746749
35.5400009,0.1825183
35.5500031,0.1745669
35.5600014,0.1759164
35.5700035,0.1670182
35.5800018,0.1733882
35.5900002,0.1826794
35.6000023,0.1930627
35.6100006,0.2056178
35.6200027,0.2158117
35.6300011,0.2203579
35.6400032,0.2177141
35.6500015,0.2248871
35.6599998,0.2124608
35.6700020,0.2200215
35.6800003,0.1886582
35.6900024,0.1895984
35.7000008,0.1870550
35.7100029,0.1669548
35.7200012,0.1979963
35.7300034,0.1792253
35.7400017,0.1720327
35.7500000,0.1830795
35.7600021,0.1862990
35.7700005,0.1801483
35.7800026,0.1950051
35.7900009,0.1940393
35.8000031,0.1901663
35.8100014,0.1875327
35.8200035,0.2112813
35.8300018,0.1778477
35.8400002,0.1850002
35.8500023,0.1808432
35.8600006,0.1817829
35.8700027,0.1954347
35.8800011,0.1968347
35.8900032,0.2045723
35.9000015,0.1898153
35.9099998,0.1865374
35.9200020,0.1960254
35.9300003,0.1787537
35.9400024,0.1850851
35.9500008,0.2102910
35.9600029,0.1910175
35.9700012,0.2009355
35.9800034,0.2083462
35.9900017,0.1983545
36.0000000,0.1934742
36.0100021,0.1887004
36.0200005,0.1716854
36.0300026,0.1612840
36.0400009,0.1666726
36.0500031,0.1729315
36.0600014,0.1697221
36.0700035,0.1869677
36.0800018,0.2049691
36.0900002,0.1673031
36.1000023,0.1704058
36.1100006,0.1847112
36.1200027,0.1962095
36.1300011,0.1838165
36.1400032,0.1930159
36.1500015,0.1809990
36.1599998,0.1883651
36.1700020,0.1771392
36.1800003,0.1724919
36.1900024,0.1725194
36.2000008,0.1778234
36.2100029,0.1809731
36.2200012,0.1876760
36.2300034,0.2050485
36.2400017,0.1805417
36.2500000,0.2177128
36.2600021,0.1975836
36.2700005,0.1981933
36.2800026,0.1925742
36.2900009,0.2001506
36.3000031,0.1951530
36.3100014,0.1783186
36.3200035,0.1837556
36.3300018,0.1839337
36.3400002,0.1897243
36.3500023,0.1837498
36.3600006,0.1938788
36.3700027,0.1930012
36.3800011,0.1844154
36.3900032,0.1814120
36.4000015,0.1915870
36.4099998,0.1922753
36.4200020,0.1947098
36.4300003,0.1930809
36.4400024,0.1839903
36.4500008,0.1851159
36.4600029,0.1788182
36.4700012,0.1693369
36.4800034,0.1803953
36.4900017,0.1801259
36.5000000,0.1965851
36.5100021,0.1951959
36.5200005,0.2090469
36.5300026,0.1887819
36.5400009,0.1884835
36.5500031,0.2014019
36.5600014,0.1532471
36.5700035,0.1467098
36.5800018,0.1536070
36.5900002,0.1559565
36.6000023,0.1636740
36.6100006,0.1670064
36.6200027,0.1810836
36.6300011,0.1808269
36.6400032,0.1712899
36.6500015,0.1866132
36.6599998,0.1893017
36.6700020,0.1809263
36.6800003,0.1904268
36.6900024,0.2081456
36.7000008,0.1863979
36.7100029,0.1730551
36.7200012,0.1878467
36.7300034,0.1810797
36.7400017,0.1841395
36.7500000,0.1700538
36.7600021,0.1762781
36.7700005,0.1776819
36.7800026,0.1899420
36.7900009,0.1929349
36.8000031,0.1876373
36.8100014,0.1819978
36.8200035,0.1710527
36.8300018,0.1788212
36.8400002,0.1661500
36.8500023,0.1570688
36.8600006,0.1884835
36.8700027,0.1820241
36.8800011,0.1884514
36.8900032,0.1798628
36.9000015,0.2002348
36.9099998,0.1791423
36.9200020,0.1860479
36.9300003,0.1828377
36.9400024,0.1707971
36.9500008,0.1723084
36.9600029,0.1778324
36.9700012,0.1882861
36.9800034,0.1941265
36.9900017,0.2325623
37.0000000,0.2545048
37.0100021,0.2623549
37.0200005,0.2695919
37.0300026,0.2724187
37.0400009,0.2681980
37.0500031,0.2822675
37.0600014,0.2852056
37.0700035,0.2818541
37.0800018,0.2643054
37.0900002,0.2808586
37.1000023,0.2917729
37.1100006,0.3047780
37.1200027,0.2779059
37.1300011,0.2908549
37.1400032,0.2852498
37.1500015,0.2756397
37.1600037,0.2729540
37.1700020,0.2798072
37.1800003,0.2868167
37.1900024,0.2938705
37.2000008,0.2899520
37.2100029,0.2850907
37.2200012,0.2701198
37.2300034,0.2807984
37.2400017,0.2799190
37.2500000,0.2667438
37.2600021,0.2739608
37.2700005,0.2656581
37.2800026,0.2702780
37.2900009,0.2841887
37.3000031,0.2702980
37.3100014,0.2495059
37.3200035,0.2805451
37.3300018,0.2964301
37.3400002,0.2796865
37.3500023,0.2768405
37.3600006,0.3002311
37.3700027,0.2804135
37.3800011,0.2718049
37.3900032,0.2590709
37.4000015,0.2748945
37.4100037,0.2855222
37.4200020,0.2789691
37.4300003,0.2782491
37.4400024,0.2944452
37.4500008,0.2951601
37.4600029,0.3070882
37.4700012,0.2879487
37.4800034,0.2878610
37.4900017,0.2738971
37.5000000,0.2728635
37.5100021,0.2778957
37.5200005,0.2824837
37.5300026,0.2676999
37.5400009,0.2974701
37.5500031,0.2765973
37.5600014,0.2997360
37.5700035,0.3000182
37.5800018,0.2887248
37.5900002,0.2928201
37.6000023,0.2997072
37.6100006,0.2885076
37.6200027,0.3095630
37.6300011,0.2673575
37.6400032,0.2943149
37.6500015,0.2974870
37.6600037,0.3039992
37.6700020,0.2909272
37.6800003,0.2902192
37.6900024,0.2931889
37.7000008,0.3150415
37.7100029,0.3376275
37.7200012,0.3040558
37.7300034,0.3026952
37.7400017,0.3089946
37.7500000,0.2885385
37.7600021,0.3050929
37.7700005,0.2862788
37.7800026,0.2844059
37.7900009,0.2854660
37.8000031,0.3081048
37.8100014,0.2858265
37.8200035,0.2761132
37.8300018,0.2703713
37.8400002,0.2625127
37.8500023,0.2498292
37.8600006,0.2600858
37.8700027,0.2575121
37.8800011,0.2495044
37.8900032,0.2982656
37.9000015,0.2854721
37.9100037,0.2366593
37.9200020,0.2500623
37.9300003,0.2852121
37.9400024,0.2629592
37.9500008,0.2995246
37.9600029,0.3011653
37.9700012,0.3130584
37.9800034,0.2999088
37.9900017,0.2940176
38.0000000,0.2758327
38.0100021,0.2740599
38.0200005,0.2737412
38.0300026,0.2804721
38.0400009,0.2664906
38.0500031,0.2570121
38.0600014,0.2538982
38.0700035,0.2511137
38.0800018,0.2974683
38.0900002,0.3124860
38.1000023,0.3022546
38.1100006,0.2835071
38.1200027,0.3004482
38.1300011,0.2714024
38.1400032,0.2638133
38.1500015,0.2668894
38.1600037,0.2464148
38.1700020,0.2645346
38.1800003,0.2707610
38.1900024,0.2493989
38.2000008,0.2722479
38.2100029,0.2662683
38.2200012,0.2663945
38.2300034,0.2351126
38.2400017,0.2587082
38.2500000,0.2549658
38.2600021,0.2713388
38.2700005,0.2622583
38.2800026,0.2667142
38.2900009,0.2747546
38.3000031,0.2667580
38.3100014,0.2699972
38.3200035,0.2673294
38.3300018,0.2868106
38.3400002,0.2710765
38.3500023,0.2792437
38.3600006,0.2870244
38.3700027,0.2829893
38.3800011,0.2733085
38.3900032,0.2547308
38.4000015,0.2801298
38.4100037,0.3016097
38.4200020,0.2784251
38.4300003,0.2702391
38.4400024,0.2813894
38.4500008,0.2837635
38.4600029,0.2771159
38.4700012,0.2713258
38.4800034,0.2718288
38.4900017,0.2613873
38.5000000,0.2710965
38.5100021,0.2876138
38.5200005,0.2890588
38.5300026,0.2753223
38.5400009,0.2844528
38.5500031,0.2818661
38.5600014,0.2667790
38.5700035,0.2788708
38.5800018,0.2706266
38.5900002,0.2872632
38.6000023,0.2606063
38.6100006,0.2712252
38.6200027,0.2738615
38.6300011,0.2747167
38.6400032,0.2721736
38.6500015,0.2926672
38.6600037,0.3048700
38.6700020,0.2934459
38.6800003,0.2804767
38.6900024,0.2694163
38.7000008,0.2832088
38.7100029,0.2547932
38.7200012,0.2588030
38.7300034,0.2592867
38.7400017,0.2751132
38.7500000,0.2870579
38.7600021,0.2998118
38.7700005,0.3094304
38.7800026,0.2940706
38.7900009,0.3040907
38.8000031,0.3106529
38.8100014,0.3359708
38.8200035,0.3069016
38.8300018,0.3146081
38.8400002,0.2954243
38.8500023,0.3266276
38.8600006,0.2950360
38.8700027,0.3010185
38.8800011,0.2888892
38.8900032,0.2961318
38.9000015,0.2875382
38.9100037,0.2750692
38.9200020,0.2776856
38.9300003,0.2576979
38.9400024,0.2671246
38.9500008,0.2468973
38.9600029,0.2578002
38.9700012,0.2522087
38.9800034,0.2481773
38.9900017,0.2326415
39.0000000,0.2291221
39.0100021,0.2137808
39.0200005,0.1917188
39.0300026,0.2188980
39.0400009,0.1990463
39.0500031,0.1886299
39.0600014,0.1858577
39.0700035,0.1770379
39.0800018,0.1965536
39.0900002,0.1777037
39.1000023,0.1901870
39.1100006,0.1840630
39.1200027,0.1980659
39.1300011,0.2003838
39.1400032,0.1809900
39.1500015,0.2181546
39.1600037,0.2250296
39.1700020,0.2283207
39.1800003,0.2237016
39.1900024,0.2414936
39.2000008,0.2206950
39.2100029,0.2120403
39.2200012,0.2150673
39.2300034,0.1973622
39.2400017,0.1881280
39.2500000,0.1998063
39.2600021,0.2157810
39.2700005,0.2017063
39.2800026,0.2122777
39.2900009,0.2066431
39.3000031,0.2225467
39.3100014,0.2146367
39.3200035,0.2206800
39.3300018,0.2109999
39.3400002,0.2080846
39.3500023,0.2049239
39.3600006,0.1966141
39.3700027,0.2015505
39.3800011,0.2166775
39.3900032,0.2133692
39.4000015,0.2180495
39.4100037,0.2305941
39.4200020,0.2303893
39.4300003,0.2208294
39.4400024,0.2164878
39.4500008,0.2133131
39.4600029,0.2561827
39.4700012,0.2121352
39.4800034,0.2258863
39.4900017,0.2132902
39.5000000,0.1953832
39.5100021,0.1969229
39.5200005,0.2039134
39.5300026,0.2047860
39.5400009,0.1848314
39.5500031,0.1985634
39.5600014,0.1887640
39.5700035,0.1932639
39.5800018,0.1994367
39.5900002,0.1864600
39.6000023,0.1736071
39.6100006,0.1574722
39.6200027,0.1623600
39.6300011,0.1869886
39.6400032,0.1566539
39.6500015,0.1430524
39.6600037,0.1425759
39.6700020,0.1551144
39.6800003,0.1699800
39.6900024,0.1415520
39.7000008,0.1625775
39.7100029,0.1726580
39.7200012,0.1552967
39.7300034,0.1415186
39.7400017,0.1411215
39.7500000,0.1676316
39.7600021,0.1523807
39.7700005,0.1497540
39.7800026,0.1530109
39.7900009,0.1427869
39.8000031,0.1685832
39.8100014,0.1402189
39.8200035,0.1557492
39.8300018,0.1615990
39.8400002,0.1752507
39.8500023,0.1761971
39.8600006,0.1565620
39.8700027,0.1493177
39.8800011,0.1484163
39.8900032,0.1339617
39.9000015,0.1418123
39.9100037,0.1703300
39.9200020,0.2010785
39.9300003,0.1629586
39.9400024,0.1734712
39.9500008,0.1770953
39.9600029,0.1578643
39.9700012,0.1602923
39.9800034,0.1489150
39.9900017,0.1871329
40.0000000,0.1969983
40.0100021,0.1747611
40.0200005,0.1542981
40.0300026,0.1625603
40.0400009,0.1248267
40.0500031,0.1420995
40.0600014,0.1350607
40.0700035,0.1320079
40.0800018,0.1264049
40.0900002,0.1165685
40.1000023,0.1292060
40.1100006,0.1198389
40.1200027,0.1159553
40.1300011,0.1332405
40.1400032,0.1518694
40.1500015,0.1434330
40.1600037,0.1302634
40.1700020,0.1266374
40.1800003,0.1566198
40.1900024,0.1452484
40.2000008,0.1526590
40.2100029,0.1432332
40.2200012,0.1407766
40.2300034,0.1411500
40.2400017,0.1649567
40.2500038,0.1469085
40.2600021,0.1361423
40.2700005,0.1588828
40.2800026,0.1469199
40.2900009,0.1585929
40.3000031,0.1508585
40.3100014,0.1520355
40.3200035,0.1565306
40.3300018,0.1534752
40.3400002,0.1302290
40.3500023,0.1539756
40.3600006,0.1345973
40.3700027,0.1395785
40.3800011,0.1372691
40.3900032,0.1476708
40.4000015,0.1665698
40.4100037,0.1356453
40.4200020,0.1292313
40.4300003,0.1414187
40.4400024,0.1446019
40.4500008,0.1398942
40.4600029,0.1395421
40.4700012,0.1329208
40.4800034,0.1421378
40.4900017,0.1348271
40.5000038,0.1479843
40.5100021,0.1357227
40.5200005,0.1402067
40.5300026,0.1337585
40.5400009,0.1324084
40.5500031,0.1407453
40.5600014,0.1491319
40.5700035,0.1566226
40.5800018,0.1508665
40.5900002,0.1675522
40.6000023,0.1632802
40.6100006,0.1506014
40.6200027,0.1385662
40.6300011,0.1533706
40.6400032,0.1395777
40.6500015,0.1359687
40.6600037,0.1479737
40.6700020,0.1449155
40.6800003,0.1446425
40.6900024,0.1373534
40.7000008,0.1419201
40.7100029,0.1542232
40.7200012,0.1511463
40.7300034,0.1404535
40.7400017,0.1480969
40.7500038,0.1331686
40.7600021,0.1552244
40.7700005,0.1479342
40.7800026,0.1471574
40.7900009,0.1313632
40.8000031,0.1410495
40.8100014,0.1549489
40.8200035,0.1382695
40.8300018,0.1447942
40.8400002,0.1460219
40.8500023,0.1469157
40.8600006,0.1422545
40.8700027,0.1373336
40.8800011,0.1376146
40.8900032,0.1425215
40.9000015,0.1550404
40.9100037,0.1515064
40.9200020,0.1431017
40.9300003,0.1359321
40.9400024,0.1425838
40.9500008,0.1511826
40.9600029,0.1390810
40.9700012,0.1476634
40.9800034,0.1572334
40.9900017,0.1612440
41.0000038,0.1638226
41.0100021,0.1456036
41.0200005,0.1350764
41.0300026,0.1453391
41.0400009,0.1283913
41.0500031,0.1402903
41.0600014,0.1424716
41.0700035,0.1448321
41.0800018,0.1362770
41.0900002,0.1402241
41.1000023,0.1359213
41.1100006,0.1318102
41.1200027,0.1368282
41.1300011,0.1340266
41.1400032,0.1287103
41.1500015,0.1302158
41.1600037,0.1253911
41.1700020,0.1323260
41.1800003,0.1363529
41.1900024,0.1507510
41.2000008,0.1490283
41.2100029,0.1432902
41.2200012,0.1438637
41.2300034,0.1395381
41.2400017,0.1248006
41.2500038,0.1410533
41.2600021,0.1357901
41.2700005,0.1560432
41.2800026,0.1494041
41.2900009,0.1440502
41.3000031,0.1527156
41.3100014,0.1581586
41.3200035,0.1630823
41.3300018,0.1641829
41.3400002,0.1635298
41.3500023,0.1451567
41.3600006,0.1464725
41.3700027,0.1561127
41.3800011,0.1717036
41.3900032,0.1472161
41.4000015,0.1533901
41.4100037,0.1512486
41.4200020,0.1483662
41.4300003,0.1623102
41.4400024,0.1649611
41.4500008,0.1425026
41.4600029,0.1668928
41.4700012,0.1554481
41.4800034,0.1594844
41.4900017,0.1580803
41.5000038,0.1561073
41.5100021,0.1535577
41.5200005,0.1575044
41.5300026,0.1622701
41.5400009,0.1733905
41.5500031,0.1630158
41.5600014,0.1717362
41.5700035,0.1569284
41.5800018,0.1735739
41.5900002,0.1649795
41.6000023,0.1631811
41.6100006,0.1620201
41.6200027,0.1723724
41.6300011,0.1706444
41.6400032,0.1723817
41.6500015,0.1672518
41.6600037,0.1543071
41.6700020,0.1631855
41.6800003,0.1580546
41.6900024,0.1542788
41.7000008,0.1480874
41.7100029,0.1476412
41.7200012,0.1580261
41.7300034,0.1587708
41.7400017,0.1567668
41.7500038,0.1345491
41.7600021,0.1498086
41.7700005,0.1553940
41.7800026,0.1627363
41.7900009,0.1564349
41.8000031,0.1490939
41.8100014,0.1479299
41.8200035,0.1663149
41.8300018,0.1405680
41.8400002,0.1519096
41.8500023,0.1510624
41.8600006,0.1420973
41.8700027,0.1415022
41.8800011,0.1539273
41.8900032,0.1379829
41.9000015,0.1402591
41.9100037,0.1560863
41.9200020,0.1550157
41.9300003,0.1565858
41.9400024,0.1563126
41.9500008,0.1676513
41.9600029,0.1731096
41.9700012,0.1610207
41.9800034,0.1565642
41.9900017,0.1495681
42.0000038,0.1551062
42.0100021,0.1696876
42.0200005,0.1523723
42.0300026,0.1630787
42.0400009,0.1661320
42.0500031,0.1609919
42.0600014,0.1797401
42.0700035,0.1784835
42.0800018,0.1696669
42.0900002,0.1676982
42.1000023,0.1734788
42.1100006,0.1749566
42.1200027,0.1655940
42.1300011,0.1701236
42.1400032,0.1718872
42.1500015,0.1627600
42.1600037,0.1611269
42.1700020,0.1753673
42.1800003,0.1723447
42.1900024,0.1494668
42.2000008,0.1699500
42.2100029,0.1713951
42.2200012,0.1595143
42.2300034,0.1598974
42.2400017,0.1556169
42.2500038,0.1469994
42.2600021,0.1553945
42.2700005,0.1706658
42.2800026,0.1596039
42.2900009,0.1430120
42.3000031,0.1470809
42.3100014,0.1430949
42.3200035,0.1657237
42.3300018,0.1638822
42.3400002,0.1643362
42.3500023,0.1544542
42.3600006,0.1583066
42.3700027,0.1510003
42.3800011,0.1518404
42.3900032,0.1694478
42.4000015,0.1509397
42.4100037,0.1593975
42.4200020,0.1592629
42.4300003,0.1667445
42.4400024,0.1659786
42.4500008,0.1705427
42.4600029,0.1695411
42.4700012,0.1772004
42.4800034,0.1781093
42.4900017,0.1708887
42.5000038,0.1630588
42.5100021,0.1659346
42.5200005,0.1647771
42.5300026,0.1554689
42.5400009,0.1651449
42.5500031,0.1641696
42.5600014,0.1588633
42.5700035,0.1754856
42.5800018,0.1675018
42.5900002,0.1560027
42.6000023,0.1584530
42.6100006,0.1627342
42.6200027,0.1469380
42.6300011,0.1445344
42.6400032,0.1484517
42.6500015,0.1588673
42.6600037,0.1556122
42.6700020,0.1640398
42.6800003,0.1507007
42.6900024,0.1546076
42.7000008,0.1484551
42.7100029,0.1499269
42.7200012,0.1433799
42.7300034,0.1440740
42.7400017,0.1393776
42.7500038,0.1519217
42.7600021,0.1551997
42.7700005,0.1495598
42.7800026,0.1509193
42.7900009,0.1558566
42.8000031,0.1426837
42.8100014,0.1343817
42.8200035,0.1480429
42.8300018,0.1468540
42.8400002,0.1291624
42.8500023,0.1498892
42.8600006,0.1410408
42.8700027,0.1428901
42.8800011,0.1520174
42.8900032,0.1685559
42.9000015,0.1625827
42.9100037,0.1534606
42.9200020,0.1504317
42.9300003,0.1560810
42.9400024,0.1495878
42.9500008,0.1558184
42.9600029,0.1613700
42.9700012,0.1623972
42.9800034,0.1670648
42.9900017,0.1904870
43.0000038,0.1805347
43.0100021,0.1860666
43.0200005,0.1895175
43.0300026,0.1910400
43.0400009,0.1921324
43.0500031,0.1743017
43.0600014,0.1592155
43.0700035,0.1774603
43.0800018,0.1707828
43.0900002,0.1823103
43.1000023,0.1792195
43.1100006,0.1915216
43.1200027,0.1819517
43.1300011,0.1642284
43.1400032,0.1604491
43.1500015,0.1635358
43.1600037,0.1920054
43.1700020,0.1854238
43.1800003,0.1622728
43.1900024,0.1689783
43.2000008,0.1720184
43.2100029,0.1675782
43.2200012,0.1602488
43.2300034,0.1518254
43.2400017,0.1541631
43.2500038,0.1666242
43.2600021,0.1598939
43.2700005,0.1597078
43.2800026,0.1520534
43.2900009,0.1501347
43.3000031,0.1627109
43.3100014,0.1524760
43.3200035,0.1585924
43.3300018,0.1529069
43.3400002,0.1525342
43.3500023,0.1548878
43.3600006,0.1671723
43.3700027,0.1593591
43.3800011,0.1615566
43.3900032,0.1579700
43.4000015,0.1597786
43.4100037,0.1635481
43.4200020,0.1584605
43.4300003,0.1541630
43.4400024,0.1669785
43.4500008,0.1563098
43.4600029,0.1629067
43.4700012,0.1555485
43.4800034,0.1596663
43.4900017,0.1629937
43.5000038,0.1586519
43.5100021,0.1631183
43.5200005,0.1760023
43.5300026,0.1613098
43.5400009,0.1674217
43.5500031,0.1679694
43.5600014,0.1667638
43.5700035,0.1554481
43.5800018,0.1593598
43.5900040,0.1568068
43.6000023,0.1597726
43.6100006,0.1660293
43.6200027,0.1701833
43.6300011,0.1546366
43.6400032,0.1527250
43.6500015,0.1692887
43.6600037,0.1557396
43.6700020,0.1645793
43.6800003,0.1583243
43.6900024,0.1541839
43.7000008,0.1594328
43.7100029,0.1601830
43.7200012,0.1454900
43.7300034,0.1517713
43.7400017,0.1635262
43.7500038,0.1686698
43.7600021,0.1672217
43.7700005,0.1672257
43.7800026,0.1566397
43.7900009,0.1538966
43.8000031,0.1555894
43.8100014,0.1637140
43.8200035,0.1542826
43.8300018,0.1558406
43.8400040,0.1698977
43.8500023,0.1589173
43.8600006,0.1619584
43.8700027,0.1440639
43.8800011,0.1542030
43.8900032,0.1558449
43.9000015,0.1633579
43.9100037,0.1674797
43.9200020,0.1594635
43.9300003,0.1832236
43.9400024,0.1722044
43.9500008,0.1785080
43.9600029,0.1481687
43.9700012,0.1534267
43.9800034,0.1617428
43.9900017,0.1589128
44.0000038,0.1468140
44.0100021,0.1542516
44.0200005,0.1660902
44.0300026,0.1501012
44.0400009,0.1579404
44.0500031,0.1558582
44.0600014,0.1506280
44.0700035,0.1540470
44.0800018,0.1647739
44.0900040,0.1628801
44.1000023,0.1493974
44.1100006,0.1630198
44.1200027,0.1592620
44.1300011,0.1540274
44.1400032,0.1598358
44.1500015,0.1552128
44.1600037,0.1705258
44.1700020,0.1431598
44.1800003,0.1363818
44.1900024,0.1442227
44.2000008,0.1482046
44.2100029,0.1452333
44.2200012,0.1506000
44.2300034,0.1581664
44.2400017,0.1647455
44.2500038,0.1475882
44.2600021,0.1579988
44.2700005,0.1516431
44.2800026,0.1385018
44.2900009,0.1451695
44.3000031,0.1433851
44.3100014,0.1352095
44.3200035,0.1487503
44.3300018,0.1495630
44.3400040,0.1455724
44.3500023,0.1332122
44.3600006,0.1366733
44.3700027,0.1364152
44.3800011,0.1420923
44.3900032,0.1588613
44.4000015,0.1393881
44.4100037,0.1343671
44.4200020,0.1384515
44.4300003,0.1383388
44.4400024,0.1430915
44.4500008,0.1578180
44.4600029,0.1552517
44.4700012,0.1609208
44.4800034,0.1518051
44.4900017,0.1426802
44.5000038,0.1531397
44.5100021,0.1493162
44.5200005,0.1321061
44.5300026,0.1476429
44.5400009,0.1470567
44.5500031,0.1437355
44.5600014,0.1478559
44.5700035,0.1459907
44.5800018,0.1527574
44.5900040,0.1544926
44.6000023,0.1604395
44.6100006,0.1641625
44.6200027,0.1412783
44.6300011,0.1595417
44.6400032,0.1460132
44.6500015,0.1386348
44.6600037,0.1512502
44.6700020,0.1472541
44.6800003,0.1322862
44.6900024,0.1363489
44.7000008,0.1292613
44.7100029,0.1413206
44.7200012,0.1457837
44.7300034,0.1605503
44.7400017,0.1518192
44.7500038,0.1387325
44.7600021,0.1357740
44.7700005,0.1328769
44.7800026,0.1427665
44.7900009,0.1336587
44.8000031,0.1423553
44.8100014,0.1343977
44.8200035,0.1386727
44.8300018,0.1411980
44.8400040,0.1493316
44.8500023,0.1450421
44.8600006,0.1454015
44.8700027,0.1492027
44.8800011,0.1548699
44.8900032,0.1599555
44.9000015,0.1522699
44.9100037,0.1719397
44.9200020,0.1713976
44.9300003,0.1671291
44.9400024,0.1447412
44.9500008,0.1473418
44.9600029,0.1360409
44.9700012,0.1413034
44.9800034,0.1559397
44.9900017,0.1601873
45.0000038,0.1683600
45.0100021,0.1519515
45.0200005,0.1659869
45.0300026,0.1653860
45.0400009,0.1479737
45.0500031,0.1549036
45.0600014,0.1526551
45.0700035,0.1572159
45.0800018,0.1534277
45.0900040,0.1593737
45.1000023,0.1611580
45.1100006,0.1528115
45.1200027,0.1614006
45.1300011,0.1553905
45.1400032,0.1798775
45.1500015,0.1523775
45.1600037,0.1607337
45.1700020,0.1567666
45.1800003,0.1550370
45.1900024,0.1503585
45.2000008,0.1611359
45.2100029,0.1583720
45.2200012,0.1568446
45.2300034,0.1518079
45.2400017,0.1539879
45.2500038,0.1675134
45.2600021,0.1545584
45.2700005,0.1611988
45.2800026,0.1538765
45.2900009,0.1658366
45.3000031,0.1721353
45.3100014,0.1669085
45.3200035,0.1754392
45.3300018,0.1675439
45.3400040,0.1654210
45.3500023,0.1659006
45.3600006,0.1827986
45.3700027,0.1567391
45.3800011,0.1511808
45.3900032,0.1700448
45.4000015,0.1544990
45.4100037,0.1520996
45.4200020,0.1665678
45.4300003,0.1590044
45.4400024,0.1694459
45.4500008,0.1775458
45.4600029,0.1589658
45.4700012,0.1507939
45.4800034,0.1526163
45.4900017,0.1518406
45.5000038,0.1526576
45.5100021,0.1649823
45.5200005,0.1590815
45.5300026,0.1694098
45.5400009,0.1709371
45.5500031,0.1609794
45.5600014,0.1509650
45.5700035,0.1576559
45.5800018,0.1557018
45.5900040,0.1562545
45.6000023,0.1482451
45.6100006,0.1502357
45.6200027,0.1686983
45.6300011,0.1596624
45.6400032,0.1463795
45.6500015,0.1514605
45.6600037,0.1586264
45.6700020,0.1600694
45.6800003,0.1498235
45.6900024,0.1479413
45.7000008,0.1620296
45.7100029,0.1660055
45.7200012,0.1627039
45.7300034,0.1531484
45.7400017,0.1548851
45.7500038,0.1612556
45.7600021,0.1589513
45.7700005,0.1597486
45.7800026,0.1858847
45.7900009,0.1761332
45.8000031,0.1722045
45.8100014,0.1793144
45.8200035,0.1785918
45.8300018,0.1734873
45.8400040,0.1725495
45.8500023,0.1564173
45.8600006,0.1564075
45.8700027,0.1550037
45.8800011,0.1428832
45.8900032,0.1413337
45.9000015,0.1473932
45.9100037,0.1520485
45.9200020,0.1481668
45.9300003,0.1606355
45.9400024,0.1384900
45.9500008,0.1415618
45.9600029,0.1414798
45.9700012,0.1439971
45.9800034,0.1525284
45.9900017,0.1417226
46.0000038,0.1463641
46.0100021,0.1484432
46.0200005,0.1422762
46.0300026,0.1431496
46.0400009,0.1487681
46.0500031,0.1444052
46.0600014,0.1449669
46.0700035,0.1307929
46.0800018,0.1483470
46.0900040,0.1428699
46.1000023,0.1504259
46.1100006,0.1310496
46.1200027,0.1465750
46.1300011,0.1302810
46.1400032,0.1298347
46.1500015,0.1481610
46.1600037,0.1395030
46.1700020,0.1400486
46.1800003,0.1328384
46.1900024,0.1493131
46.2000008,0.1424373
46.2100029,0.1357360
46.2200012,0.1246419
46.2300034,0.1368535
46.2400017,0.1499488
46.2500038,0.1377393
46.2600021,0.1348500
46.2700005,0.1403047
46.2800026,0.1383690
46.2900009,0.1445196
46.3000031,0.1510163
46.3100014,0.1489454
46.3200035,0.1512150
46.3300018,0.1560228
46.3400040,0.1598215
46.3500023,0.1621786
46.3600006,0.1585117
46.3700027,0.1589142
46.3800011,0.1578402
46.3900032,0.1491461
46.4000015,0.1497524
46.4100037,0.1493353
46.4200020,0.1448169
46.4300003,0.1597607
46.4400024,0.1464314
46.4500008,0.1626571
46.4600029,0.1567866
46.4700012,0.1508141
46.4800034,0.1594997
46.4900017,0.1452605
46.5000038,0.1446259
46.5100021,0.1598336
46.5200005,0.1798191
46.5300026,0.1616925
46.5400009,0.1570701
46.5500031,0.1661151
46.5600014,0.1629894
46.5700035,0.1573548
46.5800018,0.1550157
46.5900040,0.1533522
46.6000023,0.1573965
46.6100006,0.1590977
46.6200027,0.1526976
46.6300011,0.1531638
46.6400032,0.1557972
46.6500015,0.1514763
46.6600037,0.1617852
46.6700020,0.1533049
46.6800041,0.1513478
46.6900024,0.1584518
46.7000008,0.1690539
46.7100029,0.1555804
46.7200012,0.1752329
46.7300034,0.1807798
46.7400017,0.1746585
46.7500038,0.1805008
46.7600021,0.1843389
46.7700005,0.1919397
46.7800026,0.1665000
46.7900009,0.1609926
46.8000031,0.1687902
46.8100014,0.1604807
46.8200035,0.1699123
46.8300018,0.1721757
46.8400040,0.1732537
46.8500023,0.1648031
46.8600006,0.1582739
46.8700027,0.1559622
46.8800011,0.1765465
46.8900032,0.1528737
46.9000015,0.1577552
46.9100037,0.1706495
46.9200020,0.1571238
46.9300041,0.1573461
46.9400024,0.1616864
46.9500008,0.1712965
46.9600029,0.1593475
46.9700012,0.1665193
46.9800034,0.1548509
46.9900017,0.1547364
47.0000038,0.1580778
47.0100021,0.1544593
47.0200005,0.1393581
47.0300026,0.1453036
47.0400009,0.1553861
47.0500031,0.1528554
47.0600014,0.1498255
47.0700035,0.1484077
47.0800018,0.1432424
47.0900040,0.1471599
47.1000023,0.1541009
47.1100006,0.1570527
47.1200027,0.1625072
47.1300011,0.1621997
47.1400032,0.1748792
47.1500015,0.1723761
47.1600037,0.1712558
47.1700020,0.1679685
47.1800041,0.1656600
47.1900024,0.1760763
47.2000008,0.1696090
47.2100029,0.1666185
47.2200012,0.1606518
47.2300034,0.1596835
47.2400017,0.1632514
47.2500038,0.1688206
47.2600021,0.1693735
47.2700005,0.1791608
47.2800026,0.1751919
47.2900009,0.1707605
47.3000031,0.1869464
47.3100014,0.1606300
47.3200035,0.1715668
47.3300018,0.1678869
47.3400040,0.1554247
47.3500023,0.1638335
47.3600006,0.1625273
47.3700027,0.1609996
47.3800011,0.1594324
47.3900032,0.1763076
47.4000015,0.1596763
47.4100037,0.1556228
47.4200020,0.1483507
47.4300041,0.1561078
47.4400024,0.1600957
47.4500008,0.1556113
47.4600029,0.1556900
47.4700012,0.1514467
47.4800034,0.1537901
47.4900017,0.1651059
47.5000038,0.1676574
47.5100021,0.1581673
47.5200005,0.1609248
47.5300026,0.1595009
47.5400009,0.1762232
47.5500031,0.1684072
47.5600014,0.1665800
47.5700035,0.1671255
47.5800018,0.1636499
47.5900040,0.1736265
47.6000023,0.1887408
47.6100006,0.1578562
47.6200027,0.1667460
47.6300011,0.1870760
47.6400032,0.1664541
47.6500015,0.1844638
47.6600037,0.1815259
47.6700020,0.1780098
47.6800041,0.1815627
47.6900024,0.1786813
47.7000008,0.1762974
47.7100029,0.1682229
47.7200012,0.1586736
47.7300034,0.1570601
47.7400017,0.1569608
47.7500038,0.1551894
47.7600021,0.1670929
47.7700005,0.1725765
47.7800026,0.1585170
47.7900009,0.1734941
47.8000031,0.1757760
47.8100014,0.1710480
47.8200035,0.1710829
47.8300018,0.1850202
47.8400040,0.1669179
47.8500023,0.1692541
47.8600006,0.1873256
47.8700027,0.1826709
47.8800011,0.1539203
47.8900032,0.1591331
47.9000015,0.1700346
47.9100037,0.1566242
47.9200020,0.1707871
47.9300041,0.1788677
47.9400024,0.1580385
47.9500008,0.1652576
47.9600029,0.1685517
47.9700012,0.1692325
47.9800034,0.1531359
47.9900017,0.1563341
48.0000038,0.1791852
48.0100021,0.1707536
48.0200005,0.1511862
48.0300026,0.1674890
48.0400009,0.1661114
48.0500031,0.1720681
48.0600014,0.1785722
48.0700035,0.1753510
48.0800018,0.1625166
48.0900040,0.1723605
48.1000023,0.1804398
48.1100006,0.1607619
48.1200027,0.1531982
48.1300011,0.1595906
48.1400032,0.1599541
48.1500015,0.1718712
48.1600037,0.1583192
48.1700020,0.1578665
48.1800041,0.1563788
48.1900024,0.1560022
48.2000008,0.1588280
48.2100029,0.1603379
48.2200012,0.1681270
48.2300034,0.1564424
48.2400017,0.1640245
48.2500038,0.1668120
48.2600021,0.1768379
48.2700005,0.1581228
48.2800026,0.1554002
48.2900009,0.1611973
48.3000031,0.1545832
48.3100014,0.1588241
48.3200035,0.1721610
48.3300018,0.1651272
48.3400040,0.1732492
48.3500023,0.1675176
48.3600006,0.1802196
48.3700027,0.1695050
48.3800011,0.1675702
48.3900032,0.1741663
48.4000015,0.1595627
48.4100037,0.1533392
48.4200020,0.1546165
48.4300041,0.1665049
48.4400024,0.1498831
48.4500008,0.1496812
48.4600029,0.1605253
48.4700012,0.1502697
48.4800034,0.1653732
48.4900017,0.1563368
48.5000038,0.1691317
48.5100021,0.1671826
48.5200005,0.1688562
48.5300026,0.1625352
48.5400009,0.1662405
48.5500031,0.1708780
48.5600014,0.1807655
48.5700035,0.1713315
48.5800018,0.1760836
48.5900040,0.1721740
48.6000023,0.1889227
48.6100006,0.1671323
48.6200027,0.1679083
48.6300011,0.1622668
48.6400032,0.1685042
48.6500015,0.1683444
48.6600037,0.1665040
48.6700020,0.1730671
48.6800041,0.1691977
48.6900024,0.1662670
48.7000008,0.1569786
48.7100029,0.1743155
48.7200012,0.1693687
48.7300034,0.1682312
48.7400017,0.1645655
48.7500038,0.1763665
48.7600021,0.1742398
48.7700005,0.1540934
48.7800026,0.1655955
48.7900009,0.1631872
48.8000031,0.1616844
48.8100014,0.1645664
48.8200035,0.1709411
48.8300018,0.1760635
48.8400040,0.1583659
48.8500023,0.1559215
48.8600006,0.1770178
48.8700027,0.1740388
48.8800011,0.1663210
48.8900032,0.1662937
48.9000015,0.1559658
48.9100037,0.1698272
48.9200020,0.1596245
48.9300041,0.1624516
48.9400024,0.1560939
48.9500008,0.1668400
48.9600029,0.1596897
48.9700012,0.1581881
48.9800034,0.1718569
48.9900017,0.1490279
49.0000038,0.1508141
49.0100021,0.1500701
49.0200005,0.1497966
49.0300026,0.1540650
49.0400009,0.1612535
49.0500031,0.1556116
49.0600014,0.1471972
49.0700035,0.1480053
49.0800018,0.1520941
49.0900040,0.1548067
49.1000023,0.1578790
49.1100006,0.1544144
49.1200027,0.1499913
49.1300011,0.1471908
49.1400032,0.1675324
49.1500015,0.1651135
49.1600037,0.1602103
49.1700020,0.1432310
49.1800041,0.1415244
49.1900024,0.1486141
49.2000008,0.1416840
49.2100029,0.1481555
49.2200012,0.1405248
49.2300034,0.1320221
49.2400017,0.1413219
49.2500038,0.1503015
49.2600021,0.1409474
49.2700005,0.1465762
49.2800026,0.1456039
49.2900009,0.1509511
49.3000031,0.1445991
49.3100014,0.1506958
49.3200035,0.1461182
49.3300018,0.1499107
49.3400040,0.1432316
49.3500023,0.1570557
49.3600006,0.1649393
49.3700027,0.1566505
49.3800011,0.1532461
49.3900032,0.1690928
49.4000015,0.1580496
49.4100037,0.1663298
49.4200020,0.1729420
49.4300041,0.1780477
49.4400024,0.1692489
49.4500008,0.1599350
49.4600029,0.1625154
49.4700012,0.1528635
49.4800034,0.1618224
49.4900017,0.1563740
49.5000038,0.1576710
49.5100021,0.1681891
49.5200005,0.1706283
49.5300026,0.1614311
49.5400009,0.1594919
49.5500031,0.1598207
49.5600014,0.1705805
49.5700035,0.1496949
49.5800018,0.1420763
49.5900040,0.1600466
49.6000023,0.1580874
49.6100006,0.1607437
49.6200027,0.1462239
49.6300011,0.1419061
49.6400032,0.1529036
49.6500015,0.1493837
49.6600037,0.1526700
49.6700020,0.1526957
49.6800041,0.1478633
49.6900024,0.1685569
49.7000008,0.1653018
49.7100029,0.1504609
49.7200012,0.1648664
49.7300034,0.1563208
49.7400017,0.1728034
49.7500038,0.1543671
49.7600021,0.1748020
49.7700005,0.1594111
49.7800026,0.1610014
49.7900009,0.1578048
49.8000031,0.1641305
49.8100014,0.1570235
49.8200035,0.1772564
49.8300018,0.1841128
49.8400040,0.1747793
49.8500023,0.1924135
49.8600006,0.1832810
49.8700027,0.1739095
49.8800011,0.1729405
49.8900032,0.1499644
49.9000015,0.1752742
49.9100037,0.1624936
49.9200020,0.1772445
49.9300041,0.1648770
49.9400024,0.1770599
49.9500008,0.1592664
49.9600029,0.1515210
49.9700012,0.1525156
49.9800034,0.1580071
49.9900017,0.1619592
50.0000038,0.1638775
