0.0000000,0.0000003
0.0100000,0.1155189
0.0200000,0.1655439
0.0300000,0.1510134
0.0400000,0.1291048
0.0500000,0.1267904
0.0600000,0.1636239
0.0700000,0.2285051
0.0800000,0.2275002
0.0900000,0.2579169
0.1000000,0.2821551
0.1100000,0.2266792
0.1200000,0.2418727
0.1300000,0.2515068
0.1400000,0.2058105
0.1500000,0.1583319
0.1600000,0.2069072
0.1700000,0.2087874
0.1800000,0.2008387
0.1900000,0.2236563
0.2000000,0.2132009
0.2100000,0.1912754
0.2200000,0.2364785
0.2300000,0.2449009
0.2400000,0.2164121
0.2500000,0.2379168
0.2600000,0.2501847
0.2700000,0.2506027
0.2800000,0.2066530
0.2900000,0.1998741
0.3000000,0.2180939
0.3100000,0.2110563
0.3200000,0.2073573
0.3300000,0.2400097
0.3400000,0.2420139
0.3500000,0.2631831
0.3600000,0.2229280
0.3700000,0.2234475
0.3800000,0.2123692
0.3900000,0.2454198
0.4000000,0.2328877
0.4100000,0.2492167
0.4200000,0.2538142
0.4300000,0.2600878
0.4400000,0.2364538
0.4500000,0.2089761
0.4600000,0.2477686
0.4700000,0.2298713
0.4800000,0.2560873
0.4900000,0.2509001
0.5000000,0.2372407
0.5100001,0.2142157
0.5200000,0.2622510
0.5300000,0.2400536
0.5400000,0.2416853
0.5500000,0.2396409
0.5600000,0.2170060
0.5700001,0.2464348
0.5800000,0.2512111
0.5900000,0.2301865
0.6000000,0.2565417
0.6100000,0.2553470
0.6200000,0.2419506
0.6300001,0.2402386
0.6400000,0.2159414
0.6500000,0.2460617
0.6600000,0.2371149
0.6700000,0.2371035
0.6800000,0.2293779
0.6900001,0.2524780
0.7000000,0.2903704
0.7100000,0.2699637
0.7200000,0.2472611
0.7300000,0.2955153
0.7400000,0.2997847
0.7500001,0.3252459
0.7600001,0.3589277
0.7700000,0.3565620
0.7800000,0.3596184
0.7900000,0.3430900
0.8000000,0.3681436
0.8100001,0.3786089
0.8200001,0.3768926
0.8300000,0.3858058
0.8400000,0.4026591
0.8500000,0.3467480
0.8600000,0.3741929
0.8700001,0.3626390
0.8800001,0.3827828
0.8900000,0.3732852
0.9000000,0.3801483
0.9100000,0.3620372
0.9200000,0.3777937
0.9300001,0.3530726
0.9400001,0.3675659
0.9500000,0.3606617
0.9600000,0.3909429
0.9700000,0.3503550
0.9800000,0.3483870
0.9900001,0.3418951
1.0000000,0.3498399
1.0100000,0.3757853
1.0200001,0.3578865
1.0300001,0.3512047
1.0400001,0.3864258
1.0500001,0.3733840
1.0600001,0.3275843
1.0700001,0.3386717
1.0800000,0.3462283
1.0900000,0.3247406
1.1000000,0.3162318
1.1100000,0.3013572
1.1200000,0.3107260
1.1300000,0.3051285
1.1400001,0.2801723
1.1500001,0.3116078
1.1600001,0.3130738
1.1700001,0.3182414
1.1800001,0.3514525
1.1900001,0.3877698
1.2000000,0.3725450
1.2100000,0.3844660
1.2200000,0.4181993
1.2300000,0.3768174
1.2400000,0.3508427
1.2500000,0.3694062
1.2600001,0.3873132
1.2700001,0.3741623
1.2800001,0.3495930
1.2900001,0.3529781
1.3000001,0.3425994
1.3100001,0.3231521
1.3200001,0.3584671
1.3300000,0.3610159
1.3400000,0.3107839
1.3500000,0.3701623
1.3600000,0.3644326
1.3700001,0.3339671
1.3800001,0.3428904
1.3900001,0.3469119
1.4000001,0.3090644
1.4100001,0.3240948
1.4200001,0.3404730
1.4300001,0.2664308
1.4400001,0.2878370
1.4500000,0.2535977
1.4600000,0.2421704
1.4700000,0.2344992
1.4800000,0.2340913
1.4900001,0.2373547
1.5000001,0.2230897
1.5100001,0.2133329
1.5200001,0.2534491
1.5300001,0.2536978
1.5400001,0.2520407
1.5500001,0.2620102
1.5600001,0.3575611
1.5700001,0.3211358
1.5800000,0.3135284
1.5900000,0.2752824
1.6000000,0.2479655
1.6100001,0.2541681
1.6200001,0.2506360
1.6300001,0.2636969
1.6400001,0.2937219
1.6500001,0.2994842
1.6600001,0.2838228
1.6700001,0.3003947
1.6800001,0.3148854
1.6900001,0.3093507
1.7000000,0.3356235
1.7100000,0.3141946
1.7200000,0.3290619
1.7300001,0.3137799
1.7400001,0.2722640
1.7500001,0.2578566
1.7600001,0.2650444
1.7700001,0.2554692
1.7800001,0.2550913
1.7900001,0.2346307
1.8000001,0.2415861
1.8100001,0.3047785
1.8200001,0.3331832
1.8300000,0.3219948
1.8400000,0.3775759
1.8500001,0.3658141
1.8600001,0.3591103
1.8700001,0.3396672
1.8800001,0.3169673
1.8900001,0.2866442
1.9000001,0.3141519
1.9100001,0.2973951
1.9200001,0.3244576
1.9300001,0.3200659
1.9400001,0.3183766
1.9500000,0.3366232
1.9600000,0.3419079
1.9700001,0.3239269
1.9800001,0.3317405
1.9900001,0.3821772
2.0000000,0.3832177
2.0100000,0.3844558
2.0200000,0.3859921
2.0300002,0.3912672
2.0400002,0.3758494
2.0500002,0.3757790
2.0600002,0.3862289
2.0700002,0.3862055
2.0800002,0.3658070
2.0900002,0.3525421
2.1000001,0.3923395
2.1100001,0.3551596
2.1200001,0.3475844
2.1300001,0.3274365
2.1400001,0.3309096
2.1500001,0.3538623
2.1600001,0.3779404
2.1700001,0.3823859
2.1800001,0.3375464
2.1900001,0.3587244
2.2000000,0.3679042
2.2100000,0.3583673
2.2200000,0.3502520
2.2300000,0.3771702
2.2400000,0.3240027
2.2500000,0.3449557
2.2600000,0.3128559
2.2700002,0.3170284
2.2800002,0.3169641
2.2900002,0.3186479
2.3000002,0.3106634
2.3100002,0.2969365
2.3200002,0.2947022
2.3300002,0.2767815
2.3400002,0.3044980
2.3500001,0.3068801
2.3600001,0.3110990
2.3700001,0.3383941
2.3800001,0.3478230
2.3900001,0.3407102
2.4000001,0.3708327
2.4100001,0.3439040
2.4200001,0.3895288
2.4300001,0.3496383
2.4400001,0.4033323
2.4500000,0.3631076
2.4600000,0.3540720
2.4700000,0.3533141
2.4800000,0.3322944
2.4900000,0.3473359
2.5000000,0.3738833
2.5100002,0.3534845
2.5200002,0.3283097
2.5300002,0.3363429
2.5400002,0.3396144
2.5500002,0.3506218
2.5600002,0.3326100
2.5700002,0.3456076
2.5800002,0.3553040
2.5900002,0.3604074
2.6000001,0.3647450
2.6100001,0.3622649
2.6200001,0.3620170
2.6300001,0.3892403
2.6400001,0.3679380
2.6500001,0.3329466
2.6600001,0.3727198
2.6700001,0.3849964
2.6800001,0.4027286
2.6900001,0.4099990
2.7000000,0.3629070
2.7100000,0.3388092
2.7200000,0.3598882
2.7300000,0.3522451
2.7400002,0.3618637
2.7500002,0.3383768
2.7600002,0.3287465
2.7700002,0.3092976
2.7800002,0.3214029
2.7900002,0.3266540
2.8000002,0.3985874
2.8100002,0.3789232
2.8200002,0.3126652
2.8300002,0.3333504
2.8400002,0.3481793
2.8500001,0.3721786
2.8600001,0.4488402
2.8700001,0.4048218
2.8800001,0.4051216
2.8900001,0.3976097
2.9000001,0.3951875
2.9100001,0.3486036
2.9200001,0.3746563
2.9300001,0.3675337
2.9400001,0.3859801
2.9500000,0.4377152
2.9600000,0.4001645
2.9700000,0.3681252
2.9800003,0.3702564
2.9900002,0.3661781
3.0000002,0.3977624
3.0100002,0.3689907
3.0200002,0.3521044
3.0300002,0.3653053
3.0400002,0.3576679
3.0500002,0.3680812
3.0600002,0.3592681
3.0700002,0.3719767
3.0800002,0.3761832
3.0900002,0.3575792
3.1000001,0.3797760
3.1100001,0.3860952
3.1200001,0.4137912
3.1300001,0.3399889
3.1400001,0.3666525
3.1500001,0.3695395
3.1600001,0.3345352
3.1700001,0.3696911
3.1800001,0.3883911
3.1900001,0.3625539
3.2000000,0.3653468
3.2100000,0.3892547
3.2200003,0.3497106
3.2300003,0.3597296
3.2400002,0.3747957
3.2500002,0.3413195
3.2600002,0.3630505
3.2700002,0.3775738
3.2800002,0.3789955
3.2900002,0.3852963
3.3000002,0.3842798
3.3100002,0.4096125
3.3200002,0.4041018
3.3300002,0.4085280
3.3400002,0.4089813
3.3500001,0.3920763
3.3600001,0.4292057
3.3700001,0.3844077
3.3800001,0.4107065
3.3900001,0.3746029
3.4000001,0.3912120
3.4100001,0.3786696
3.4200001,0.3910977
3.4300001,0.3750248
3.4400001,0.3852021
3.4500000,0.4091304
3.4600003,0.3785365
3.4700003,0.4294320
3.4800003,0.4593926
3.4900002,0.4475568
3.5000002,0.4442196
3.5100002,0.4684204
3.5200002,0.4661372
3.5300002,0.5205309
3.5400002,0.4725627
3.5500002,0.5062437
3.5600002,0.5118020
3.5700002,0.4194221
3.5800002,0.4534719
3.5900002,0.4898469
3.6000001,0.4881042
3.6100001,0.5001114
3.6200001,0.5065745
3.6300001,0.4789074
3.6400001,0.5233365
3.6500001,0.5090371
3.6600001,0.5594999
3.6700001,0.5530441
3.6800001,0.5189825
3.6900001,0.4911144
3.7000003,0.4750414
3.7100003,0.4918815
3.7200003,0.5019785
3.7300003,0.4849099
3.7400002,0.4904825
3.7500002,0.5208321
3.7600002,0.5043387
3.7700002,0.4691087
3.7800002,0.4575086
3.7900002,0.4349959
3.8000002,0.4343850
3.8100002,0.4299279
3.8200002,0.4022521
3.8300002,0.3672120
3.8400002,0.3881781
3.8500001,0.3896252
3.8600001,0.3544938
3.8700001,0.3364323
3.8800001,0.3451722
3.8900001,0.3330728
3.9000001,0.3176994
3.9100001,0.3500231
3.9200001,0.3583373
3.9300003,0.3659122
3.9400003,0.3663988
3.9500003,0.3911552
3.9600003,0.4099978
3.9700003,0.3767001
3.9800003,0.3530823
3.9900002,0.3432036
4.0000000,0.3355379
4.0100002,0.3254999
4.0200000,0.3764798
4.0300002,0.3293168
4.0400000,0.3513655
4.0500002,0.3352236
4.0600004,0.3623521
4.0700002,0.3585687
4.0800004,0.3625395
4.0900002,0.3781179
4.1000004,0.4170121
4.1100001,0.3613591
4.1200004,0.3847100
4.1300001,0.4048716
4.1400003,0.4631512
4.1500001,0.4651854
4.1600003,0.4359279
4.1700001,0.4461830
4.1800003,0.4417589
4.1900001,0.4307777
4.2000003,0.4245821
4.2100000,0.4290642
4.2200003,0.4552651
4.2300000,0.4449715
4.2400002,0.4302847
4.2500000,0.4224466
4.2600002,0.4590631
4.2700000,0.4566017
4.2800002,0.4593937
4.2900004,0.4896128
4.3000002,0.4653774
4.3100004,0.4425960
4.3200002,0.4709875
4.3300004,0.5485713
4.3400002,0.5499215
4.3500004,0.5639764
4.3600001,0.5635380
4.3700004,0.5528274
4.3800001,0.5301294
4.3900003,0.5353869
4.4000001,0.5276413
4.4100003,0.5413757
4.4200001,0.5202937
4.4300003,0.5079150
4.4400001,0.4919271
4.4500003,0.4824075
4.4600000,0.5295298
4.4700003,0.5184350
4.4800000,0.5675979
4.4900002,0.5849487
4.5000000,0.6072387
4.5100002,0.5857214
4.5200000,0.5336440
4.5300002,0.6256639
4.5400004,0.6332113
4.5500002,0.5956643
4.5600004,0.6537689
4.5700002,0.6538657
4.5800004,0.6448953
4.5900002,0.6127391
4.6000004,0.6003757
4.6100001,0.6332389
4.6200004,0.5850000
4.6300001,0.6150604
4.6400003,0.6506943
4.6500001,0.7315628
4.6600003,0.6966602
4.6700001,0.6789312
4.6800003,0.6289442
4.6900001,0.6138083
4.7000003,0.6098001
4.7100000,0.6177952
4.7200003,0.6072134
4.7300000,0.5688583
4.7400002,0.6280912
4.7500000,0.6464224
4.7600002,0.5792027
4.7700005,0.6608487
4.7800002,0.6750460
4.7900004,0.7262710
4.8000002,0.6436044
4.8100004,0.8049077
4.8200002,0.7828020
4.8300004,0.7513611
4.8400002,0.7373177
4.8500004,0.7051777
4.8600001,0.6724295
4.8700004,0.6529703
4.8800001,0.6929725
4.8900003,0.7101127
4.9000001,0.6420673
4.9100003,0.5944763
4.9200001,0.7166973
4.9300003,0.7484255
4.9400001,0.7418533
4.9500003,0.5927836
4.9600000,0.5792843
4.9700003,0.6713098
4.9800000,0.6961915
4.9900002,0.6543378
5.0000000,0.7155070
5.0100002,0.7036182
5.0200005,0.7016490
5.0300002,0.6614028
5.0400004,0.6320560
5.0500002,0.5790116
5.0600004,0.5778493
5.0700002,0.5059647
5.0800004,0.5288492
5.0900002,0.5076632
5.1000004,0.5492615
5.1100001,0.5397844
5.1200004,0.5158971
5.1300001,0.4725787
5.1400003,0.4726885
5.1500001,0.5107360
5.1600003,0.4889476
5.1700001,0.5015447
5.1800003,0.4951707
5.1900001,0.5277310
5.2000003,0.4781812
5.2100000,0.5301770
5.2200003,0.4242132
5.2300000,0.4355284
5.2400002,0.4392218
5.2500005,0.4557409
5.2600002,0.4711102
5.2700005,0.4917622
5.2800002,0.4555153
5.2900004,0.4906133
5.3000002,0.4927924
5.3100004,0.4517616
5.3200002,0.5445927
5.3300004,0.6250550
5.3400002,0.6063781
5.3500004,0.6548420
5.3600001,0.7486736
5.3700004,0.7820393
5.3800001,0.7342111
5.3900003,0.7286280
5.4000001,0.7858658
5.4100003,0.7655064
5.4200001,0.6833975
5.4300003,0.6565142
5.4400001,0.7061090
5.4500003,0.6156623
5.4600000,0.6966801
5.4700003,0.6180564
5.4800005,0.6387076
5.4900002,0.6884932
5.5000005,0.7493566
5.5100002,0.7604514
5.5200005,0.7840519
5.5300002,0.6987701
5.5400004,0.7997610
5.5500002,0.8015729
5.5600004,0.7824429
5.5700002,0.7858734
5.5800004,0.7668300
5.5900002,0.7407836
5.6000004,0.7527406
5.6100001,0.7328755
5.6200004,0.7007105
5.6300001,0.6436247
5.6400003,0.6582386
5.6500001,0.6845211
5.6600003,0.7119945
5.6700001,0.6817378
5.6800003,0.5477908
5.6900001,0.5430003
5.7000003,0.5498720
5.7100000,0.5484067
5.7200003,0.5722792
5.7300005,0.5304729
5.7400002,0.5343567
5.7500005,0.5184608
5.7600002,0.5011677
5.7700005,0.5017017
5.7800002,0.4551054
5.7900004,0.4232785
5.8000002,0.4191256
5.8100004,0.4170573
5.8200002,0.4114470
5.8300004,0.4134245
5.8400002,0.4472774
5.8500004,0.4525940
5.8600001,0.4702640
5.8700004,0.5066771
5.8800001,0.4616739
5.8900003,0.4443597
5.9000001,0.4234982
5.9100003,0.4450260
5.9200001,0.4240611
5.9300003,0.4980112
5.9400001,0.5101596
5.9500003,0.5469880
5.9600005,0.4802071
5.9700003,0.5039339
5.9800005,0.4584135
5.9900002,0.4531709
6.0000005,0.4438332
6.0100002,0.4277008
6.0200005,0.4245182
6.0300002,0.3992752
6.0400004,0.3654252
6.0500002,0.4052938
6.0600004,0.3567849
6.0700002,0.3251293
6.0800004,0.3326916
6.0900002,0.3608690
6.1000004,0.3466938
6.1100001,0.3144324
6.1200004,0.3435923
6.1300001,0.3357105
6.1400003,0.3647030
6.1500001,0.3269911
6.1600003,0.3327526
6.1700001,0.3320087
6.1800003,0.3549410
6.1900001,0.3450931
6.2000003,0.3288900
6.2100005,0.3712987
6.2200003,0.4201482
6.2300005,0.3888110
6.2400002,0.4600554
6.2500005,0.4869249
6.2600002,0.4522122
6.2700005,0.4420450
6.2800002,0.4250436
6.2900004,0.4630729
6.3000002,0.4213131
6.3100004,0.4078762
6.3200002,0.4432007
6.3300004,0.4588217
6.3400002,0.4919490
6.3500004,0.4526734
6.3600001,0.4248591
6.3700004,0.4518658
6.3800001,0.4200074
6.3900003,0.4168905
6.4000001,0.4122947
6.4100003,0.4927031
6.4200001,0.4951779
6.4300003,0.4876188
6.4400005,0.4510822
6.4500003,0.4395680
6.4600005,0.4235801
6.4700003,0.4365202
6.4800005,0.4723289
6.4900002,0.4752708
6.5000005,0.5074865
6.5100002,0.4901636
6.5200005,0.4431700
6.5300002,0.5239258
6.5400004,0.4620425
6.5500002,0.4538646
6.5600004,0.4710823
6.5700002,0.5268403
6.5800004,0.5730686
6.5900002,0.4512370
6.6000004,0.4500337
6.6100001,0.4207431
6.6200004,0.4801583
6.6300001,0.4883393
6.6400003,0.5160098
6.6500001,0.5290009
6.6600003,0.5406471
6.6700006,0.5743147
6.6800003,0.6011380
6.6900005,0.5930212
6.7000003,0.5318699
6.7100005,0.5213584
6.7200003,0.6104885
6.7300005,0.5220354
6.7400002,0.5968035
6.7500005,0.6322811
6.7600002,0.7010506
6.7700005,0.7172905
6.7800002,0.7884030
6.7900004,0.6734657
6.8000002,0.6279896
6.8100004,0.5632070
6.8200002,0.5065663
6.8300004,0.4683118
6.8400002,0.4875372
6.8500004,0.5339314
6.8600001,0.5898569
6.8700004,0.6111009
6.8800001,0.6400971
6.8900003,0.6794524
6.9000001,0.5655707
6.9100003,0.5706368
6.9200006,0.5836170
6.9300003,0.6802595
6.9400005,0.6504447
6.9500003,0.6209180
6.9600005,0.7506136
6.9700003,0.8074036
6.9800005,0.6998753
6.9900002,0.6555822
7.0000005,0.6753688
7.0100002,0.5711452
7.0200005,0.5892714
7.0300002,0.6049371
7.0400004,0.6175629
7.0500002,0.6634410
7.0600004,0.6569094
7.0700002,0.6378519
7.0800004,0.5983841
7.0900002,0.6734297
7.1000004,0.6007411
7.1100001,0.5879228
7.1200004,0.6028700
7.1300001,0.5678660
7.1400003,0.5829888
7.1500006,0.4954869
7.1600003,0.5210474
7.1700006,0.5378363
7.1800003,0.5523679
7.1900005,0.5977154
7.2000003,0.5894860
7.2100005,0.5389558
7.2200003,0.5784213
7.2300005,0.5488095
7.2400002,0.5992486
7.2500005,0.6271499
7.2600002,0.7011723
7.2700005,0.7029380
7.2800002,0.6901055
7.2900004,0.6715960
7.3000002,0.6796061
7.3100004,0.6249488
7.3200002,0.6389649
7.3300004,0.5687711
7.3400002,0.5756515
7.3500004,0.5402107
7.3600001,0.5665555
7.3700004,0.5172462
7.3800001,0.5703403
7.3900003,0.5773047
7.4000006,0.5200418
7.4100003,0.5260504
7.4200006,0.5165124
7.4300003,0.5625568
7.4400005,0.5955020
7.4500003,0.5697800
7.4600005,0.5440978
7.4700003,0.5712909
7.4800005,0.5498686
7.4900002,0.6002682
7.5000005,0.5978419
7.5100002,0.6371270
7.5200005,0.5730175
7.5300002,0.6022597
7.5400004,0.6627260
7.5500002,0.6560815
7.5600004,0.7362240
7.5700002,0.7216149
7.5800004,0.7256196
7.5900002,0.8159260
7.6000004,0.7239032
7.6100001,0.7852086
7.6200004,0.7966692
7.6300006,0.8319075
7.6400003,0.8876569
7.6500006,0.9531300
7.6600003,0.8703386
7.6700006,0.8383107
7.6800003,0.8314483
7.6900005,0.8123744
7.7000003,0.8342734
7.7100005,0.8689617
7.7200003,0.8962837
7.7300005,0.8730183
7.7400002,0.8937643
7.7500005,0.8675055
7.7600002,0.8414167
7.7700005,0.7266921
7.7800002,0.6781248
7.7900004,0.7450208
7.8000002,0.7240360
7.8100004,0.7520797
7.8200002,0.7602926
7.8300004,0.7542818
7.8400002,0.7945701
7.8500004,0.8348334
7.8600006,0.8164186
7.8700004,0.8131180
7.8800006,0.8171865
7.8900003,0.7992865
7.9000006,0.7686782
7.9100003,0.7432396
7.9200006,0.7803986
7.9300003,0.8630998
7.9400005,0.8799742
7.9500003,0.8198683
7.9600005,0.8414923
7.9700003,0.7706043
7.9800005,0.8495958
7.9900002,0.7971956
8.0000000,0.7632216
8.0100002,0.7364250
8.0200005,0.7437705
8.0300007,0.6666493
8.0400000,0.6303154
8.0500002,0.6821069
8.0600004,0.6683290
8.0700006,0.6660863
8.0799999,0.6340261
8.0900002,0.6267264
8.1000004,0.6118832
8.1100006,0.6205131
8.1200008,0.5904256
8.1300001,0.6404901
8.1400003,0.5683509
8.1500006,0.5135738
8.1600008,0.4963900
8.1700001,0.5658849
8.1800003,0.5519276
8.1900005,0.5836798
8.2000008,0.5828868
8.2100000,0.6627010
8.2200003,0.6658093
8.2300005,0.6806415
8.2400007,0.7113836
8.2500000,0.6973239
8.2600002,0.6630386
8.2700005,0.6091295
8.2800007,0.5465716
8.2900000,0.5696841
8.3000002,0.5344360
8.3100004,0.5319549
8.3200006,0.5240121
8.3299999,0.5086632
8.3400002,0.5239169
8.3500004,0.6223748
8.3600006,0.5971779
8.3700008,0.5251133
8.3800001,0.5324773
8.3900003,0.4977836
8.4000006,0.6013873
8.4100008,0.5425168
8.4200001,0.5336745
8.4300003,0.5430913
8.4400005,0.5189844
8.4500008,0.5249206
8.4600000,0.5803759
8.4700003,0.6630294
8.4800005,0.6388251
8.4900007,0.6482813
8.5000000,0.6655941
8.5100002,0.7282286
8.5200005,0.7618734
8.5300007,0.7391636
8.5400000,0.7936695
8.5500002,0.7655118
8.5600004,0.7658636
8.5700006,0.7270590
8.5800009,0.6980595
8.5900002,0.7356235
8.6000004,0.8027259
8.6100006,0.7906094
8.6200008,0.7621204
8.6300001,0.7371235
8.6400003,0.8397086
8.6500006,0.8200959
8.6600008,0.9152924
8.6700001,0.9590871
8.6800003,1.0276799
8.6900005,1.0500983
8.7000008,1.1111648
8.7100000,1.0527937
8.7200003,1.0680094
8.7300005,1.0570074
8.7400007,1.0395385
8.7500000,1.0599055
8.7600002,1.0847863
8.7700005,1.1378741
8.7800007,1.0829834
8.7900000,1.0781397
8.8000002,1.0754617
8.8100004,1.0538329
8.8200006,1.0239930
8.8300009,1.0216930
8.8400002,0.9316735
8.8500004,0.9422131
8.8600006,0.9600562
8.8700008,0.9846658
8.8800001,0.9530330
8.8900003,1.0165715
8.9000006,0.9975170
8.9100008,0.9802633
8.9200001,0.9426691
8.9300003,0.8629263
8.9400005,0.8854345
8.9500008,0.9359471
8.9600000,0.9587702
8.9700003,0.9441473
8.9800005,0.8970256
8.9900007,0.8786556
9.0000000,0.8931457
9.0100002,0.7905923
9.0200005,0.7363955
9.0300007,0.7616779
9.0400000,0.6916199
9.0500002,0.7530289
9.0600004,0.7697554
9.0700006,0.8515103
9.0800009,0.7963161
9.0900002,0.7742863
9.1000004,0.8361369
9.1100006,0.8496220
9.1200008,0.8436360
9.1300001,0.8387198
9.1400003,0.8203542
9.1500006,0.8436713
9.1600008,0.8716356
9.1700001,0.8715548
9.1800003,0.9402844
9.1900005,0.8999858
9.2000008,0.9700928
9.2100000,0.8650083
9.2200003,0.8472798
9.2300005,0.8875728
9.2400007,0.9092669
9.2500000,0.9225633
9.2600002,0.9181299
9.2700005,0.9743596
9.2800007,0.9342679
9.2900009,0.9034074
9.3000002,0.9415877
9.3100004,0.9111457
9.3200006,0.9457970
9.3300009,0.9267735
9.3400002,0.9411598
9.3500004,0.8750264
9.3600006,0.9199467
9.3700008,0.9426401
9.3800001,0.9567245
9.3900003,0.9561746
9.4000006,0.9196395
9.4100008,0.8899649
9.4200001,0.9117333
9.4300003,0.9331213
9.4400005,0.9204901
9.4500008,0.9743367
9.4600000,0.9511111
9.4700003,0.9736021
9.4800005,0.9747822
9.4900007,0.9532734
9.5000000,0.9271862
9.5100002,0.9201847
9.5200005,0.9686361
9.5300007,0.8327399
9.5400009,0.8022203
9.5500002,0.7827630
9.5600004,0.7709519
9.5700006,0.7185902
9.5800009,0.7581944
9.5900002,0.8162907
9.6000004,0.8475488
9.6100006,0.8379225
9.6200008,0.8550005
9.6300001,0.8313320
9.6400003,0.7816021
9.6500006,0.7790505
9.6600008,0.6839057
9.6700001,0.6998019
9.6800003,0.6916130
9.6900005,0.7287077
9.7000008,0.7174611
9.7100000,0.7358953
9.7200003,0.7518734
9.7300005,0.7215640
9.7400007,0.6829055
9.7500000,0.7220073
9.7600002,0.7604923
9.7700005,0.7440459
9.7800007,0.7378244
9.7900009,0.7535090
9.8000002,0.7435037
9.8100004,0.7543728
9.8200006,0.8106201
9.8300009,0.7638912
9.8400002,0.8116664
9.8500004,0.7850864
9.8600006,0.7489177
9.8700008,0.7716347
9.8800001,0.7995511
9.8900003,0.7916179
9.9000006,0.7572653
9.9100008,0.7647659
9.9200001,0.7374858
9.9300003,0.8223945
9.9400005,0.7817568
9.9500008,0.7684892
9.9600000,0.7934064
9.9700003,0.8071540
9.9800005,0.7572801
9.9900007,0.7724133
10.0000000,0.7207032
10.0100002,0.7636448
10.0200005,0.7476400
10.0300007,0.7345247
10.0400009,0.7410782
10.0500002,0.7695490
10.0600004,0.7775728
10.0700006,0.7569191
10.0800009,0.8038331
10.0900002,0.7844911
10.1000004,0.8091193
10.1100006,0.7967043
10.1200008,0.7887644
10.1300001,0.7739078
10.1400003,0.8089604
10.1500006,0.8037714
10.1600008,0.8464968
10.1700001,0.8098719
10.1800003,0.8409668
10.1900005,0.8595634
10.2000008,0.9279881
10.2100000,0.9305460
10.2200003,0.9214466
10.2300005,0.9578128
10.2400007,0.9332873
10.2500010,0.8721872
10.2600002,0.9140196
10.2700005,0.8735644
10.2800007,0.8900622
10.2900009,0.9257066
10.3000002,0.9123776
10.3100004,0.9237131
10.3200006,0.9303166
10.3300009,0.8666359
10.3400002,0.8852624
10.3500004,0.8669254
10.3600006,0.8858414
10.3700008,0.8162579
10.3800001,0.7537991
10.3900003,0.7622671
10.4000006,0.8184305
10.4100008,0.7641551
10.4200001,0.7162600
10.4300003,0.7172137
10.4400005,0.6421183
10.4500008,0.6633173
10.4600000,0.6217276
10.4700003,0.6201423
10.4800005,0.6886943
10.4900007,0.6936437
10.5000010,0.6952311
10.5100002,0.7411084
10.5200005,0.7519302
10.5300007,0.6998419
10.5400009,0.6647775
10.5500002,0.7498289
10.5600004,0.7092227
10.5700006,0.6599663
10.5800009,0.6628951
10.5900002,0.7155023
10.6000004,0.6533097
10.6100006,0.6969186
10.6200008,0.7700931
10.6300001,0.7924000
10.6400003,0.7468368
10.6500006,0.7365311
10.6600008,0.7408533
10.6700001,0.8020629
10.6800003,0.8163520
10.6900005,0.8311974
10.7000008,0.7992848
10.7100000,0.7763332
10.7200003,0.7207358
10.7300005,0.7658470
10.7400007,0.7989327
10.7500010,0.8192951
10.7600002,0.8738748
10.7700005,0.8312561
10.7800007,0.8445297
10.7900009,0.8129830
10.8000002,0.8249321
10.8100004,0.8404150
10.8200006,0.8474932
10.8300009,0.8521055
10.8400002,0.8062008
10.8500004,0.8638697
10.8600006,0.8498129
10.8700008,0.8365656
10.8800001,0.7833068
10.8900003,0.8124987
10.9000006,0.7909045
10.9100008,0.8924368
10.9200001,0.8348271
10.9300003,0.8551578
10.9400005,0.8721663
10.9500008,0.9325687
10.9600010,0.8325205
10.9700003,0.9146574
10.9800005,0.9140112
10.9900007,0.8868686
11.0000010,0.8948268
11.0100002,0.8517190
11.0200005,0.8405281
11.0300007,0.8320276
11.0400009,0.8165590
11.0500002,0.8668399
11.0600004,0.8285901
11.0700006,0.8666350
11.0800009,0.8499137
11.0900002,0.7591584
11.1000004,0.7279434
11.1100006,0.7412757
11.1200008,0.7583404
11.1300001,0.6203095
11.1400003,0.6447850
11.1500006,0.6911264
11.1600008,0.6758676
11.1700001,0.5929121
11.1800003,0.5795152
11.1900005,0.5844223
11.2000008,0.5889071
11.2100010,0.6018432
11.2200003,0.6004254
11.2300005,0.6189812
11.2400007,0.6878722
11.2500010,0.6781179
11.2600002,0.6377934
11.2700005,0.6748270
11.2800007,0.6170992
11.2900009,0.5969961
11.3000002,0.5984086
11.3100004,0.6459817
11.3200006,0.7056184
11.3300009,0.7144528
11.3400002,0.6807703
11.3500004,0.6842929
11.3600006,0.6970920
11.3700008,0.7454997
11.3800001,0.7595212
11.3900003,0.7253883
11.4000006,0.8545567
11.4100008,0.8463568
11.4200001,0.8353775
11.4300003,0.7265541
11.4400005,0.6722488
11.4500008,0.7233225
11.4600010,0.7274848
11.4700003,0.7627609
11.4800005,0.7510390
11.4900007,0.7143515
11.5000010,0.6841112
11.5100002,0.6984103
11.5200005,0.7098507
11.5300007,0.6866922
11.5400009,0.7091640
11.5500002,0.6653602
11.5600004,0.6263701
11.5700006,0.6165428
11.5800009,0.7043971
11.5900002,0.6622252
11.6000004,0.7374117
11.6100006,0.6796704
11.6200008,0.6812619
11.6300001,0.6445989
11.6400003,0.6820866
11.6500006,0.6667711
11.6600008,0.6756179
11.6700010,0.6712167
11.6800003,0.7275154
11.6900005,0.6999214
11.7000008,0.7773826
11.7100010,0.8236614
11.7200003,0.8094250
11.7300005,0.7417525
11.7400007,0.6938269
11.7500010,0.6378146
11.7600002,0.6662464
11.7700005,0.6683089
11.7800007,0.6816044
11.7900009,0.6433055
11.8000002,0.7223232
11.8100004,0.7278042
11.8200006,0.6774867
11.8300009,0.7491511
11.8400002,0.8262665
11.8500004,0.8608333
11.8600006,0.8536124
11.8700008,0.7865223
11.8800001,0.8832582
11.8900003,0.8574359
11.9000006,0.8245606
11.9100008,0.7634289
11.9200010,0.7235492
11.9300003,0.7444282
11.9400005,0.7276669
11.9500008,0.7310560
11.9600010,0.7580859
11.9700003,0.8006150
11.9800005,0.8546997
11.9900007,0.8191025
12.0000010,0.8072208
12.0100002,0.8757097
12.0200005,0.8456628
12.0300007,0.8641958
12.0400009,0.8153005
12.0500002,0.7579411
12.0600004,0.7795295
12.0700006,0.7741216
12.0800009,0.7880838
12.0900002,0.7853718
12.1000004,0.8246258
12.1100006,0.8261255
12.1200008,0.7902064
12.1300001,0.8169555
12.1400003,0.8711491
12.1500006,0.8471570
12.1600008,0.8432985
12.1700010,0.7966114
12.1800003,0.7344097
12.1900005,0.7575092
12.2000008,0.7519972
12.2100010,0.6670838
12.2200003,0.6573376
12.2300005,0.6980187
12.2400007,0.6593896
12.2500010,0.6355132
12.2600002,0.5991642
12.2700005,0.6187624
12.2800007,0.6388778
12.2900009,0.6770642
12.3000002,0.6648942
12.3100004,0.7366444
12.3200006,0.7485513
12.3300009,0.7378490
12.3400002,0.6585463
12.3500004,0.6176950
12.3600006,0.6020323
12.3700008,0.6289078
12.3800001,0.7009361
12.3900003,0.7042304
12.4000006,0.6987770
12.4100008,0.7068445
12.4200010,0.7125908
12.4300003,0.7124836
12.4400005,0.7413137
12.4500008,0.8175574
12.4600010,0.7935528
12.4700003,0.8465604
12.4800005,0.8569927
12.4900007,0.8143851
12.5000010,0.8494667
12.5100002,0.8744041
12.5200005,0.8781865
12.5300007,0.7987238
12.5400009,0.8090792
12.5500002,0.8299942
12.5600004,0.7227565
12.5700006,0.7197937
12.5800009,0.7566269
12.5900002,0.8192781
12.6000004,0.7634025
12.6100006,0.8237943
12.6200008,0.8338278
12.6300011,0.8583822
12.6400003,0.8535685
12.6500006,0.8824003
12.6600008,0.8928598
12.6700010,0.8515128
12.6800003,0.8012044
12.6900005,0.8504389
12.7000008,0.8212684
12.7100010,0.7816615
12.7200003,0.8488848
12.7300005,0.7232863
12.7400007,0.7946387
12.7500010,0.7756132
12.7600002,0.7903975
12.7700005,0.7632249
12.7800007,0.7682846
12.7900009,0.7229903
12.8000002,0.7768962
12.8100004,0.6861129
12.8200006,0.7372581
12.8300009,0.7886497
12.8400002,0.7513285
12.8500004,0.7757165
12.8600006,0.7925199
12.8700008,0.7944978
12.8800011,0.7552068
12.8900003,0.8197339
12.9000006,0.8081116
12.9100008,0.7898568
12.9200010,0.8090211
12.9300003,0.7947324
12.9400005,0.7856744
12.9500008,0.7910035
12.9600010,0.7930125
12.9700003,0.8260389
12.9800005,0.8223076
12.9900007,0.8174230
13.0000010,0.7670880
13.0100002,0.7954922
13.0200005,0.7739539
13.0300007,0.8414856
13.0400009,0.8310951
13.0500002,0.7917885
13.0600004,0.7926072
13.0700006,0.7773798
13.0800009,0.8280261
13.0900002,0.7884444
13.1000004,0.7899086
13.1100006,0.8055328
13.1200008,0.7604679
13.1300011,0.7622314
13.1400003,0.7428328
13.1500006,0.7115228
13.1600008,0.7204663
13.1700010,0.7424899
13.1800003,0.7261135
13.1900005,0.7180489
13.2000008,0.7263288
13.2100010,0.6942596
13.2200003,0.6659659
13.2300005,0.6723999
13.2400007,0.6533486
13.2500010,0.6513301
13.2600002,0.6719757
13.2700005,0.6199818
13.2800007,0.5984990
13.2900009,0.6301417
13.3000002,0.6381658
13.3100004,0.6664156
13.3200006,0.6561832
13.3300009,0.6689183
13.3400011,0.6474022
13.3500004,0.6159718
13.3600006,0.6313442
13.3700008,0.6464067
13.3800011,0.6266696
13.3900003,0.6130621
13.4000006,0.6198134
13.4100008,0.6232366
13.4200010,0.6408342
13.4300003,0.6313090
13.4400005,0.6514646
13.4500008,0.6363670
13.4600010,0.6189045
13.4700003,0.6387814
13.4800005,0.6462105
13.4900007,0.6158170
13.5000010,0.6416653
13.5100002,0.6358936
13.5200005,0.6813226
13.5300007,0.6884421
13.5400009,0.6309201
13.5500002,0.6392314
13.5600004,0.6246842
13.5700006,0.6402480
13.5800009,0.6290786
13.5900011,0.5720174
13.6000004,0.5844172
13.6100006,0.6256818
13.6200008,0.6181787
13.6300011,0.6052629
13.6400003,0.5837382
13.6500006,0.6167263
13.6600008,0.5836448
13.6700010,0.5700589
13.6800003,0.5691101
13.6900005,0.5652596
13.7000008,0.5292966
13.7100010,0.5003951
13.7200003,0.4830141
13.7300005,0.5001921
13.7400007,0.5120709
13.7500010,0.4848528
13.7600002,0.4924150
13.7700005,0.5077424
13.7800007,0.5364870
13.7900009,0.5515165
13.8000002,0.5276594
13.8100004,0.5037723
13.8200006,0.5066794
13.8300009,0.4927625
13.8400011,0.4803603
13.8500004,0.4329417
13.8600006,0.4329290
13.8700008,0.4377773
13.8800011,0.4322475
13.8900003,0.4430252
13.9000006,0.4036987
13.9100008,0.4404306
13.9200010,0.4429945
13.9300003,0.4366628
13.9400005,0.4170394
13.9500008,0.4385060
13.9600010,0.5059901
13.9700003,0.5190273
13.9800005,0.5086788
13.9900007,0.4840044
14.0000010,0.4889897
14.0100002,0.4299245
14.0200005,0.4651434
14.0300007,0.4740067
14.0400009,0.4749261
14.0500002,0.4912942
14.0600004,0.4784404
14.0700006,0.4822972
14.0800009,0.5018792
14.0900011,0.5075939
14.1000004,0.4617739
14.1100006,0.4904921
14.1200008,0.5253426
14.1300011,0.5091918
14.1400003,0.5188894
14.1500006,0.5061679
14.1600008,0.5146018
14.1700010,0.4959989
14.1800003,0.4750245
14.1900005,0.5183638
14.2000008,0.5221031
14.2100010,0.5400781
14.2200003,0.5201291
14.2300005,0.5258015
14.2400007,0.5554571
14.2500010,0.5372951
14.2600002,0.5494630
14.2700005,0.5622520
14.2800007,0.5629337
14.2900009,0.5946022
14.3000011,0.5795185
14.3100004,0.5951389
14.3200006,0.6272152
14.3300009,0.5967150
14.3400011,0.5893347
14.3500004,0.5764737
14.3600006,0.5750513
14.3700008,0.5902358
14.3800011,0.5479295
14.3900003,0.5651528
14.4000006,0.5918298
14.4100008,0.6082748
14.4200010,0.6117710
14.4300003,0.6662596
14.4400005,0.6907455
14.4500008,0.6830645
14.4600010,0.6964363
14.4700003,0.7074712
14.4800005,0.6819950
14.4900007,0.7066027
14.5000010,0.7071953
14.5100002,0.7257780
14.5200005,0.7570618
14.5300007,0.7164377
14.5400009,0.7206315
14.5500011,0.7095426
14.5600004,0.7049647
14.5700006,0.6923880
14.5800009,0.6890182
14.5900011,0.6882929
14.6000004,0.7157400
14.6100006,0.7115575
14.6200008,0.7175709
14.6300011,0.7083204
14.6400003,0.7062779
14.6500006,0.7021104
14.6600008,0.6840175
14.6700010,0.6955476
14.6800003,0.6879576
14.6900005,0.6897644
14.7000008,0.7068067
14.7100010,0.6927860
14.7200003,0.7114746
14.7300005,0.6896798
14.7400007,0.6908166
14.7500010,0.6917154
14.7600002,0.7269993
14.7700005,0.7271108
14.7800007,0.7146449
14.7900009,0.7337240
14.8000011,0.7179470
14.8100004,0.7012056
14.8200006,0.7003587
14.8300009,0.7523115
14.8400011,0.7346863
14.8500004,0.7451902
14.8600006,0.7441128
14.8700008,0.7606078
14.8800011,0.7645585
14.8900003,0.7385348
14.9000006,0.7613854
14.9100008,0.7839816
14.9200010,0.7539309
14.9300003,0.7196778
14.9400005,0.7749287
14.9500008,0.7898281
14.9600010,0.7537389
14.9700003,0.7758585
14.9800005,0.7924227
14.9900007,0.7574424
15.0000010,0.7443811
15.0100012,0.7707596
15.0200005,0.8113418
15.0300007,0.8242203
15.0400009,0.8040251
15.0500011,0.7935911
15.0600004,0.7808856
15.0700006,0.7744350
15.0800009,0.7771087
15.0900011,0.7429674
15.1000004,0.7543672
15.1100006,0.7258844
15.1200008,0.7281228
15.1300011,0.7276132
15.1400003,0.7580768
15.1500006,0.7483540
15.1600008,0.7693061
15.1700010,0.8018472
15.1800003,0.8298137
15.1900005,0.8140593
15.2000008,0.8455021
15.2100010,0.8699156
15.2200003,0.8706634
15.2300005,0.8320389
15.2400007,0.7820072
15.2500010,0.7366854
15.2600012,0.7796872
15.2700005,0.7806439
15.2800007,0.8133010
15.2900009,0.8185233
15.3000011,0.8380728
15.3100004,0.7896798
15.3200006,0.7729293
15.3300009,0.7320399
15.3400011,0.7045672
15.3500004,0.7138147
15.3600006,0.7275004
15.3700008,0.7482368
15.3800011,0.7754323
15.3900003,0.7301409
15.4000006,0.7056244
15.4100008,0.7244380
15.4200010,0.7170916
15.4300003,0.7077657
15.4400005,0.6963369
15.4500008,0.7250820
15.4600010,0.6840816
15.4700003,0.7049361
15.4800005,0.7176446
15.4900007,0.7528463
15.5000010,0.7153180
15.5100012,0.7235308
15.5200005,0.7425326
15.5300007,0.6971065
15.5400009,0.6844739
15.5500011,0.6930273
15.5600004,0.6943276
15.5700006,0.7073566
15.5800009,0.7098846
15.5900011,0.7546909
15.6000004,0.7293800
15.6100006,0.7249843
15.6200008,0.6995617
15.6300011,0.6823558
15.6400003,0.7011115
15.6500006,0.6944616
15.6600008,0.7100115
15.6700010,0.7402806
15.6800003,0.7143451
15.6900005,0.7166013
15.7000008,0.7231931
15.7100010,0.7245755
15.7200012,0.6970974
15.7300005,0.7132485
15.7400007,0.7353556
15.7500010,0.7562105
15.7600012,0.7799279
15.7700005,0.7630500
15.7800007,0.7876360
15.7900009,0.8079888
15.8000011,0.7975904
15.8100004,0.8074980
15.8200006,0.7695919
15.8300009,0.7799687
15.8400011,0.7348427
15.8500004,0.7433943
15.8600006,0.7144432
15.8700008,0.7157689
15.8800011,0.7732207
15.8900003,0.7238483
15.9000006,0.6740686
15.9100008,0.6964377
15.9200010,0.7058846
15.9300003,0.7168763
15.9400005,0.7016824
15.9500008,0.7053415
15.9600010,0.7292013
15.9700012,0.7081133
15.9800005,0.7683382
15.9900007,0.7742242
16.0000000,0.8187559
16.0100002,0.7897185
16.0200005,0.7973853
16.0300007,0.7860386
16.0400009,0.8062169
16.0500011,0.8077484
16.0600014,0.8448760
16.0700016,0.8661906
16.0799999,0.8754336
16.0900002,0.9350263
16.1000004,0.9605735
16.1100006,0.9163415
16.1200008,0.9204689
16.1300011,0.8832579
16.1400013,0.9516062
16.1500015,0.8050925
16.1599998,0.8500292
16.1700001,0.8147966
16.1800003,0.8776006
16.1900005,0.9042283
16.2000008,0.9538307
16.2100010,0.9305173
16.2200012,0.8718905
16.2300014,0.9257317
16.2400017,0.9438275
16.2500000,0.9785543
16.2600002,0.9032226
16.2700005,0.8885153
16.2800007,0.8319173
16.2900009,0.8757384
16.3000011,0.9088314
16.3100014,0.8735399
16.3200016,0.8516865
16.3299999,0.8120546
16.3400002,0.7884816
16.3500004,0.8314607
16.3600006,0.8118364
16.3700008,0.8374982
16.3800011,0.8404701
16.3900013,0.8397654
16.4000015,0.8227622
16.4099998,0.8825793
16.4200001,0.8728380
16.4300003,0.8454092
16.4400005,0.8105906
16.4500008,0.8344820
16.4600010,0.7458363
16.4700012,0.7306654
16.4800014,0.7503346
16.4900017,0.7362831
16.5000000,0.7311019
16.5100002,0.7748757
16.5200005,0.7819675
16.5300007,0.7505350
16.5400009,0.7338216
16.5500011,0.7392084
16.5600014,0.7344338
16.5700016,0.7276248
16.5799999,0.7384686
16.5900002,0.7059674
16.6000004,0.7393166
16.6100006,0.6963057
16.6200008,0.7105466
16.6300011,0.7272553
16.6400013,0.6872803
16.6500015,0.7281600
16.6599998,0.7288910
16.6700001,0.7317970
16.6800003,0.7486182
16.6900005,0.7448077
16.7000008,0.7550921
16.7100010,0.7256586
16.7200012,0.7139338
16.7300014,0.6901350
16.7400017,0.6877070
16.7500000,0.7129180
16.7600002,0.7152663
16.7700005,0.7204967
16.7800007,0.7112811
16.7900009,0.6764826
16.8000011,0.7016367
16.8100014,0.7209271
16.8200016,0.6870367
16.8299999,0.6994325
16.8400002,0.7430016
16.8500004,0.7227997
16.8600006,0.7423787
16.8700008,0.7413337
16.8800011,0.6817395
16.8900013,0.7220604
16.9000015,0.7276534
16.9100018,0.7314909
16.9200001,0.6753283
16.9300003,0.6680193
16.9400005,0.7117194
16.9500008,0.7241862
16.9600010,0.6713740
16.9700012,0.7370514
16.9800014,0.7327443
16.9900017,0.7215796
17.0000000,0.7142133
17.0100002,0.7724150
17.0200005,0.7214301
17.0300007,0.7879382
17.0400009,0.7529223
17.0500011,0.7418720
17.0600014,0.7250166
17.0700016,0.7148051
17.0799999,0.7185270
17.0900002,0.7261227
17.1000004,0.7046146
17.1100006,0.6669528
17.1200008,0.6500728
17.1300011,0.6692573
17.1400013,0.6814932
17.1500015,0.6840109
17.1600018,0.6988583
17.1700001,0.6918775
17.1800003,0.6803346
17.1900005,0.7064041
17.2000008,0.6873014
17.2100010,0.6656813
17.2200012,0.6573125
17.2300014,0.6803346
17.2400017,0.7013364
17.2500000,0.7049809
17.2600002,0.7263896
17.2700005,0.7701671
17.2800007,0.7761332
17.2900009,0.6895632
17.3000011,0.6981741
17.3100014,0.7327472
17.3200016,0.7839363
17.3299999,0.7855019
17.3400002,0.7397356
17.3500004,0.7705448
17.3600006,0.7081872
17.3700008,0.7029602
17.3800011,0.7390850
17.3900013,0.7137181
17.4000015,0.6968647
17.4100018,0.6883890
17.4200001,0.7175403
17.4300003,0.7209188
17.4400005,0.7144660
17.4500008,0.7293537
17.4600010,0.7424434
17.4700012,0.7359734
17.4800014,0.7442660
17.4900017,0.7518148
17.5000000,0.7537436
17.5100002,0.7785604
17.5200005,0.7563938
17.5300007,0.7738965
17.5400009,0.6849931
17.5500011,0.6813450
17.5600014,0.7242288
17.5700016,0.7306044
17.5799999,0.7516851
17.5900002,0.7357689
17.6000004,0.7679197
17.6100006,0.7264253
17.6200008,0.7043462
17.6300011,0.7049314
17.6400013,0.7080294
17.6500015,0.7058600
17.6600018,0.7089465
17.6700001,0.6997084
17.6800003,0.6914384
17.6900005,0.6986781
17.7000008,0.7100400
17.7100010,0.6834723
17.7200012,0.7332985
17.7300014,0.7160749
17.7400017,0.6948208
17.7500000,0.6955592
17.7600002,0.6955976
17.7700005,0.6967300
17.7800007,0.6873600
17.7900009,0.6839325
17.8000011,0.7267336
17.8100014,0.7332178
17.8200016,0.7107169
17.8299999,0.6807076
17.8400002,0.7055588
17.8500004,0.7042013
17.8600006,0.7279460
17.8700008,0.7026392
17.8800011,0.7079232
17.8900013,0.6959963
17.9000015,0.6861610
17.9100018,0.6962029
17.9200001,0.6725377
17.9300003,0.7007002
17.9400005,0.6808057
17.9500008,0.6867567
17.9600010,0.6971641
17.9700012,0.6969730
17.9800014,0.6900914
17.9900017,0.6767200
18.0000000,0.6623922
18.0100002,0.6587645
18.0200005,0.6473804
18.0300007,0.6904565
18.0400009,0.6972650
18.0500011,0.7273906
18.0600014,0.7058740
18.0700016,0.7167728
18.0799999,0.6977553
18.0900002,0.6835059
18.1000004,0.7170157
18.1100006,0.6724064
18.1200008,0.6736032
18.1300011,0.6791884
18.1400013,0.6616682
18.1500015,0.6635309
18.1600018,0.6637955
18.1700001,0.6839389
18.1800003,0.6464344
18.1900005,0.6821097
18.2000008,0.6973104
18.2100010,0.6995093
18.2200012,0.7196973
18.2300014,0.7375880
18.2400017,0.7766039
18.2500000,0.7465930
18.2600002,0.7458327
18.2700005,0.7441756
18.2800007,0.7308382
18.2900009,0.7388496
18.3000011,0.7406868
18.3100014,0.7290598
18.3200016,0.7459680
18.3299999,0.7559355
18.3400002,0.7524693
18.3500004,0.7549049
18.3600006,0.7545813
18.3700008,0.7388391
18.3800011,0.7575754
18.3900013,0.7303528
18.4000015,0.7312322
18.4100018,0.7118890
18.4200001,0.7198842
18.4300003,0.6589701
18.4400005,0.6662094
18.4500008,0.6511656
18.4600010,0.6701192
18.4700012,0.6828430
18.4800014,0.6794382
18.4900017,0.6680188
18.5000000,0.6652589
18.5100002,0.6498474
18.5200005,0.6311864
18.5300007,0.6346113
18.5400009,0.6504886
18.5500011,0.6667957
18.5600014,0.6650526
18.5700016,0.6151005
18.5800018,0.6233114
18.5900002,0.5986763
18.6000004,0.6205343
18.6100006,0.6162066
18.6200008,0.6100713
18.6300011,0.5944155
18.6400013,0.6037840
18.6500015,0.6388631
18.6600018,0.6428687
18.6700001,0.6040024
18.6800003,0.6124706
18.6900005,0.6429995
18.7000008,0.6315027
18.7100010,0.6428623
18.7200012,0.6530830
18.7300014,0.6028549
18.7400017,0.6123445
18.7500000,0.5817313
18.7600002,0.6146832
18.7700005,0.6153631
18.7800007,0.6308787
18.7900009,0.5942376
18.8000011,0.6312662
18.8100014,0.6442517
18.8200016,0.6431228
18.8300018,0.6150753
18.8400002,0.6423578
18.8500004,0.6057024
18.8600006,0.6494998
18.8700008,0.6363600
18.8800011,0.6699620
18.8900013,0.6423339
18.9000015,0.6323661
18.9100018,0.6670620
18.9200001,0.6744004
18.9300003,0.7007138
18.9400005,0.7186062
18.9500008,0.7151878
18.9600010,0.6987593
18.9700012,0.6939500
18.9800014,0.7251793
18.9900017,0.6659429
19.0000000,0.6515409
19.0100002,0.6147311
19.0200005,0.6142020
19.0300007,0.6193386
19.0400009,0.6539300
19.0500011,0.6475605
19.0600014,0.6563265
19.0700016,0.6999345
19.0800018,0.7031152
19.0900002,0.6741672
19.1000004,0.6795446
19.1100006,0.6298095
19.1200008,0.6776995
19.1300011,0.7077909
19.1400013,0.6861896
19.1500015,0.7111412
19.1600018,0.7135172
19.1700001,0.6816757
19.1800003,0.7114578
19.1900005,0.7099222
19.2000008,0.6892785
19.2100010,0.7102455
19.2200012,0.6988793
19.2300014,0.6657037
19.2400017,0.6515930
19.2500000,0.6722856
19.2600002,0.6853554
19.2700005,0.6982118
19.2800007,0.7013865
19.2900009,0.7080739
19.3000011,0.6870709
19.3100014,0.7149169
19.3200016,0.6984044
19.3300018,0.6963480
19.3400002,0.6846352
19.3500004,0.6869221
19.3600006,0.6923280
19.3700008,0.7041041
19.3800011,0.6970915
19.3900013,0.6701013
19.4000015,0.6770018
19.4100018,0.6802962
19.4200001,0.6453370
19.4300003,0.6639889
19.4400005,0.6760849
19.4500008,0.6801857
19.4600010,0.7125037
19.4700012,0.7207263
19.4800014,0.7073393
19.4900017,0.6957250
19.5000000,0.6886107
19.5100002,0.6870204
19.5200005,0.7072662
19.5300007,0.6568449
19.5400009,0.6588823
19.5500011,0.6599334
19.5600014,0.6651505
19.5700016,0.6769554
19.5800018,0.6946588
19.5900002,0.6881673
19.6000004,0.6668690
19.6100006,0.6616103
19.6200008,0.6591436
19.6300011,0.6716058
19.6400013,0.6722697
19.6500015,0.6725345
19.6600018,0.6707744
19.6700001,0.6671631
19.6800003,0.6844074
19.6900005,0.6341579
19.7000008,0.6708710
19.7100010,0.6573075
19.7200012,0.6798131
19.7300014,0.6562361
19.7400017,0.6696297
19.7500000,0.6672859
19.7600002,0.6713595
19.7700005,0.6656942
19.7800007,0.6720514
19.7900009,0.6588758
19.8000011,0.6678581
19.8100014,0.6658440
19.8200016,0.6700167
19.8300018,0.6989509
19.8400002,0.6655138
19.8500004,0.6825336
19.8600006,0.6706459
19.8700008,0.6655434
19.8800011,0.6532890
19.8900013,0.6668851
19.9000015,0.6608710
19.9100018,0.6549170
19.9200001,0.6536508
19.9300003,0.6806152
19.9400005,0.6762750
19.9500008,0.6686190
19.9600010,0.6798994
19.9700012,0.6543636
19.9800014,0.6752385
19.9900017,0.6789829
20.0000000,0.6991511
20.0100002,0.7099117
20.0200005,0.7000546
20.0300007,0.7244493
20.0400009,0.7467831
20.0500011,0.7223141
20.0600014,0.7175719
20.0700016,0.6785280
20.0800018,0.6722208
20.0900002,0.6354233
20.1000004,0.6610236
20.1100006,0.6572050
20.1200008,0.6659653
20.1300011,0.6332154
20.1400013,0.6250114
20.1500015,0.6357297
20.1600018,0.6379312
20.1700001,0.6655684
20.1800003,0.6421863
20.1900005,0.6206337
20.2000008,0.6470894
20.2100010,0.6746184
20.2200012,0.6755347
20.2300014,0.6125560
20.2400017,0.6151756
20.2500019,0.6215772
20.2600002,0.6300079
20.2700005,0.6439966
20.2800007,0.6403306
20.2900009,0.6414707
20.3000011,0.6220888
20.3100014,0.6336452
20.3200016,0.6355399
20.3300018,0.6288841
20.3400002,0.6553069
20.3500004,0.6365705
20.3600006,0.6549218
20.3700008,0.6558977
20.3800011,0.6700096
20.3900013,0.6728798
20.4000015,0.6458616
20.4100018,0.6732897
20.4200001,0.6522184
20.4300003,0.6788018
20.4400005,0.6800398
20.4500008,0.7087783
20.4600010,0.6801122
20.4700012,0.6638879
20.4800014,0.6543252
20.4900017,0.6705402
20.5000019,0.6673847
20.5100002,0.6559067
20.5200005,0.6771706
20.5300007,0.6838117
20.5400009,0.6764941
20.5500011,0.6777541
20.5600014,0.6675612
20.5700016,0.6650487
20.5800018,0.6745346
20.5900002,0.6936395
20.6000004,0.6800187
20.6100006,0.6492084
20.6200008,0.6598864
20.6300011,0.6533911
20.6400013,0.6788085
20.6500015,0.6569828
20.6600018,0.6756052
20.6700001,0.6533775
20.6800003,0.6290882
20.6900005,0.6414578
20.7000008,0.6285322
20.7100010,0.6300176
20.7200012,0.6334109
20.7300014,0.6378922
20.7400017,0.6349618
20.7500019,0.6495020
20.7600002,0.6595173
20.7700005,0.6517481
20.7800007,0.6364020
20.7900009,0.6559238
20.8000011,0.6336392
20.8100014,0.6274777
20.8200016,0.6584625
20.8300018,0.6721203
20.8400002,0.6581781
20.8500004,0.7118653
20.8600006,0.7324777
20.8700008,0.6800613
20.8800011,0.7074146
20.8900013,0.6496781
20.9000015,0.6919885
20.9100018,0.6591486
20.9200001,0.6505488
20.9300003,0.6419048
20.9400005,0.6411735
20.9500008,0.6164302
20.9600010,0.6504059
20.9700012,0.6694855
20.9800014,0.6472728
20.9900017,0.6559966
21.0000019,0.6139644
21.0100002,0.6274127
21.0200005,0.6400622
21.0300007,0.6291974
21.0400009,0.6251114
21.0500011,0.6374730
21.0600014,0.6314749
21.0700016,0.6448454
21.0800018,0.6890994
21.0900002,0.7005858
21.1000004,0.7089308
21.1100006,0.6990859
21.1200008,0.7375945
21.1300011,0.7260656
21.1400013,0.7381846
21.1500015,0.7245110
21.1600018,0.7129887
21.1700001,0.7066184
21.1800003,0.7494968
21.1900005,0.7463999
21.2000008,0.7318125
21.2100010,0.7433146
21.2200012,0.7169592
21.2300014,0.7444900
21.2400017,0.7273965
21.2500019,0.7134696
21.2600002,0.7226764
21.2700005,0.7484899
21.2800007,0.7516349
21.2900009,0.8011156
21.3000011,0.8000975
21.3100014,0.7815827
21.3200016,0.7382442
21.3300018,0.7449293
21.3400002,0.7236851
21.3500004,0.7373475
21.3600006,0.7395533
21.3700008,0.7684753
21.3800011,0.7235305
21.3900013,0.7222629
21.4000015,0.7998420
21.4100018,0.7803423
21.4200001,0.7658696
21.4300003,0.7462469
21.4400005,0.7769463
21.4500008,0.8129268
21.4600010,0.8293323
21.4700012,0.7976052
21.4800014,0.8343337
21.4900017,0.8040175
21.5000019,0.7918379
21.5100002,0.8068606
21.5200005,0.8666201
21.5300007,0.8734308
21.5400009,0.9100988
21.5500011,0.8789251
21.5600014,0.8979241
21.5700016,0.8982095
21.5800018,0.8790659
21.5900002,0.9365820
21.6000004,0.8531985
21.6100006,0.8671619
21.6200008,0.8537258
21.6300011,0.8415735
21.6400013,0.8390694
21.6500015,0.8204415
21.6600018,0.7987377
21.6700001,0.8206077
21.6800003,0.8036483
21.6900005,0.8070087
21.7000008,0.8208352
21.7100010,0.8244996
21.7200012,0.7691694
21.7300014,0.7800801
21.7400017,0.8026521
21.7500019,0.7947181
21.7600002,0.7602249
21.7700005,0.8031096
21.7800007,0.8210812
21.7900009,0.7979276
21.8000011,0.7904238
21.8100014,0.7746532
21.8200016,0.7706907
21.8300018,0.7903361
21.8400002,0.8389707
21.8500004,0.8493461
21.8600006,0.8670142
21.8700008,0.8487639
21.8800011,0.7725472
21.8900013,0.7616288
21.9000015,0.7587926
21.9100018,0.8089041
21.9200020,0.7859805
21.9300003,0.7709233
21.9400005,0.7918642
21.9500008,0.7814393
21.9600010,0.7840704
21.9700012,0.7519161
21.9800014,0.7562745
21.9900017,0.7386695
22.0000019,0.7461018
22.0100002,0.7446528
22.0200005,0.7152903
22.0300007,0.7018653
22.0400009,0.6956673
22.0500011,0.7029048
22.0600014,0.7044118
22.0700016,0.7056790
22.0800018,0.6758549
22.0900002,0.6797809
22.1000004,0.6607658
22.1100006,0.6802494
22.1200008,0.6972927
22.1300011,0.7231014
22.1400013,0.7214323
22.1500015,0.7369542
22.1600018,0.6921828
22.1700020,0.7287494
22.1800003,0.7246268
22.1900005,0.6916531
22.2000008,0.7096473
22.2100010,0.7002268
22.2200012,0.7226906
22.2300014,0.7095029
22.2400017,0.6967348
22.2500019,0.6681558
22.2600002,0.6873826
22.2700005,0.7067243
22.2800007,0.7055439
22.2900009,0.6898447
22.3000011,0.7165636
22.3100014,0.7137269
22.3200016,0.7573816
22.3300018,0.7708896
22.3400002,0.7919843
22.3500004,0.7432956
22.3600006,0.7149416
22.3700008,0.7564587
22.3800011,0.7355305
22.3900013,0.7146307
22.4000015,0.7151471
22.4100018,0.7443030
22.4200020,0.7201542
22.4300003,0.7310725
22.4400005,0.6960295
22.4500008,0.7691681
22.4600010,0.7538494
22.4700012,0.7061031
22.4800014,0.7061616
22.4900017,0.7019535
22.5000019,0.7518222
22.5100002,0.7467829
22.5200005,0.7230746
22.5300007,0.7487102
22.5400009,0.7330646
22.5500011,0.7365294
22.5600014,0.6996282
22.5700016,0.6979824
22.5800018,0.7362734
22.5900002,0.7039001
22.6000004,0.7034072
22.6100006,0.7057891
22.6200008,0.7314781
22.6300011,0.7298893
22.6400013,0.7482596
22.6500015,0.7391069
22.6600018,0.7620513
22.6700020,0.7722971
22.6800003,0.7607007
22.6900005,0.7140307
22.7000008,0.7111244
22.7100010,0.7343979
22.7200012,0.7401235
22.7300014,0.7273971
22.7400017,0.7129183
22.7500019,0.7120949
22.7600002,0.6860078
22.7700005,0.6990771
22.7800007,0.6679170
22.7900009,0.6929824
22.8000011,0.6637644
22.8100014,0.6974399
22.8200016,0.7433680
22.8300018,0.7394725
22.8400002,0.7280493
22.8500004,0.7183300
22.8600006,0.7620556
22.8700008,0.7096474
22.8800011,0.7342975
22.8900013,0.7020179
22.9000015,0.7141751
22.9100018,0.7342402
22.9200020,0.7291805
22.9300003,0.7440089
22.9400005,0.7670611
22.9500008,0.7518931
22.9600010,0.7352917
22.9700012,0.7113581
22.9800014,0.7603456
22.9900017,0.7017859
23.0000019,0.7049716
23.0100002,0.7022777
23.0200005,0.6987100
23.0300007,0.7054185
23.0400009,0.7265615
23.0500011,0.7243097
23.0600014,0.7557766
23.0700016,0.7612990
23.0800018,0.7530215
23.0900002,0.7495605
23.1000004,0.7316735
23.1100006,0.7353115
23.1200008,0.7160628
23.1300011,0.7583542
23.1400013,0.7601149
23.1500015,0.7748060
23.1600018,0.7758309
23.1700020,0.7902285
23.1800003,0.7723199
23.1900005,0.7561412
23.2000008,0.7888575
23.2100010,0.7843794
23.2200012,0.7643676
23.2300014,0.7294829
23.2400017,0.7285667
23.2500019,0.7289233
23.2600002,0.7299800
23.2700005,0.6920568
23.2800007,0.6603419
23.2900009,0.6534368
23.3000011,0.7088774
23.3100014,0.7331922
23.3200016,0.6843578
23.3300018,0.6824290
23.3400021,0.6971805
23.3500004,0.7187608
23.3600006,0.7414877
23.3700008,0.7029723
23.3800011,0.7234706
23.3900013,0.7524795
23.4000015,0.7621323
23.4100018,0.7510995
23.4200020,0.7252061
23.4300003,0.7410480
23.4400005,0.7424923
23.4500008,0.7476083
23.4600010,0.7407126
23.4700012,0.7049358
23.4800014,0.7504866
23.4900017,0.7486984
23.5000019,0.7604433
23.5100002,0.7445415
23.5200005,0.7370571
23.5300007,0.7299961
23.5400009,0.7707400
23.5500011,0.7539941
23.5600014,0.7476178
23.5700016,0.7291297
23.5800018,0.7112888
23.5900021,0.7261280
23.6000004,0.7191432
23.6100006,0.7033311
23.6200008,0.7244974
23.6300011,0.7430589
23.6400013,0.7307964
23.6500015,0.7318219
23.6600018,0.6955507
23.6700020,0.7149813
23.6800003,0.7208152
23.6900005,0.7233144
23.7000008,0.7079533
23.7100010,0.7192464
23.7200012,0.7351415
23.7300014,0.7173326
23.7400017,0.7162263
23.7500019,0.7516195
23.7600002,0.7360407
23.7700005,0.7416102
23.7800007,0.7086403
23.7900009,0.7057418
23.8000011,0.7462429
23.8100014,0.7473271
23.8200016,0.7459262
23.8300018,0.7051089
23.8400021,0.6591125
23.8500004,0.6555832
23.8600006,0.6362208
23.8700008,0.6390222
23.8800011,0.6305411
23.8900013,0.6521558
23.9000015,0.6574250
23.9100018,0.6571259
23.9200020,0.6903152
23.9300003,0.6512016
23.9400005,0.6773995
23.9500008,0.7117428
23.9600010,0.7205508
23.9700012,0.7275162
23.9800014,0.7094516
23.9900017,0.7348094
24.0000019,0.7531120
24.0100002,0.7278975
24.0200005,0.7430103
24.0300007,0.7223290
24.0400009,0.7206399
24.0500011,0.7459965
24.0600014,0.7775503
24.0700016,0.7681126
24.0800018,0.7415141
24.0900021,0.7518553
24.1000004,0.7209047
24.1100006,0.6893533
24.1200008,0.6652588
24.1300011,0.6922137
24.1400013,0.6845478
24.1500015,0.6946863
24.1600018,0.6777005
24.1700020,0.7258876
24.1800003,0.7201636
24.1900005,0.7032171
24.2000008,0.6996191
24.2100010,0.7047639
24.2200012,0.6875427
24.2300014,0.7448680
24.2400017,0.7481964
24.2500019,0.7387305
24.2600002,0.7499422
24.2700005,0.7196395
24.2800007,0.7270630
24.2900009,0.7210262
24.3000011,0.7016302
24.3100014,0.7086930
24.3200016,0.6940541
24.3300018,0.7084728
24.3400021,0.7144845
24.3500004,0.7260907
24.3600006,0.7125171
24.3700008,0.7534493
24.3800011,0.7601140
24.3900013,0.7466315
24.4000015,0.7447965
24.4100018,0.6845009
24.4200020,0.6899755
24.4300003,0.6954114
24.4400005,0.7296031
24.4500008,0.6927343
24.4600010,0.6985130
24.4700012,0.6862228
24.4800014,0.7012586
24.4900017,0.7156688
24.5000019,0.7306268
24.5100002,0.7151531
24.5200005,0.7213753
24.5300007,0.6889892
24.5400009,0.6920528
24.5500011,0.7276292
24.5600014,0.7134076
24.5700016,0.7262886
24.5800018,0.6887664
24.5900021,0.7019740
24.6000004,0.7017410
24.6100006,0.7005894
24.6200008,0.6955381
24.6300011,0.6998253
24.6400013,0.6842173
24.6500015,0.6585864
24.6600018,0.6443589
24.6700020,0.6621408
24.6800003,0.7000313
24.6900005,0.6734666
24.7000008,0.6758718
24.7100010,0.6704465
24.7200012,0.6872599
24.7300014,0.6965895
24.7400017,0.6978688
24.7500019,0.6931928
24.7600002,0.6915777
24.7700005,0.7335930
24.7800007,0.7218499
24.7900009,0.6931216
24.8000011,0.6861233
24.8100014,0.6798450
24.8200016,0.6563879
24.8300018,0.6618795
24.8400021,0.6775365
24.8500004,0.6414582
24.8600006,0.6378871
24.8700008,0.6218821
24.8800011,0.6774500
24.8900013,0.6710853
24.9000015,0.6772092
24.9100018,0.6898113
24.9200020,0.6823698
24.9300003,0.7009616
24.9400005,0.6875266
24.9500008,0.6780687
24.9600010,0.7079871
24.9700012,0.6795874
24.9800014,0.6794491
24.9900017,0.6602266
25.0000019,0.6936257
25.0100021,0.6895899
25.0200005,0.6821986
25.0300007,0.6964331
25.0400009,0.7239890
25.0500011,0.7160915
25.0600014,0.7542848
25.0700016,0.7740534
25.0800018,0.7375177
25.0900021,0.7542711
25.1000004,0.7239226
25.1100006,0.7367198
25.1200008,0.7392290
25.1300011,0.6980076
25.1400013,0.7056082
25.1500015,0.7010170
25.1600018,0.7125306
25.1700020,0.6962141
25.1800003,0.7207572
25.1900005,0.6797118
25.2000008,0.7281795
25.2100010,0.6995874
25.2200012,0.7136680
25.2300014,0.7193271
25.2400017,0.7183025
25.2500019,0.7410969
25.2600021,0.7077357
25.2700005,0.7090569
25.2800007,0.6791443
25.2900009,0.7261741
25.3000011,0.6984950
25.3100014,0.7267222
25.3200016,0.6712441
25.3300018,0.6819310
25.3400021,0.6800250
25.3500004,0.7047976
25.3600006,0.6875240
25.3700008,0.6933510
25.3800011,0.6837236
25.3900013,0.6854733
25.4000015,0.7078543
25.4100018,0.7021700
25.4200020,0.7103752
25.4300003,0.7234089
25.4400005,0.6839914
25.4500008,0.7358775
25.4600010,0.7508185
25.4700012,0.7554169
25.4800014,0.7543994
25.4900017,0.7798390
25.5000019,0.7684832
25.5100021,0.7421123
25.5200005,0.7320722
25.5300007,0.7494754
25.5400009,0.7424018
25.5500011,0.7580156
25.5600014,0.7843684
25.5700016,0.7773079
25.5800018,0.7445909
25.5900021,0.7627261
25.6000004,0.7512639
25.6100006,0.7492229
25.6200008,0.7215837
25.6300011,0.6923188
25.6400013,0.7264270
25.6500015,0.7379121
25.6600018,0.7436436
25.6700020,0.7561287
25.6800003,0.7369517
25.6900005,0.7338920
25.7000008,0.7113990
25.7100010,0.7204711
25.7200012,0.6904206
25.7300014,0.7178418
25.7400017,0.7179988
25.7500019,0.7320161
25.7600021,0.7067465
25.7700005,0.6829639
25.7800007,0.7359499
25.7900009,0.7370027
25.8000011,0.7500561
25.8100014,0.7303842
25.8200016,0.7441485
25.8300018,0.7509493
25.8400021,0.7314610
25.8500004,0.7317383
25.8600006,0.7015694
25.8700008,0.6973391
25.8800011,0.7327949
25.8900013,0.7006615
25.9000015,0.7066845
25.9100018,0.7159536
25.9200020,0.7434719
25.9300003,0.7245444
25.9400005,0.7550013
25.9500008,0.6950319
25.9600010,0.7254843
25.9700012,0.7332051
25.9800014,0.7530437
25.9900017,0.7569310
26.0000019,0.7579429
26.0100021,0.7256672
26.0200005,0.7385446
26.0300007,0.7072682
26.0400009,0.6875489
26.0500011,0.6818290
26.0600014,0.6870862
26.0700016,0.7120007
26.0800018,0.7028771
26.0900021,0.7320888
26.1000004,0.6833228
26.1100006,0.6945463
26.1200008,0.6683827
26.1300011,0.6786205
26.1400013,0.6794922
26.1500015,0.7378117
26.1600018,0.7129527
26.1700020,0.7127951
26.1800003,0.7406514
26.1900005,0.7190539
26.2000008,0.7387007
26.2100010,0.7407587
26.2200012,0.7387822
26.2300014,0.7515353
26.2400017,0.7071310
26.2500019,0.6582022
26.2600021,0.6758286
26.2700005,0.6521128
26.2800007,0.7295531
26.2900009,0.7309802
26.3000011,0.7732836
26.3100014,0.7683814
26.3200016,0.7751046
26.3300018,0.7728916
26.3400021,0.7882543
26.3500004,0.7435637
26.3600006,0.7484106
26.3700008,0.7618817
26.3800011,0.7474024
26.3900013,0.7634431
26.4000015,0.7598550
26.4100018,0.7533951
26.4200020,0.7694257
26.4300003,0.7586703
26.4400005,0.7365294
26.4500008,0.7568445
26.4600010,0.7670073
26.4700012,0.7851241
26.4800014,0.7662440
26.4900017,0.7385414
26.5000019,0.7449662
26.5100021,0.7452566
26.5200005,0.7463926
26.5300007,0.7669003
26.5400009,0.7437459
26.5500011,0.7049146
26.5600014,0.7180820
26.5700016,0.6999887
26.5800018,0.7103445
26.5900021,0.7325926
26.6000004,0.7452580
26.6100006,0.7573260
26.6200008,0.7490394
26.6300011,0.7443998
26.6400013,0.7046568
26.6500015,0.7073463
26.6600018,0.6773666
26.6700020,0.6975802
26.6800022,0.7012430
26.6900005,0.7241580
26.7000008,0.7265331
26.7100010,0.7016013
26.7200012,0.6948528
26.7300014,0.7185563
26.7400017,0.6944755
26.7500019,0.6926155
26.7600021,0.7027985
26.7700005,0.7148347
26.7800007,0.7110193
26.7900009,0.6772487
26.8000011,0.7035225
26.8100014,0.6989484
26.8200016,0.6729741
26.8300018,0.6962647
26.8400021,0.7156085
26.8500004,0.7301575
26.8600006,0.7870016
26.8700008,0.8040204
26.8800011,0.8112956
26.8900013,0.8284776
26.9000015,0.7902307
26.9100018,0.7747915
26.9200020,0.8002339
26.9300022,0.8157099
26.9400005,0.7940309
26.9500008,0.8024543
26.9600010,0.8178833
26.9700012,0.7950900
26.9800014,0.7707541
26.9900017,0.7833274
27.0000019,0.7248055
27.0100021,0.7729498
27.0200005,0.8502944
27.0300007,0.9093938
27.0400009,0.8661141
27.0500011,0.9375665
27.0600014,0.9004873
27.0700016,0.9000408
27.0800018,0.8937464
27.0900021,0.8640273
27.1000004,0.8439159
27.1100006,0.8430628
27.1200008,0.7848929
27.1300011,0.7786645
27.1400013,0.7506643
27.1500015,0.7638927
27.1600018,0.7134875
27.1700020,0.7049647
27.1800022,0.6993212
27.1900005,0.7140653
27.2000008,0.7206789
27.2100010,0.7545221
27.2200012,0.7890204
27.2300014,0.7535616
27.2400017,0.7536601
27.2500019,0.7840950
27.2600021,0.7918779
27.2700005,0.7886142
27.2800007,0.7973466
27.2900009,0.8723838
27.3000011,0.8400131
27.3100014,0.7927895
27.3200016,0.7411205
27.3300018,0.7950857
27.3400021,0.8284326
27.3500004,0.8407603
27.3600006,0.8381745
27.3700008,0.8150126
27.3800011,0.8362572
27.3900013,0.8689259
27.4000015,0.9210569
27.4100018,0.9623161
27.4200020,0.8993088
27.4300022,0.8367405
27.4400005,0.7923711
27.4500008,0.8603899
27.4600010,0.7976301
27.4700012,0.8524232
27.4800014,0.7976684
27.4900017,0.7677908
27.5000019,0.8243813
27.5100021,0.7895362
27.5200005,0.7729971
27.5300007,0.7988125
27.5400009,0.8203298
27.5500011,0.8063898
27.5600014,0.7334963
27.5700016,0.7158148
27.5800018,0.7050297
27.5900021,0.7097632
27.6000004,0.6262025
27.6100006,0.6376371
27.6200008,0.5881775
27.6300011,0.4909159
27.6400013,0.4965923
27.6500015,0.5638674
27.6600018,0.7157395
27.6700020,0.7288278
27.6800022,0.7654178
27.6900005,0.7914099
27.7000008,0.8564108
27.7100010,0.8763580
27.7200012,0.8990741
27.7300014,0.9071727
27.7400017,0.8856239
27.7500019,0.8280734
27.7600021,0.7900546
27.7700005,0.7504227
27.7800007,0.7957435
27.7900009,0.8340989
27.8000011,0.8682941
27.8100014,0.8443714
27.8200016,0.9237434
27.8300018,0.9840303
27.8400021,0.9755763
27.8500004,1.0193752
27.8600006,1.0319672
27.8700008,1.0126464
27.8800011,1.0278825
27.8900013,0.9606053
27.9000015,0.9726743
27.9100018,0.9540247
27.9200020,0.9265531
27.9300022,1.1135759
27.9400005,1.1620269
27.9500008,1.0721333
27.9600010,1.0329567
27.9700012,0.9821780
27.9800014,0.9539737
27.9900017,1.0397254
28.0000019,0.9496452
28.0100021,0.9479666
28.0200005,0.8706906
28.0300007,0.8490168
28.0400009,0.8092118
28.0500011,0.7801040
28.0600014,0.7636289
28.0700016,0.8160258
28.0800018,0.8869145
28.0900021,0.9405765
28.1000004,0.8702989
28.1100006,0.9368212
28.1200008,0.9356784
28.1300011,0.9246643
28.1400013,0.9030905
28.1500015,0.9617664
28.1600018,0.8811330
28.1700020,0.8149115
28.1800022,0.8712177
28.1900005,0.8481127
28.2000008,0.7000813
28.2100010,0.8039984
28.2200012,0.7155221
28.2300014,0.6762309
28.2400017,0.6543441
28.2500019,0.7002236
28.2600021,0.6750382
28.2700005,0.7710934
28.2800007,0.7856108
28.2900009,0.7695757
28.3000011,0.7906743
28.3100014,0.8300377
28.3200016,0.8207551
28.3300018,0.9271059
28.3400021,0.8690466
28.3500023,0.8817933
28.3600006,0.9700363
28.3700008,1.0057765
28.3800011,1.0467352
28.3900013,1.0405264
28.4000015,1.0608706
28.4100018,1.0350217
28.4200020,0.9850509
28.4300022,0.9691463
28.4400005,1.0123223
28.4500008,1.0471762
28.4600010,1.0347292
28.4700012,0.9894540
28.4800014,1.0415688
28.4900017,1.0023791
28.5000019,0.9627601
28.5100021,0.8845827
28.5200005,0.8989425
28.5300007,0.9848506
28.5400009,1.0509126
28.5500011,1.0168639
28.5600014,0.9679114
28.5700016,0.9337544
28.5800018,0.9238558
28.5900021,0.9220294
28.6000023,0.8938036
28.6100006,0.9134099
28.6200008,0.8603112
28.6300011,0.9069033
28.6400013,0.8449735
28.6500015,0.7966259
28.6600018,0.8286771
28.6700020,0.8562315
28.6800022,0.8125300
28.6900005,0.8123276
28.7000008,0.8007072
28.7100010,0.8066007
28.7200012,0.8227726
28.7300014,0.8621852
28.7400017,0.8445611
28.7500019,0.8799564
28.7600021,0.8640692
28.7700005,0.9564515
28.7800007,0.9329676
28.7900009,0.9039821
28.8000011,0.8968219
28.8100014,0.8763256
28.8200016,0.9662284
28.8300018,0.9330184
28.8400021,0.9618746
28.8500023,0.9341872
28.8600006,0.9759411
28.8700008,0.9207466
28.8800011,0.9036224
28.8900013,0.9053460
28.9000015,0.9684186
28.9100018,0.9153523
28.9200020,0.9159476
28.9300022,0.9143164
28.9400005,0.8804212
28.9500008,0.8830841
28.9600010,0.8838871
28.9700012,0.8938707
28.9800014,0.9143785
28.9900017,0.9162273
29.0000019,0.9724971
29.0100021,0.9077864
29.0200005,0.9511279
29.0300007,0.9822552
29.0400009,0.9189167
29.0500011,0.9853832
29.0600014,0.9777231
29.0700016,0.9362865
29.0800018,0.9509945
29.0900021,0.9369207
29.1000023,0.9674541
29.1100006,1.0635377
29.1200008,1.0266408
29.1300011,1.0376108
29.1400013,1.0350966
29.1500015,1.0184999
29.1600018,1.0685842
29.1700020,0.9776556
29.1800022,1.0757680
29.1900005,1.0111583
29.2000008,0.9591509
29.2100010,0.9323061
29.2200012,0.9442093
29.2300014,0.8536265
29.2400017,0.7861524
29.2500019,0.7311181
29.2600021,0.7073050
29.2700005,0.6734818
29.2800007,0.7305932
29.2900009,0.7541976
29.3000011,0.6764492
29.3100014,0.6563411
29.3200016,0.6627140
29.3300018,0.7765008
29.3400021,0.7667769
29.3500023,0.7435482
29.3600006,0.7459339
29.3700008,0.7842119
29.3800011,0.7720997
29.3900013,0.8537514
29.4000015,0.8274767
29.4100018,0.8179078
29.4200020,0.8329297
29.4300022,0.8377174
29.4400005,0.8850045
29.4500008,0.8662447
29.4600010,0.8698997
29.4700012,0.8365322
29.4800014,0.8850939
29.4900017,0.9003325
29.5000019,0.9229957
29.5100021,0.9103261
29.5200005,0.8671713
29.5300007,0.8787839
29.5400009,0.8713377
29.5500011,0.8803194
29.5600014,0.8862020
29.5700016,0.8235180
29.5800018,0.8062006
29.5900021,0.7884500
29.6000023,0.7612129
29.6100006,0.7654254
29.6200008,0.7668574
29.6300011,0.7460266
29.6400013,0.7780163
29.6500015,0.7215462
29.6600018,0.6910786
29.6700020,0.7142992
29.6800022,0.6941450
29.6900005,0.6948698
29.7000008,0.6532540
29.7100010,0.6519095
29.7200012,0.6694368
29.7300014,0.6497511
29.7400017,0.6266406
29.7500019,0.6489994
29.7600021,0.6434543
29.7700024,0.6114780
29.7800007,0.5643955
29.7900009,0.6219803
29.8000011,0.6778157
29.8100014,0.6560044
29.8200016,0.6346475
29.8300018,0.6488554
29.8400021,0.6084360
29.8500023,0.6486150
29.8600006,0.6739736
29.8700008,0.6936322
29.8800011,0.7259969
29.8900013,0.7129458
29.9000015,0.7400581
29.9100018,0.7506732
29.9200020,0.7667591
29.9300022,0.7812274
29.9400005,0.7503870
29.9500008,0.7147275
29.9600010,0.7074100
29.9700012,0.6954339
29.9800014,0.6996319
29.9900017,0.7170748
30.0000019,0.7466679
30.0100021,0.7235932
30.0200024,0.6803714
30.0300007,0.7020251
30.0400009,0.6646731
30.0500011,0.6490476
30.0600014,0.6548855
30.0700016,0.6748192
30.0800018,0.7031935
30.0900021,0.7269234
30.1000023,0.6918404
30.1100006,0.6607681
30.1200008,0.7519571
30.1300011,0.7496076
30.1400013,0.6596727
30.1500015,0.6614802
30.1600018,0.6548998
30.1700020,0.6731620
30.1800022,0.6604272
30.1900005,0.6769107
30.2000008,0.6847193
30.2100010,0.6454055
30.2200012,0.6380761
30.2300014,0.6622868
30.2400017,0.6022699
30.2500019,0.6042681
30.2600021,0.5856933
30.2700024,0.6064202
30.2800007,0.5810474
30.2900009,0.6396145
30.3000011,0.6276007
30.3100014,0.6161284
30.3200016,0.5940763
30.3300018,0.6031085
30.3400021,0.5660822
30.3500023,0.5466162
30.3600006,0.5725453
30.3700008,0.5980259
30.3800011,0.6165415
30.3900013,0.5964515
30.4000015,0.5506083
30.4100018,0.5501536
30.4200020,0.5520926
30.4300022,0.5609784
30.4400005,0.5187716
30.4500008,0.5320649
30.4600010,0.5344256
30.4700012,0.5305856
30.4800014,0.5164179
30.4900017,0.5202862
30.5000019,0.5241740
30.5100021,0.5050434
30.5200024,0.4717287
30.5300007,0.4833035
30.5400009,0.4663375
30.5500011,0.4923398
30.5600014,0.5598150
30.5700016,0.5494659
30.5800018,0.5748063
30.5900021,0.5195308
30.6000023,0.5257876
30.6100006,0.5326673
30.6200008,0.5061772
30.6300011,0.5529407
30.6400013,0.5673923
30.6500015,0.5803578
30.6600018,0.5699577
30.6700020,0.5640833
30.6800022,0.5823715
30.6900005,0.6360178
30.7000008,0.6157451
30.7100010,0.6442292
30.7200012,0.6384044
30.7300014,0.5681442
30.7400017,0.5950239
30.7500019,0.5763534
30.7600021,0.5796608
30.7700024,0.5965047
30.7800007,0.5718575
30.7900009,0.6164072
30.8000011,0.6017535
30.8100014,0.5725104
30.8200016,0.5667588
30.8300018,0.5441682
30.8400021,0.5618837
30.8500023,0.5464385
30.8600006,0.5398556
30.8700008,0.5612793
30.8800011,0.5309018
30.8900013,0.5378288
30.9000015,0.5617989
30.9100018,0.5608999
30.9200020,0.5446437
30.9300022,0.5209507
30.9400005,0.5113988
30.9500008,0.5300469
30.9600010,0.5394222
30.9700012,0.5146816
30.9800014,0.5048588
30.9900017,0.5393742
31.0000019,0.5532293
31.0100021,0.5660767
31.0200024,0.5838758
31.0300007,0.6442356
31.0400009,0.6511996
31.0500011,0.6159812
31.0600014,0.6387536
31.0700016,0.6402413
31.0800018,0.6140499
31.0900021,0.5484102
31.1000023,0.5516679
31.1100006,0.5531241
31.1200008,0.5767611
31.1300011,0.5897114
31.1400013,0.6177046
31.1500015,0.6382485
31.1600018,0.6183644
31.1700020,0.6519411
31.1800022,0.6808396
31.1900005,0.6419619
31.2000008,0.6931692
31.2100010,0.6875153
31.2200012,0.6790460
31.2300014,0.6546962
31.2400017,0.6484644
31.2500019,0.6406055
31.2600021,0.6030134
31.2700024,0.5862565
31.2800007,0.6112976
31.2900009,0.6341439
31.3000011,0.6673881
31.3100014,0.6457992
31.3200016,0.6563401
31.3300018,0.6740020
31.3400021,0.6550815
31.3500023,0.6952994
31.3600006,0.7226667
31.3700008,0.7475130
31.3800011,0.8174901
31.3900013,0.7971107
31.4000015,0.8029883
31.4100018,0.7697490
31.4200020,0.8173833
31.4300022,0.7500047
31.4400024,0.7417611
31.4500008,0.7162734
31.4600010,0.7246886
31.4700012,0.7030854
31.4800014,0.6881737
31.4900017,0.7159150
31.5000019,0.6954849
31.5100021,0.6965482
31.5200024,0.7409056
31.5300007,0.7320399
31.5400009,0.6967450
31.5500011,0.7222676
31.5600014,0.7495317
31.5700016,0.7368777
31.5800018,0.7993257
31.5900021,0.7894655
31.6000023,0.7701903
31.6100006,0.8375692
31.6200008,0.8438365
31.6300011,0.8464331
31.6400013,0.8347149
31.6500015,0.8008794
31.6600018,0.8226389
31.6700020,0.9184316
31.6800022,0.8752311
31.6900024,0.8607888
31.7000008,0.8652685
31.7100010,0.8459603
31.7200012,0.8784785
31.7300014,0.8884057
31.7400017,0.8367944
31.7500019,0.8664882
31.7600021,0.8402009
31.7700024,0.8471277
31.7800007,0.8856738
31.7900009,0.8599562
31.8000011,0.9200487
31.8100014,1.0007578
31.8200016,0.9871418
31.8300018,0.9755459
31.8400021,0.9585487
31.8500023,0.9373881
31.8600006,0.9752274
31.8700008,0.9707414
31.8800011,0.8547739
31.8900013,0.9143583
31.9000015,0.8646246
31.9100018,0.8804994
31.9200020,0.8887681
31.9300022,0.9306750
31.9400024,0.9318866
31.9500008,0.9950761
31.9600010,1.0270532
31.9700012,0.9948322
31.9800014,0.9960769
31.9900017,1.0007790
32.0000000,1.0677254
32.0100021,1.0738735
32.0200005,1.1202749
32.0300026,1.1216625
32.0400009,1.1922055
32.0500031,1.1390975
32.0600014,1.2602210
32.0699997,1.3005687
32.0800018,1.2098303
32.0900002,1.1622523
32.1000023,1.0818827
32.1100006,1.1244678
32.1200027,1.0955915
32.1300011,0.9894283
32.1400032,0.9108021
32.1500015,0.8811151
32.1599998,0.9201210
32.1700020,0.8872450
32.1800003,0.9107520
32.1900024,0.9221480
32.2000008,1.0814966
32.2100029,1.0877216
32.2200012,1.0777687
32.2300034,1.0050439
32.2400017,0.9729117
32.2500000,0.9104468
32.2600021,0.9833041
32.2700005,0.9346874
32.2800026,0.9456559
32.2900009,0.9921266
32.3000031,0.9486374
32.3100014,0.9794475
32.3199997,1.0098516
32.3300018,1.0366662
32.3400002,1.0259113
32.3500023,1.0134478
32.3600006,0.9843003
32.3700027,1.0638462
32.3800011,1.0993806
32.3900032,1.0672188
32.4000015,1.0413529
32.4099998,1.0272985
32.4200020,1.0419399
32.4300003,1.0076892
32.4400024,0.9885792
32.4500008,0.9870617
32.4600029,0.9669635
32.4700012,0.9150760
32.4800034,0.8786017
32.4900017,0.8864105
32.5000000,0.9326416
32.5100021,1.0152868
32.5200005,1.0168408
32.5300026,1.0278006
32.5400009,1.0513875
32.5500031,1.0646282
32.5600014,1.1007503
32.5699997,1.0560950
32.5800018,0.9874076
32.5900002,0.9900569
32.6000023,1.0562556
32.6100006,1.0377800
32.6200027,1.0576904
32.6300011,1.0035156
32.6400032,0.9846181
32.6500015,0.9380395
32.6599998,0.9685681
32.6700020,0.9794552
32.6800003,1.0149597
32.6900024,0.9674736
32.7000008,0.9393656
32.7100029,0.8963462
32.7200012,0.9364593
32.7300034,0.8851753
32.7400017,0.8210143
32.7500000,0.8559757
32.7600021,0.8733144
32.7700005,0.8606841
32.7800026,0.8684960
32.7900009,0.8668195
32.8000031,0.8879332
32.8100014,0.8926336
32.8199997,0.8848457
32.8300018,0.8535302
32.8400002,0.8804419
32.8500023,0.8934553
32.8600006,0.9181671
32.8700027,0.8705790
32.8800011,0.9099571
32.8900032,0.8973865
32.9000015,0.9024413
32.9099998,0.9077468
32.9200020,0.8730707
32.9300003,0.9521473
32.9400024,0.9079132
32.9500008,0.8674841
32.9600029,0.8697926
32.9700012,0.9041566
32.9800034,0.8148320
32.9900017,0.8621743
33.0000000,0.8707390
33.0100021,0.8768493
33.0200005,0.8370810
33.0300026,0.8217387
33.0400009,0.8387565
33.0500031,0.8347030
33.0600014,0.8750408
33.0699997,0.8667257
33.0800018,0.8678030
33.0900002,0.8944682
33.1000023,0.9037312
33.1100006,0.9011067
33.1200027,0.8895904
33.1300011,0.9266129
33.1400032,0.9485901
33.1500015,0.9167253
33.1599998,0.9350817
33.1700020,0.9665061
33.1800003,0.9661005
33.1900024,0.9467158
33.2000008,0.9366857
33.2100029,1.0047290
33.2200012,0.9996740
33.2300034,0.9299999
33.2400017,0.8553188
33.2500000,0.8871312
33.2600021,0.9219535
33.2700005,0.8504539
33.2800026,0.8806015
33.2900009,0.8517559
33.3000031,0.8374715
33.3100014,0.8522013
33.3199997,0.8150890
33.3300018,0.7948374
33.3400002,0.8019339
33.3500023,0.8147900
33.3600006,0.7814344
33.3700027,0.8287587
33.3800011,0.8918536
33.3900032,0.9014634
33.4000015,0.9418472
33.4099998,0.8920826
33.4200020,0.8695763
33.4300003,0.9185430
33.4400024,0.8230544
33.4500008,0.9107575
33.4600029,0.8676189
33.4700012,0.7864588
33.4800034,0.8278444
33.4900017,0.8223599
33.5000000,0.8243598
33.5100021,0.8145913
33.5200005,0.8774363
33.5300026,0.8026918
33.5400009,0.7773569
33.5500031,0.7889951
33.5600014,0.7215573
33.5699997,0.6838924
33.5800018,0.6904827
33.5900002,0.7933068
33.6000023,0.8642498
33.6100006,0.8424965
33.6200027,0.8764981
33.6300011,0.8386940
33.6400032,0.8752663
33.6500015,0.8452979
33.6599998,0.8074626
33.6700020,0.8277560
33.6800003,0.8666092
33.6900024,0.8663988
33.7000008,0.9198386
33.7100029,0.9325305
33.7200012,0.9284506
33.7300034,0.9164050
33.7400017,0.8576052
33.7500000,0.8554153
33.7600021,0.8893365
33.7700005,0.8761545
33.7800026,0.8689253
33.7900009,0.8340694
33.8000031,0.8373548
33.8100014,0.8435083
33.8200035,0.8322643
33.8300018,0.9058002
33.8400002,0.8195704
33.8500023,0.7958261
33.8600006,0.8438053
33.8700027,0.8723294
33.8800011,0.8501129
33.8900032,0.9112500
33.9000015,0.8806988
33.9099998,0.9249153
33.9200020,0.8502335
33.9300003,0.8560823
33.9400024,0.9053774
33.9500008,0.8922545
33.9600029,0.8216696
33.9700012,0.8359737
33.9800034,0.8374186
33.9900017,0.8062050
34.0000000,0.8087845
34.0100021,0.8060898
34.0200005,0.7694445
34.0300026,0.8464265
34.0400009,0.8789155
34.0500031,0.8130186
34.0600014,0.7493247
34.0700035,0.7668842
34.0800018,0.7542284
34.0900002,0.7691514
34.1000023,0.6946788
34.1100006,0.7246166
34.1200027,0.7712255
34.1300011,0.7346602
34.1400032,0.8014187
34.1500015,0.7444497
34.1599998,0.7461980
34.1700020,0.7343510
34.1800003,0.7866228
34.1900024,0.8704748
34.2000008,0.7824742
34.2100029,0.7439532
34.2200012,0.6719086
34.2300034,0.7712654
34.2400017,0.7837232
34.2500000,0.7592726
34.2600021,0.7720113
34.2700005,0.8302125
34.2800026,0.8436454
34.2900009,0.7344638
34.3000031,0.6675461
34.3100014,0.7162983
34.3200035,0.7412269
34.3300018,0.7376019
34.3400002,0.7313809
34.3500023,0.7600684
34.3600006,0.8949623
34.3700027,0.7778383
34.3800011,0.7793674
34.3900032,0.7278416
34.4000015,0.7180315
34.4099998,0.7292336
34.4200020,0.6559988
34.4300003,0.7664894
34.4400024,0.7119873
34.4500008,0.7249141
34.4600029,0.7215095
34.4700012,0.6920593
34.4800034,0.6656280
34.4900017,0.6613083
34.5000000,0.7499066
34.5100021,0.7607214
34.5200005,0.7693622
34.5300026,0.8548343
34.5400009,0.8982298
34.5500031,0.8589421
34.5600014,0.8326243
34.5700035,0.7898541
34.5800018,0.7788564
34.5900002,0.7651025
34.6000023,0.7503335
34.6100006,0.7256107
34.6200027,0.6983930
34.6300011,0.7126440
34.6400032,0.6563686
34.6500015,0.6295727
34.6599998,0.6879201
34.6700020,0.6678433
34.6800003,0.7155960
34.6900024,0.6407440
34.7000008,0.7173405
34.7100029,0.7467528
34.7200012,0.7036092
34.7300034,0.6867178
34.7400017,0.7118081
34.7500000,0.7129707
34.7600021,0.7244686
34.7700005,0.7573044
34.7800026,0.8126876
34.7900009,0.8316726
34.8000031,0.8313354
34.8100014,0.8198282
34.8200035,0.7888267
34.8300018,0.7748339
34.8400002,0.8075925
34.8500023,0.7831416
34.8600006,0.7397655
34.8700027,0.7257758
34.8800011,0.7106190
34.8900032,0.7388513
34.9000015,0.7716867
34.9099998,0.7370932
34.9200020,0.8297542
34.9300003,0.7321091
34.9400024,0.7742170
34.9500008,0.8212701
34.9600029,0.7687697
34.9700012,0.7893692
34.9800034,0.8040934
34.9900017,0.7966607
35.0000000,0.8432795
35.0100021,0.9406211
35.0200005,0.9294407
35.0300026,0.9652486
35.0400009,1.0200450
35.0500031,1.0200694
35.0600014,1.0097414
35.0700035,0.9446092
35.0800018,0.8770090
35.0900002,0.9182233
35.1000023,0.9353658
35.1100006,0.9008250
35.1200027,1.0047245
35.1300011,0.9895596
35.1400032,0.9386312
35.1500015,0.8217382
35.1599998,0.8470248
35.1700020,0.8303537
35.1800003,0.8642485
35.1900024,0.8654601
35.2000008,0.8063596
35.2100029,0.7773315
35.2200012,0.8185979
35.2300034,0.8043250
35.2400017,0.7752974
35.2500000,0.8148521
35.2600021,0.7480602
35.2700005,0.7046095
35.2800026,0.6976597
35.2900009,0.7181305
35.3000031,0.7884792
35.3100014,0.7589532
35.3200035,0.7812877
35.3300018,0.8309138
35.3400002,0.6960554
35.3500023,0.7407590
35.3600006,0.7402786
35.3700027,0.7203385
35.3800011,0.7706146
35.3900032,0.7379330
35.4000015,0.8096532
35.4099998,0.7470046
35.4200020,0.7286250
35.4300003,0.6644758
35.4400024,0.7172622
35.4500008,0.7157388
35.4600029,0.6992885
35.4700012,0.6764193
35.4800034,0.7129023
35.4900017,0.6613958
35.5000000,0.6846384
35.5100021,0.6070573
35.5200005,0.6046195
35.5300026,0.5726885
35.5400009,0.5635872
35.5500031,0.5830244
35.5600014,0.5870740
35.5700035,0.6193937
35.5800018,0.6750149
35.5900002,0.6635563
35.6000023,0.6702880
35.6100006,0.6531255
35.6200027,0.6223291
35.6300011,0.6258666
35.6400032,0.6320382
35.6500015,0.5815933
35.6599998,0.5846330
35.6700020,0.5806737
35.6800003,0.6287576
35.6900024,0.6317635
35.7000008,0.6360468
35.7100029,0.6260689
35.7200012,0.6157405
35.7300034,0.6892502
35.7400017,0.6457461
35.7500000,0.6601306
35.7600021,0.6387270
35.7700005,0.7006224
35.7800026,0.7469339
35.7900009,0.7583799
35.8000031,0.7939277
35.8100014,0.8269438
35.8200035,0.7760412
35.8300018,0.7505457
35.8400002,0.7347271
35.8500023,0.7158344
35.8600006,0.7458003
35.8700027,0.7636227
35.8800011,0.6564370
35.8900032,0.6625286
35.9000015,0.6992699
35.9099998,0.6353793
35.9200020,0.6148804
35.9300003,0.6350546
35.9400024,0.6050303
35.9500008,0.6018659
35.9600029,0.6949844
35.9700012,0.6757038
35.9800034,0.6419083
35.9900017,0.6454105
36.0000000,0.6684475
36.0100021,0.6703901
36.0200005,0.6494625
36.0300026,0.6774621
36.0400009,0.6195970
36.0500031,0.5949483
36.0600014,0.5725064
36.0700035,0.5149868
36.0800018,0.5155659
36.0900002,0.5224470
36.1000023,0.5459884
36.1100006,0.5505681
36.1200027,0.5394951
36.1300011,0.5506786
36.1400032,0.5853567
36.1500015,0.5677448
36.1599998,0.5843064
36.1700020,0.5471011
36.1800003,0.5447074
36.1900024,0.5732774
36.2000008,0.5888305
36.2100029,0.5757031
36.2200012,0.5338104
36.2300034,0.5468931
36.2400017,0.5783252
36.2500000,0.5401864
36.2600021,0.5834108
36.2700005,0.5632416
36.2800026,0.5581280
36.2900009,0.5365205
36.3000031,0.5370018
36.3100014,0.5527150
36.3200035,0.5684930
36.3300018,0.5339893
36.3400002,0.5637546
36.3500023,0.5504893
36.3600006,0.5333667
36.3700027,0.5373289
36.3800011,0.5359195
36.3900032,0.5235705
36.4000015,0.5264796
36.4099998,0.5260317
36.4200020,0.5536519
36.4300003,0.5423190
36.4400024,0.5437759
36.4500008,0.5620050
36.4600029,0.5503663
36.4700012,0.5298054
36.4800034,0.5254506
36.4900017,0.5152249
36.5000000,0.5335429
36.5100021,0.5431282
36.5200005,0.5735134
36.5300026,0.5462829
36.5400009,0.5275761
36.5500031,0.5476984
36.5600014,0.5475976
36.5700035,0.5407624
36.5800018,0.5659080
36.5900002,0.5510750
36.6000023,0.5511845
36.6100006,0.5730267
36.6200027,0.5649218
36.6300011,0.5647330
36.6400032,0.5657971
36.6500015,0.5687475
36.6599998,0.5656009
36.6700020,0.5444854
36.6800003,0.5319418
36.6900024,0.5205724
36.7000008,0.5572234
36.7100029,0.5648231
36.7200012,0.5569598
36.7300034,0.5528196
36.7400017,0.5349756
36.7500000,0.5471352
36.7600021,0.5598345
36.7700005,0.5656307
36.7800026,0.5392551
36.7900009,0.5678709
36.8000031,0.5612128
36.8100014,0.5475653
36.8200035,0.5300891
36.8300018,0.5308421
36.8400002,0.5434233
36.8500023,0.5730738
36.8600006,0.5521913
36.8700027,0.5954002
36.8800011,0.5846971
36.8900032,0.5964307
36.9000015,0.5795299
36.9099998,0.5627712
36.9200020,0.5524134
36.9300003,0.5656989
36.9400024,0.5784991
36.9500008,0.5701516
36.9600029,0.5613799
36.9700012,0.5743431
36.9800034,0.5615403
36.9900017,0.5332147
37.0000000,0.5749398
37.0100021,0.5820749
37.0200005,0.5788002
37.0300026,0.6057260
37.0400009,0.6332758
37.0500031,0.6446013
37.0600014,0.7028986
37.0700035,0.7045031
37.0800018,0.6785650
37.0900002,0.7094511
37.1000023,0.6862386
37.1100006,0.6731129
37.1200027,0.6705149
37.1300011,0.6594486
37.1400032,0.6630557
37.1500015,0.6483068
37.1600037,0.6708978
37.1700020,0.6482691
37.1800003,0.6320764
37.1900024,0.6270405
37.2000008,0.6115956
37.2100029,0.6215595
37.2200012,0.5809882
37.2300034,0.6509608
37.2400017,0.6855928
37.2500000,0.6464140
37.2600021,0.7070614
37.2700005,0.7403942
37.2800026,0.7723429
37.2900009,0.7236948
37.3000031,0.7576482
37.3100014,0.7225237
37.3200035,0.6995022
37.3300018,0.7296383
37.3400002,0.7926304
37.3500023,0.7228718
37.3600006,0.7265192
37.3700027,0.7562618
37.3800011,0.7596387
37.3900032,0.7875116
37.4000015,0.7881991
37.4100037,0.7647901
37.4200020,0.7717937
37.4300003,0.8305577
37.4400024,0.8133247
37.4500008,0.8460227
37.4600029,0.8605673
37.4700012,0.8057643
37.4800034,0.8264429
37.4900017,0.6880175
37.5000000,0.6962903
37.5100021,0.7207002
37.5200005,0.7480793
37.5300026,0.6550539
37.5400009,0.7521816
37.5500031,0.7345660
37.5600014,0.8021671
37.5700035,0.8535798
37.5800018,0.8150203
37.5900002,0.7443634
37.6000023,0.7325609
37.6100006,0.7409582
37.6200027,0.6748500
37.6300011,0.7096214
37.6400032,0.7213276
37.6500015,0.7093726
37.6600037,0.7280804
37.6700020,0.8040669
37.6800003,0.7726483
37.6900024,0.7680558
37.7000008,0.6737824
37.7100029,0.6810179
37.7200012,0.6913209
37.7300034,0.7146076
37.7400017,0.6850208
37.7500000,0.7392002
37.7600021,0.7400405
37.7700005,0.7585325
37.7800026,0.7410837
37.7900009,0.7365211
37.8000031,0.7264600
37.8100014,0.7736865
37.8200035,0.8195425
37.8300018,0.7889177
37.8400002,0.7346953
37.8500023,0.6691940
37.8600006,0.6496250
37.8700027,0.7166587
37.8800011,0.7256823
37.8900032,0.7914246
37.9000015,0.8235507
37.9100037,0.7760808
37.9200020,0.6795477
37.9300003,0.6845808
37.9400024,0.6179010
37.9500008,0.5610560
37.9600029,0.5975837
37.9700012,0.6054041
37.9800034,0.6397120
37.9900017,0.6149343
38.0000000,0.6770586
38.0100021,0.6839457
38.0200005,0.6832257
38.0300026,0.6372499
38.0400009,0.6303066
38.0500031,0.6013101
38.0600014,0.6240577
38.0700035,0.6292842
38.0800018,0.5906371
38.0900002,0.5725142
38.1000023,0.5794496
38.1100006,0.6175571
38.1200027,0.6636246
38.1300011,0.6346760
38.1400032,0.6296572
38.1500015,0.6147125
38.1600037,0.6438838
38.1700020,0.6446036
38.1800003,0.6104738
38.1900024,0.6256016
38.2000008,0.6256316
38.2100029,0.6655563
38.2200012,0.6193608
38.2300034,0.6413012
38.2400017,0.6179551
38.2500000,0.6002316
38.2600021,0.6231048
38.2700005,0.6139857
38.2800026,0.6280367
38.2900009,0.6338791
38.3000031,0.7028037
38.3100014,0.6400453
38.3200035,0.6562582
38.3300018,0.6653982
38.3400002,0.6648462
38.3500023,0.6581423
38.3600006,0.6815183
38.3700027,0.6562000
38.3800011,0.6969859
38.3900032,0.7108577
38.4000015,0.6490706
38.4100037,0.6587555
38.4200020,0.6861326
38.4300003,0.7075420
38.4400024,0.7101322
38.4500008,0.6944188
38.4600029,0.7320265
38.4700012,0.6616688
38.4800034,0.6706479
38.4900017,0.6242992
38.5000000,0.6515532
38.5100021,0.6478436
38.5200005,0.6357759
38.5300026,0.6326438
38.5400009,0.6164977
38.5500031,0.6685987
38.5600014,0.6359244
38.5700035,0.6784564
38.5800018,0.6262331
38.5900002,0.6293402
38.6000023,0.6421467
38.6100006,0.6594228
38.6200027,0.6315879
38.6300011,0.6391983
38.6400032,0.6515408
38.6500015,0.6186687
38.6600037,0.6487625
38.6700020,0.6570811
38.6800003,0.6514865
38.6900024,0.6669267
38.7000008,0.6355467
38.7100029,0.6737591
38.7200012,0.7091779
38.7300034,0.7343608
38.7400017,0.7476550
38.7500000,0.6634737
38.7600021,0.6341067
38.7700005,0.6465672
38.7800026,0.6283761
38.7900009,0.5087964
38.8000031,0.5226031
38.8100014,0.5241592
38.8200035,0.5721593
38.8300018,0.5793017
38.8400002,0.5573469
38.8500023,0.5756263
38.8600006,0.5954830
38.8700027,0.5752666
38.8800011,0.6159343
38.8900032,0.6508136
38.9000015,0.6380430
38.9100037,0.6474428
38.9200020,0.6571545
38.9300003,0.6709191
38.9400024,0.6908668
38.9500008,0.6722241
38.9600029,0.7012193
38.9700012,0.7171258
38.9800034,0.6772220
38.9900017,0.6793256
39.0000000,0.6818202
39.0100021,0.7209463
39.0200005,0.7161177
39.0300026,0.7661927
39.0400009,0.7587700
39.0500031,0.7550994
39.0600014,0.7177810
39.0700035,0.7390376
39.0800018,0.7387549
39.0900002,0.8122513
39.1000023,0.8345570
39.1100006,0.7964326
39.1200027,0.8222649
39.1300011,0.7432369
39.1400032,0.7715102
39.1500015,0.7207907
39.1600037,0.7645686
39.1700020,0.7268940
39.1800003,0.6755848
39.1900024,0.7223176
39.2000008,0.7174048
39.2100029,0.7459087
39.2200012,0.7492517
39.2300034,0.7286714
39.2400017,0.7876593
39.2500000,0.7184450
39.2600021,0.7775831
39.2700005,0.7772186
39.2800026,0.7759924
39.2900009,0.7640847
39.3000031,0.7584236
39.3100014,0.7411367
39.3200035,0.6828052
39.3300018,0.6836374
39.3400002,0.6624109
39.3500023,0.6887904
39.3600006,0.6555510
39.3700027,0.6661890
39.3800011,0.7135364
39.3900032,0.6747625
39.4000015,0.6619058
39.4100037,0.6906612
39.4200020,0.6596763
39.4300003,0.6626458
39.4400024,0.6797966
39.4500008,0.6586916
39.4600029,0.6244321
39.4700012,0.6380895
39.4800034,0.6513082
39.4900017,0.6820946
39.5000000,0.6755859
39.5100021,0.6560694
39.5200005,0.6501487
39.5300026,0.7176282
39.5400009,0.6940117
39.5500031,0.6781566
39.5600014,0.7193048
39.5700035,0.7525987
39.5800018,0.7527044
39.5900002,0.7393914
39.6000023,0.7046029
39.6100006,0.7058697
39.6200027,0.6795260
39.6300011,0.7255569
39.6400032,0.7231508
39.6500015,0.7018757
39.6600037,0.6501061
39.6700020,0.6161656
39.6800003,0.5941461
39.6900024,0.5939685
39.7000008,0.5895905
39.7100029,0.6373069
39.7200012,0.6010346
39.7300034,0.5710590
39.7400017,0.5346702
39.7500000,0.5614489
39.7600021,0.6210604
39.7700005,0.6747320
39.7800026,0.7015138
39.7900009,0.7155784
39.8000031,0.7243221
39.8100014,0.7032885
39.8200035,0.7166462
39.8300018,0.6937351
39.8400002,0.7178429
39.8500023,0.7297629
39.8600006,0.6835365
39.8700027,0.6942552
39.8800011,0.7122528
39.8900032,0.7588049
39.9000015,0.7094486
39.9100037,0.7194819
39.9200020,0.7580575
39.9300003,0.7742620
39.9400024,0.7844929
39.9500008,0.7645519
39.9600029,0.7197496
39.9700012,0.7168763
39.9800034,0.6783321
39.9900017,0.6787452
40.0000000,0.6894289
40.0100021,0.6861063
40.0200005,0.7063352
40.0300026,0.6645824
40.0400009,0.6542275
40.0500031,0.6367021
40.0600014,0.6994299
40.0700035,0.6806938
40.0800018,0.7068674
40.0900002,0.7141073
40.1000023,0.7390568
40.1100006,0.7240611
40.1200027,0.7286517
40.1300011,0.7812725
40.1400032,0.7388613
40.1500015,0.7550086
40.1600037,0.8357818
40.1700020,0.8546758
40.1800003,0.7662258
40.1900024,0.7973180
40.2000008,0.7231646
40.2100029,0.8231372
40.2200012,0.7801691
40.2300034,0.8242034
40.2400017,0.8477437
40.2500038,0.8411783
40.2600021,0.9030367
40.2700005,0.8132903
40.2800026,0.8200090
40.2900009,0.8129145
40.3000031,0.8072445
40.3100014,0.7467514
40.3200035,0.7242832
40.3300018,0.6480831
40.3400002,0.6761069
40.3500023,0.6863123
40.3600006,0.6752026
40.3700027,0.6837949
40.3800011,0.7076368
40.3900032,0.6427053
40.4000015,0.6828480
40.4100037,0.7340469
40.4200020,0.6846730
40.4300003,0.7375829
40.4400024,0.6654999
40.4500008,0.6298454
40.4600029,0.6478571
40.4700012,0.6917031
40.4800034,0.7020839
40.4900017,0.6982273
40.5000038,0.6955381
40.5100021,0.7480631
40.5200005,0.7564317
40.5300026,0.7172096
40.5400009,0.6748179
40.5500031,0.6381553
40.5600014,0.6624170
40.5700035,0.6578819
40.5800018,0.6286981
40.5900002,0.6475313
40.6000023,0.6513625
40.6100006,0.6658639
40.6200027,0.6938565
40.6300011,0.6747134
40.6400032,0.6529651
40.6500015,0.6726972
40.6600037,0.6556731
40.6700020,0.6226178
40.6800003,0.6868251
40.6900024,0.7053704
40.7000008,0.6497712
40.7100029,0.6567534
40.7200012,0.6267657
40.7300034,0.5771898
40.7400017,0.5671955
40.7500038,0.5572194
40.7600021,0.6128675
40.7700005,0.6167549
40.7800026,0.6258654
40.7900009,0.6268139
40.8000031,0.6167302
40.8100014,0.6364362
40.8200035,0.6050335
40.8300018,0.6084187
40.8400002,0.6016734
40.8500023,0.6268753
40.8600006,0.6194928
40.8700027,0.6502230
40.8800011,0.6111870
40.8900032,0.6482959
40.9000015,0.6502286
40.9100037,0.6124678
40.9200020,0.6296482
40.9300003,0.6168004
40.9400024,0.7055195
40.9500008,0.6601467
40.9600029,0.6303238
40.9700012,0.5924750
40.9800034,0.6071925
40.9900017,0.6076291
41.0000038,0.6548666
41.0100021,0.6643777
41.0200005,0.6213114
41.0300026,0.5890806
41.0400009,0.6199950
41.0500031,0.6165688
41.0600014,0.5575621
41.0700035,0.5928363
41.0800018,0.6170722
41.0900002,0.6071506
41.1000023,0.6072587
41.1100006,0.6380165
41.1200027,0.6256167
41.1300011,0.5891421
41.1400032,0.5943421
41.1500015,0.5841759
41.1600037,0.5923038
41.1700020,0.6141589
41.1800003,0.6422013
41.1900024,0.6476044
41.2000008,0.5954158
41.2100029,0.6118488
41.2200012,0.6179234
41.2300034,0.5955597
41.2400017,0.6082034
41.2500038,0.6181914
41.2600021,0.6493415
41.2700005,0.6361275
41.2800026,0.6542323
41.2900009,0.6525309
41.3000031,0.6529976
41.3100014,0.6392581
41.3200035,0.6325766
41.3300018,0.6518980
41.3400002,0.6402087
41.3500023,0.6594015
41.3600006,0.6384974
41.3700027,0.6531191
41.3800011,0.6269701
41.3900032,0.6171493
41.4000015,0.5963114
41.4100037,0.6068919
41.4200020,0.6909397
41.4300003,0.6424549
41.4400024,0.6826167
41.4500008,0.6823024
41.4600029,0.7047043
41.4700012,0.7924795
41.4800034,0.8353663
41.4900017,0.7718701
41.5000038,0.7804524
41.5100021,0.8098382
41.5200005,0.8097486
41.5300026,0.8291310
41.5400009,0.8336337
41.5500031,0.8068949
41.5600014,0.7559866
41.5700035,0.7514258
41.5800018,0.7549935
41.5900002,0.7551730
41.6000023,0.7043188
41.6100006,0.6650385
41.6200027,0.7042668
41.6300011,0.6801202
41.6400032,0.6382192
41.6500015,0.6461983
41.6600037,0.6583911
41.6700020,0.6232675
41.6800003,0.5666259
41.6900024,0.5780882
41.7000008,0.5936910
41.7100029,0.5948911
41.7200012,0.5787755
41.7300034,0.5758516
41.7400017,0.5902070
41.7500038,0.6314125
41.7600021,0.6612755
41.7700005,0.6709532
41.7800026,0.6985384
41.7900009,0.6729678
41.8000031,0.6421282
41.8100014,0.7107999
41.8200035,0.7243530
41.8300018,0.7619535
41.8400002,0.7330868
41.8500023,0.7787027
41.8600006,0.7761570
41.8700027,0.7441698
41.8800011,0.6871344
41.8900032,0.6805663
41.9000015,0.6232679
41.9100037,0.6000196
41.9200020,0.6343096
41.9300003,0.6464143
41.9400024,0.6326215
41.9500008,0.5668428
41.9600029,0.5495024
41.9700012,0.5479664
41.9800034,0.5929110
41.9900017,0.6151642
42.0000038,0.6610370
42.0100021,0.6863518
42.0200005,0.7201805
42.0300026,0.7222831
42.0400009,0.6862610
42.0500031,0.6978328
42.0600014,0.7022189
42.0700035,0.7095774
42.0800018,0.7573365
42.0900002,0.7126261
42.1000023,0.8058513
42.1100006,0.7647111
42.1200027,0.7367202
42.1300011,0.7027077
42.1400032,0.7612658
42.1500015,0.7446600
42.1600037,0.7486380
42.1700020,0.6675346
42.1800003,0.7348724
42.1900024,0.7011219
42.2000008,0.7052451
42.2100029,0.7093754
42.2200012,0.7359976
42.2300034,0.6966609
42.2400017,0.6889652
42.2500038,0.7222875
42.2600021,0.7055151
42.2700005,0.7320792
42.2800026,0.7977124
42.2900009,0.8206217
42.3000031,0.8531679
42.3100014,0.7651697
42.3200035,0.7671630
42.3300018,0.7362576
42.3400002,0.7544495
42.3500023,0.7534863
42.3600006,0.7565903
42.3700027,0.7281203
42.3800011,0.7219101
42.3900032,0.7647322
42.4000015,0.7359572
42.4100037,0.8164127
42.4200020,0.8168550
42.4300003,0.8677845
42.4400024,0.8174527
42.4500008,0.8932701
42.4600029,0.9578864
42.4700012,1.0228715
42.4800034,1.0544335
42.4900017,0.9595357
42.5000038,0.9297317
42.5100021,0.9744070
42.5200005,0.9775716
42.5300026,1.0532569
42.5400009,1.1419924
42.5500031,1.2321986
42.5600014,1.2409434
42.5700035,1.2154282
42.5800018,1.1513251
42.5900002,1.0978574
42.6000023,0.9912944
42.6100006,0.9558830
42.6200027,0.9350993
42.6300011,0.8709123
42.6400032,0.7906176
42.6500015,0.7786427
42.6600037,0.7695877
42.6700020,0.7451648
42.6800003,0.7441855
42.6900024,0.7764531
42.7000008,0.7863849
42.7100029,0.8157131
42.7200012,0.7820536
42.7300034,0.7717544
42.7400017,0.7244915
42.7500038,0.8216291
42.7600021,0.8225378
42.7700005,0.7913470
42.7800026,0.8380719
42.7900009,0.8141673
42.8000031,0.8918369
42.8100014,0.9513072
42.8200035,0.9968383
42.8300018,0.9881575
42.8400002,1.0377189
42.8500023,0.9299799
42.8600006,0.8833908
42.8700027,0.9141955
42.8800011,0.9607631
42.8900032,0.8895808
42.9000015,0.8603926
42.9100037,0.8432851
42.9200020,0.8373580
42.9300003,0.8405266
42.9400024,0.7956223
42.9500008,0.8220493
42.9600029,0.9080331
42.9700012,0.9282329
42.9800034,0.9046251
42.9900017,0.8326713
43.0000038,0.8804550
43.0100021,0.8019685
43.0200005,0.8063941
43.0300026,0.7559697
43.0400009,0.7535903
43.0500031,0.7494150
43.0600014,0.7361155
43.0700035,0.7372381
43.0800018,0.7883573
43.0900002,0.7366209
43.1000023,0.7742679
43.1100006,0.7787094
43.1200027,0.8154967
43.1300011,0.7728066
43.1400032,0.7200086
43.1500015,0.7865710
43.1600037,0.8071263
43.1700020,0.8659351
43.1800003,0.7965661
43.1900024,0.8048536
43.2000008,0.7886218
43.2100029,0.7591804
43.2200012,0.6857573
43.2300034,0.7293857
43.2400017,0.7313250
43.2500038,0.6949116
43.2600021,0.6894360
43.2700005,0.6729381
43.2800026,0.6355697
43.2900009,0.6474933
43.3000031,0.6259773
43.3100014,0.6678577
43.3200035,0.6803366
43.3300018,0.6662153
43.3400002,0.6727385
43.3500023,0.6653070
43.3600006,0.7672134
43.3700027,0.7246141
43.3800011,0.7464308
43.3900032,0.7047926
43.4000015,0.7250892
43.4100037,0.7668529
43.4200020,0.8019328
43.4300003,0.7887409
43.4400024,0.7653762
43.4500008,0.7503760
43.4600029,0.7928258
43.4700012,0.7594982
43.4800034,0.7745374
43.4900017,0.7754101
43.5000038,0.7573850
43.5100021,0.8004417
43.5200005,0.7954628
43.5300026,0.7939947
43.5400009,0.7762632
43.5500031,0.7693249
43.5600014,0.8220184
43.5700035,0.7973632
43.5800018,0.8388519
43.5900040,0.8549076
43.6000023,0.8925738
43.6100006,0.8647028
43.6200027,0.8932653
43.6300011,0.9100251
43.6400032,0.9054539
43.6500015,0.8524685
43.6600037,0.8560854
43.6700020,0.8363494
43.6800003,0.9102983
43.6900024,0.8636551
43.7000008,0.8700561
43.7100029,0.9019037
43.7200012,0.8933495
43.7300034,0.9084799
43.7400017,0.8554425
43.7500038,0.8563327
43.7600021,0.9143435
43.7700005,0.8509631
43.7800026,0.8428325
43.7900009,0.8395789
43.8000031,0.8864999
43.8100014,0.8734974
43.8200035,0.8418508
43.8300018,0.8673932
43.8400040,0.8689919
43.8500023,0.8646674
43.8600006,0.8478487
43.8700027,0.8797868
43.8800011,0.8944878
43.8900032,0.8949413
43.9000015,0.8990772
43.9100037,0.9082654
43.9200020,0.8895048
43.9300003,0.8708313
43.9400024,0.8792540
43.9500008,0.8482194
43.9600029,0.8751878
43.9700012,0.8749446
43.9800034,0.8542814
43.9900017,0.8992442
44.0000038,0.8863625
44.0100021,0.9267688
44.0200005,0.8812052
44.0300026,0.8527853
44.0400009,0.8707460
44.0500031,0.9249014
44.0600014,0.9449832
44.0700035,0.9544187
44.0800018,0.9323853
44.0900040,0.8470688
44.1000023,0.8139018
44.1100006,0.7436916
44.1200027,0.7476152
44.1300011,0.7818831
44.1400032,0.7786372
44.1500015,0.8217948
44.1600037,0.8252631
44.1700020,0.8320341
44.1800003,0.8366460
44.1900024,0.8278648
44.2000008,0.8163059
44.2100029,0.8261997
44.2200012,0.7957355
44.2300034,0.7355711
44.2400017,0.6837748
44.2500038,0.7686549
44.2600021,0.7772151
44.2700005,0.8021776
44.2800026,0.7525049
44.2900009,0.7285547
44.3000031,0.7084470
44.3100014,0.7230374
44.3200035,0.7838656
44.3300018,0.8241979
44.3400040,0.7956811
44.3500023,0.7530711
44.3600006,0.7675325
44.3700027,0.7353715
44.3800011,0.7958938
44.3900032,0.7865343
44.4000015,0.8454943
44.4100037,0.8288478
44.4200020,0.8441498
44.4300003,0.7988659
44.4400024,0.7821298
44.4500008,0.8019098
44.4600029,0.8007324
44.4700012,0.7346984
44.4800034,0.7863966
44.4900017,0.8209987
44.5000038,0.8641943
44.5100021,0.8479511
44.5200005,0.8113320
44.5300026,0.8802836
44.5400009,0.9131359
44.5500031,0.8497612
44.5600014,0.8162729
44.5700035,0.7947265
44.5800018,0.7688737
44.5900040,0.7931239
44.6000023,0.7724881
44.6100006,0.7793596
44.6200027,0.8134207
44.6300011,0.8281416
44.6400032,0.8071396
44.6500015,0.8366978
44.6600037,0.8529754
44.6700020,0.8005798
44.6800003,0.8420864
44.6900024,0.8851337
44.7000008,0.9300887
44.7100029,0.8902579
44.7200012,0.9162470
44.7300034,0.9060248
44.7400017,0.8463908
44.7500038,0.7716898
44.7600021,0.7477901
44.7700005,0.7466857
44.7800026,0.6598443
44.7900009,0.7017947
44.8000031,0.6787016
44.8100014,0.7100743
44.8200035,0.7100880
44.8300018,0.6549442
44.8400040,0.6709131
44.8500023,0.6647965
44.8600006,0.7027987
44.8700027,0.7116951
44.8800011,0.7089642
44.8900032,0.7325978
44.9000015,0.7372573
44.9100037,0.7592326
44.9200020,0.7422689
44.9300003,0.7411501
44.9400024,0.6856496
44.9500008,0.6813713
44.9600029,0.6849494
44.9700012,0.6442288
44.9800034,0.6262133
44.9900017,0.6290784
45.0000038,0.6268800
45.0100021,0.6359056
45.0200005,0.6390113
45.0300026,0.6493915
45.0400009,0.6213957
45.0500031,0.5932831
45.0600014,0.6138917
45.0700035,0.6457465
45.0800018,0.6277525
45.0900040,0.5692891
45.1000023,0.6274378
45.1100006,0.6169381
45.1200027,0.6680236
45.1300011,0.6134705
45.1400032,0.6297847
45.1500015,0.6292832
45.1600037,0.7186013
45.1700020,0.7481123
45.1800003,0.7478893
45.1900024,0.7343444
45.2000008,0.7442832
45.2100029,0.7919440
45.2200012,0.8112439
45.2300034,0.7851605
45.2400017,0.7963371
45.2500038,0.7918836
45.2600021,0.7775996
45.2700005,0.7743258
45.2800026,0.7657002
45.2900009,0.7496966
45.3000031,0.7299390
45.3100014,0.7050883
45.3200035,0.7454568
45.3300018,0.7422102
45.3400040,0.6727581
45.3500023,0.6906683
45.3600006,0.7587233
45.3700027,0.6838889
45.3800011,0.7363849
45.3900032,0.7376332
45.4000015,0.7952626
45.4100037,0.8335513
45.4200020,0.7997308
45.4300003,0.7454790
45.4400024,0.7511000
45.4500008,0.7434028
45.4600029,0.7077824
45.4700012,0.7335489
45.4800034,0.6806142
45.4900017,0.6832906
45.5000038,0.6952181
45.5100021,0.6947421
45.5200005,0.6995290
45.5300026,0.7158872
45.5400009,0.6802227
45.5500031,0.6509759
45.5600014,0.6701277
45.5700035,0.6520790
45.5800018,0.6671963
45.5900040,0.6784668
45.6000023,0.6440830
45.6100006,0.6581635
45.6200027,0.7077076
45.6300011,0.6677491
45.6400032,0.6258844
45.6500015,0.6323925
45.6600037,0.6302308
45.6700020,0.6692612
45.6800003,0.6804720
45.6900024,0.6503760
45.7000008,0.6304265
45.7100029,0.6605973
45.7200012,0.6321781
45.7300034,0.6714630
45.7400017,0.6694305
45.7500038,0.6858106
45.7600021,0.7414359
45.7700005,0.7092934
45.7800026,0.6950375
45.7900009,0.6949211
45.8000031,0.7422586
45.8100014,0.7727845
45.8200035,0.7903436
45.8300018,0.7000503
45.8400040,0.7035089
45.8500023,0.7068626
45.8600006,0.6790750
45.8700027,0.7075053
45.8800011,0.7013711
45.8900032,0.7530714
45.9000015,0.7360464
45.9100037,0.7793403
45.9200020,0.8024962
45.9300003,0.7861990
45.9400024,0.7738800
45.9500008,0.8121369
45.9600029,0.8301994
45.9700012,0.7653026
45.9800034,0.8029549
45.9900017,0.7067624
46.0000038,0.6501487
46.0100021,0.5461773
46.0200005,0.5582294
46.0300026,0.5660658
46.0400009,0.5160653
46.0500031,0.5062464
46.0600014,0.4910609
46.0700035,0.5130252
46.0800018,0.5367058
46.0900040,0.5116777
46.1000023,0.4980788
46.1100006,0.4628435
46.1200027,0.4331559
46.1300011,0.4492586
46.1400032,0.4660958
46.1500015,0.4644875
46.1600037,0.4334096
46.1700020,0.3944211
46.1800003,0.4342139
46.1900024,0.4589323
46.2000008,0.4799646
46.2100029,0.4752719
46.2200012,0.4571356
46.2300034,0.4760464
46.2400017,0.4543563
46.2500038,0.4391429
46.2600021,0.4764993
46.2700005,0.5312369
46.2800026,0.5270832
46.2900009,0.5763218
46.3000031,0.5698795
46.3100014,0.5686061
46.3200035,0.5981897
46.3300018,0.6268151
46.3400040,0.6929318
46.3500023,0.6872732
46.3600006,0.6061143
46.3700027,0.6502670
46.3800011,0.6575196
46.3900032,0.6902936
46.4000015,0.6897649
46.4100037,0.6737623
46.4200020,0.6051328
46.4300003,0.6522925
46.4400024,0.6472497
46.4500008,0.6542200
46.4600029,0.6327711
46.4700012,0.6194052
46.4800034,0.6590360
46.4900017,0.6255599
46.5000038,0.6339643
46.5100021,0.6342505
46.5200005,0.6595393
46.5300026,0.6823356
46.5400009,0.6629919
46.5500031,0.6862186
46.5600014,0.6656396
46.5700035,0.6664135
46.5800018,0.6239803
46.5900040,0.6917151
46.6000023,0.6689613
46.6100006,0.6808428
46.6200027,0.6538913
46.6300011,0.6644894
46.6400032,0.6603453
46.6500015,0.6551667
46.6600037,0.6743935
46.6700020,0.6938426
46.6800041,0.7244188
46.6900024,0.7034734
46.7000008,0.6732662
46.7100029,0.7000540
46.7200012,0.7169448
46.7300034,0.6919937
46.7400017,0.7218993
46.7500038,0.7230708
46.7600021,0.7074193
46.7700005,0.7245927
46.7800026,0.7239535
46.7900009,0.7021921
46.8000031,0.6739266
46.8100014,0.7047560
46.8200035,0.6872424
46.8300018,0.7329716
46.8400040,0.7262043
46.8500023,0.6963077
46.8600006,0.6864712
46.8700027,0.6811204
46.8800011,0.7041228
46.8900032,0.7157944
46.9000015,0.7413997
46.9100037,0.7437846
46.9200020,0.7477224
46.9300041,0.7129828
46.9400024,0.6603226
46.9500008,0.6776790
46.9600029,0.6643155
46.9700012,0.7062151
46.9800034,0.6952817
46.9900017,0.7040244
47.0000038,0.6954020
47.0100021,0.7118957
47.0200005,0.7234302
47.0300026,0.7313895
47.0400009,0.7637544
47.0500031,0.8115590
47.0600014,0.7874696
47.0700035,0.7756349
47.0800018,0.7604129
47.0900040,0.7547269
47.1000023,0.7691351
47.1100006,0.7545575
47.1200027,0.7243924
47.1300011,0.7855637
47.1400032,0.7912981
47.1500015,0.8262172
47.1600037,0.8270485
47.1700020,0.9173396
47.1800041,0.8600066
47.1900024,0.8101207
47.2000008,0.7962306
47.2100029,0.8255585
47.2200012,0.8048332
47.2300034,0.8522906
47.2400017,0.8545592
47.2500038,0.8112945
47.2600021,0.8477790
47.2700005,0.8332454
47.2800026,0.8285900
47.2900009,0.8454182
47.3000031,0.8431318
47.3100014,0.9079057
47.3200035,0.8845134
47.3300018,0.8934744
47.3400040,0.8868801
47.3500023,0.9115418
47.3600006,0.9102858
47.3700027,0.8546675
47.3800011,0.7247028
47.3900032,0.7303084
47.4000015,0.7310009
47.4100037,0.7944574
47.4200020,0.8676372
47.4300041,0.8366936
47.4400024,0.9016934
47.4500008,0.9068375
47.4600029,0.9051466
47.4700012,0.9035938
47.4800034,0.9212558
47.4900017,0.8449745
47.5000038,0.8885711
47.5100021,1.0092788
47.5200005,0.9563444
47.5300026,0.9048226
47.5400009,0.8988759
47.5500031,0.8528833
47.5600014,0.8695660
47.5700035,0.9210224
47.5800018,0.9391856
47.5900040,0.8744604
47.6000023,1.0091385
47.6100006,0.9451789
47.6200027,0.9568242
47.6300011,0.9572983
47.6400032,0.9120098
47.6500015,0.9630623
47.6600037,0.9445116
47.6700020,0.9583696
47.6800041,0.9717853
47.6900024,0.9439666
47.7000008,0.9797771
47.7100029,1.0881554
47.7200012,1.1089247
47.7300034,1.0411867
47.7400017,1.0367597
47.7500038,0.9498630
47.7600021,0.9704686
47.7700005,1.0197256
47.7800026,1.0296158
47.7900009,0.9865866
47.8000031,0.8429444
47.8100014,0.8434987
47.8200035,0.7885640
47.8300018,0.7351515
47.8400040,0.7323439
47.8500023,0.6808226
47.8600006,0.6531942
47.8700027,0.6440365
47.8800011,0.6900457
47.8900032,0.6375889
47.9000015,0.6955652
47.9100037,0.6442271
47.9200020,0.6519200
47.9300041,0.6844617
47.9400024,0.6477855
47.9500008,0.6766263
47.9600029,0.7173674
47.9700012,0.7134694
47.9800034,0.6679586
47.9900017,0.6502364
48.0000038,0.7592221
48.0100021,0.7735778
48.0200005,0.8278328
48.0300026,0.7969712
48.0400009,0.8184928
48.0500031,0.7627336
48.0600014,0.8015740
48.0700035,0.7331809
48.0800018,0.7547307
48.0900040,0.7057093
48.1000023,0.6833819
48.1100006,0.7345567
48.1200027,0.7668390
48.1300011,0.7405410
48.1400032,0.7724359
48.1500015,0.7692958
48.1600037,0.7875760
48.1700020,0.7853246
48.1800041,0.8669335
48.1900024,0.8440505
48.2000008,0.8236274
48.2100029,0.7979483
48.2200012,0.8962323
48.2300034,0.9068551
48.2400017,0.9130173
48.2500038,0.9479323
48.2600021,0.8947060
48.2700005,0.9087416
48.2800026,0.8696077
48.2900009,0.9286510
48.3000031,0.9185904
48.3100014,0.9098946
48.3200035,0.9604712
48.3300018,0.8976243
48.3400040,0.7531537
48.3500023,0.7692404
48.3600006,0.7768123
48.3700027,0.8133188
48.3800011,0.8630141
48.3900032,0.8462937
48.4000015,0.8731155
48.4100037,0.8488000
48.4200020,0.8415555
48.4300041,0.8795821
48.4400024,0.9091949
48.4500008,0.8805455
48.4600029,0.8574130
48.4700012,0.8524079
48.4800034,0.8506988
48.4900017,0.8930103
48.5000038,0.9272882
48.5100021,0.9758859
48.5200005,0.9167396
48.5300026,0.9677795
48.5400009,0.9712181
48.5500031,0.9922400
48.5600014,0.9865884
48.5700035,0.9837258
48.5800018,0.9812855
48.5900040,0.9798836
48.6000023,1.1310710
48.6100006,1.1031209
48.6200027,1.0577826
48.6300011,1.0874680
48.6400032,1.0650229
48.6500015,1.1015651
48.6600037,1.0757306
48.6700020,1.0960661
48.6800041,1.1527137
48.6900024,1.1438423
48.7000008,1.0707836
48.7100029,1.0320349
48.7200012,1.0882510
48.7300034,1.0032966
48.7400017,1.0552243
48.7500038,0.9554996
48.7600021,0.9668567
48.7700005,1.0256728
48.7800026,1.0334376
48.7900009,0.9965998
48.8000031,0.9379748
48.8100014,0.8977548
48.8200035,0.8594608
48.8300018,0.8483739
48.8400040,0.7899235
48.8500023,0.7827716
48.8600006,0.7276357
48.8700027,0.7481078
48.8800011,0.7587891
48.8900032,0.7642652
48.9000015,0.8327834
48.9100037,0.8114460
48.9200020,0.8735626
48.9300041,0.8579921
48.9400024,0.8653479
48.9500008,0.8540889
48.9600029,0.9417638
48.9700012,0.8799635
48.9800034,0.8814925
48.9900017,0.8590272
49.0000038,0.8089891
49.0100021,0.7974823
49.0200005,0.7791998
49.0300026,0.7110081
49.0400009,0.6757481
49.0500031,0.6796095
49.0600014,0.5856857
49.0700035,0.5992525
49.0800018,0.5865213
49.0900040,0.5795823
49.1000023,0.5781053
49.1100006,0.5583172
49.1200027,0.5525085
49.1300011,0.5289944
49.1400032,0.5736593
49.1500015,0.5758101
49.1600037,0.5586195
49.1700020,0.5100339
49.1800041,0.5524160
49.1900024,0.5706351
49.2000008,0.5833133
49.2100029,0.5522514
49.2200012,0.5633429
49.2300034,0.5489763
49.2400017,0.5469768
49.2500038,0.5532493
49.2600021,0.5446598
49.2700005,0.5054536
49.2800026,0.5508745
49.2900009,0.5644523
49.3000031,0.5917460
49.3100014,0.5602533
49.3200035,0.5345538
49.3300018,0.5412212
49.3400040,0.5310891
49.3500023,0.5346367
49.3600006,0.5052541
49.3700027,0.5183657
49.3800011,0.5269920
49.3900032,0.5011907
49.4000015,0.5141672
49.4100037,0.5344792
49.4200020,0.5410503
49.4300041,0.5911624
49.4400024,0.5663984
49.4500008,0.5513009
49.4600029,0.5235049
49.4700012,0.5347679
49.4800034,0.5573654
49.4900017,0.5743106
49.5000038,0.5322854
49.5100021,0.5232782
49.5200005,0.5368587
49.5300026,0.5451424
49.5400009,0.5231397
49.5500031,0.5486521
49.5600014,0.5411680
49.5700035,0.5277736
49.5800018,0.5330859
49.5900040,0.5758757
49.6000023,0.5636699
49.6100006,0.5523759
49.6200027,0.5904458
49.6300011,0.6040590
49.6400032,0.5717210
49.6500015,0.5732731
49.6600037,0.5657996
49.6700020,0.5594683
49.6800041,0.5924688
49.6900024,0.5406444
49.7000008,0.5387820
49.7100029,0.5469357
49.7200012,0.5488785
49.7300034,0.5240172
49.7400017,0.5141931
49.7500038,0.5368530
49.7600021,0.5696993
49.7700005,0.5569633
49.7800026,0.5603877
49.7900009,0.5741653
49.8000031,0.5829688
49.8100014,0.5382891
49.8200035,0.5523646
49.8300018,0.5384983
49.8400040,0.5322171
49.8500023,0.5229381
49.8600006,0.5255699
49.8700027,0.5536612
49.8800011,0.5571539
49.8900032,0.5385369
49.9000015,0.5258053
49.9100037,0.5166569
49.9200020,0.5216604
49.9300041,0.5540550
49.9400024,0.5601587
49.9500008,0.5746731
49.9600029,0.5679221
49.9700012,0.5645760
49.9800034,0.5530031
49.9900017,0.6002438
50.0000038,0.6066560
