0.0000000,0.0000003
0.0100000,0.0877557
0.0200000,0.0877517
0.0300000,0.0999780
0.0400000,0.0913535
0.0500000,0.1004054
0.0600000,0.1156005
0.0700000,0.1153227
0.0800000,0.1100754
0.0900000,0.1224553
0.1000000,0.1079899
0.1100000,0.1399516
0.1200000,0.1150954
0.1300000,0.1264269
0.1400000,0.1411070
0.1500000,0.1249677
0.1600000,0.1172293
0.1700000,0.1263136
0.1800000,0.1337360
0.1900000,0.1301270
0.2000000,0.1327088
0.2100000,0.1151762
0.2200000,0.1354684
0.2300000,0.1372880
0.2400000,0.1263852
0.2500000,0.1370549
0.2600000,0.1402673
0.2700000,0.1466061
0.2800000,0.1631539
0.2900000,0.1595951
0.3000000,0.1590233
0.3100000,0.1572511
0.3200000,0.1632695
0.3300000,0.1587552
0.3400000,0.1797055
0.3500000,0.1453325
0.3600000,0.1671377
0.3700000,0.1737517
0.3800000,0.1743344
0.3900000,0.1446039
0.4000000,0.1395673
0.4100000,0.1535633
0.4200000,0.1335053
0.4300000,0.1442927
0.4400000,0.1307449
0.4500000,0.1270621
0.4600000,0.1318932
0.4700000,0.1190883
0.4800000,0.1402479
0.4900000,0.1482994
0.5000000,0.1362484
0.5100001,0.1388319
0.5200000,0.1386061
0.5300000,0.1374295
0.5400000,0.1435562
0.5500000,0.1417414
0.5600000,0.1370774
0.5700001,0.1397041
0.5800000,0.1444172
0.5900000,0.1427437
0.6000000,0.1429486
0.6100000,0.1402340
0.6200000,0.1441525
0.6300001,0.1265993
0.6400000,0.1306657
0.6500000,0.1311809
0.6600000,0.1317879
0.6700000,0.1500526
0.6800000,0.1435546
0.6900001,0.1419268
0.7000000,0.1369634
0.7100000,0.1479603
0.7200000,0.1459350
0.7300000,0.1516436
0.7400000,0.1380101
0.7500001,0.1466043
0.7600001,0.1274681
0.7700000,0.1503653
0.7800000,0.1417740
0.7900000,0.1475811
0.8000000,0.1413984
0.8100001,0.1362603
0.8200001,0.1358649
0.8300000,0.1417311
0.8400000,0.1533001
0.8500000,0.1491729
0.8600000,0.1355700
0.8700001,0.1544280
0.8800001,0.1572322
0.8900000,0.1552531
0.9000000,0.1452749
0.9100000,0.1277409
0.9200000,0.1320444
0.9300001,0.1281245
0.9400001,0.1263453
0.9500000,0.1268071
0.9600000,0.1353762
0.9700000,0.1652066
0.9800000,0.1432730
0.9900001,0.1553546
1.0000000,0.1399250
1.0100000,0.1576904
1.0200001,0.1416182
1.0300001,0.1277424
1.0400001,0.1220597
1.0500001,0.1253731
1.0600001,0.1322270
1.0700001,0.1532594
1.0800000,0.1653069
1.0900000,0.1762821
1.1000000,0.1566773
1.1100000,0.1611824
1.1200000,0.1554560
1.1300000,0.1475393
1.1400001,0.1538542
1.1500001,0.1503498
1.1600001,0.1481498
1.1700001,0.1466934
1.1800001,0.1287994
1.1900001,0.1473033
1.2000000,0.1454264
1.2100000,0.1514602
1.2200000,0.1542820
1.2300000,0.1464224
1.2400000,0.1428707
1.2500000,0.1413706
1.2600001,0.1334195
1.2700001,0.1364780
1.2800001,0.1287661
1.2900001,0.1382827
1.3000001,0.1345131
1.3100001,0.1355502
1.3200001,0.1352726
1.3300000,0.1327907
1.3400000,0.1329416
1.3500000,0.1354505
1.3600000,0.1343510
1.3700001,0.1487412
1.3800001,0.1464820
1.3900001,0.1264821
1.4000001,0.1310122
1.4100001,0.1367679
1.4200001,0.1266709
1.4300001,0.1360105
1.4400001,0.1276926
1.4500000,0.1186171
1.4600000,0.1281823
1.4700000,0.1243031
1.4800000,0.1284743
1.4900001,0.1404333
1.5000001,0.1374474
1.5100001,0.1342253
1.5200001,0.1205213
1.5300001,0.1200801
1.5400001,0.1441544
1.5500001,0.1450012
1.5600001,0.1325456
1.5700001,0.1310257
1.5800000,0.1277254
1.5900000,0.1239423
1.6000000,0.1239793
1.6100001,0.1282750
1.6200001,0.1280322
1.6300001,0.1445202
1.6400001,0.1443566
1.6500001,0.1387846
1.6600001,0.1385170
1.6700001,0.1468745
1.6800001,0.1441934
1.6900001,0.1337520
1.7000000,0.1406021
1.7100000,0.1458469
1.7200000,0.1300676
1.7300001,0.1429070
1.7400001,0.1476276
1.7500001,0.1331023
1.7600001,0.1329879
1.7700001,0.1244471
1.7800001,0.1359015
1.7900001,0.1458651
1.8000001,0.1697129
1.8100001,0.1834853
1.8200001,0.1768970
1.8300000,0.1714246
1.8400000,0.1711963
1.8500001,0.1630410
1.8600001,0.1529589
1.8700001,0.1624282
1.8800001,0.1575985
1.8900001,0.1408959
1.9000001,0.1389699
1.9100001,0.1492197
1.9200001,0.1447660
1.9300001,0.1530409
1.9400001,0.1626195
1.9500000,0.1449135
1.9600000,0.1444398
1.9700001,0.1399041
1.9800001,0.1503642
1.9900001,0.1471201
2.0000000,0.1402919
2.0100000,0.1529667
2.0200000,0.1604967
2.0300002,0.1578039
2.0400002,0.1554018
2.0500002,0.1827615
2.0600002,0.1850200
2.0700002,0.1737555
2.0800002,0.1609759
2.0900002,0.1619270
2.1000001,0.1723458
2.1100001,0.1701382
2.1200001,0.1722416
2.1300001,0.1693788
2.1400001,0.1815599
2.1500001,0.1708080
2.1600001,0.1498611
2.1700001,0.1502172
2.1800001,0.1609168
2.1900001,0.1633674
2.2000000,0.1713739
2.2100000,0.1668166
2.2200000,0.1623413
2.2300000,0.1656116
2.2400000,0.1628780
2.2500000,0.1640099
2.2600000,0.1665970
2.2700002,0.1720355
2.2800002,0.1760622
2.2900002,0.1739902
2.3000002,0.1796622
2.3100002,0.1911747
2.3200002,0.1803546
2.3300002,0.1857830
2.3400002,0.1750523
2.3500001,0.1785920
2.3600001,0.1959449
2.3700001,0.1910590
2.3800001,0.2144098
2.3900001,0.2202315
2.4000001,0.1839724
2.4100001,0.1580567
2.4200001,0.1534166
2.4300001,0.1635223
2.4400001,0.1567294
2.4500000,0.1734577
2.4600000,0.1707632
2.4700000,0.1522369
2.4800000,0.1512874
2.4900000,0.1421147
2.5000000,0.1584876
2.5100002,0.1484457
2.5200002,0.1509345
2.5300002,0.1455748
2.5400002,0.1531466
2.5500002,0.1541500
2.5600002,0.1569146
2.5700002,0.1652561
2.5800002,0.1489194
2.5900002,0.1446411
2.6000001,0.1519502
2.6100001,0.1620058
2.6200001,0.1498764
2.6300001,0.1604739
2.6400001,0.1488003
2.6500001,0.1624052
2.6600001,0.1491510
2.6700001,0.1547796
2.6800001,0.1510967
2.6900001,0.1545358
2.7000000,0.1638430
2.7100000,0.1618474
2.7200000,0.1667229
2.7300000,0.1528574
2.7400002,0.1466141
2.7500002,0.1578439
2.7600002,0.1664657
2.7700002,0.1555361
2.7800002,0.1608077
2.7900002,0.1639166
2.8000002,0.1458401
2.8100002,0.1439727
2.8200002,0.1457039
2.8300002,0.1546713
2.8400002,0.1491153
2.8500001,0.1449091
2.8600001,0.1551059
2.8700001,0.1594130
2.8800001,0.1471756
2.8900001,0.1497483
2.9000001,0.1434941
2.9100001,0.1447615
2.9200001,0.1450157
2.9300001,0.1509790
2.9400001,0.1532934
2.9500000,0.1468232
2.9600000,0.1488262
2.9700000,0.1585090
2.9800003,0.1528240
2.9900002,0.1546453
3.0000002,0.1620006
3.0100002,0.1592952
3.0200002,0.1477595
3.0300002,0.1578250
3.0400002,0.1490114
3.0500002,0.1460985
3.0600002,0.1466443
3.0700002,0.1489118
3.0800002,0.1422676
3.0900002,0.1418219
3.1000001,0.1429258
3.1100001,0.1443530
3.1200001,0.1310402
3.1300001,0.1389875
3.1400001,0.1397624
3.1500001,0.1327022
3.1600001,0.1387592
3.1700001,0.1377280
3.1800001,0.1445183
3.1900001,0.1334803
3.2000000,0.1320066
3.2100000,0.1387476
3.2200003,0.1843145
3.2300003,0.1532257
3.2400002,0.1523415
3.2500002,0.1528074
3.2600002,0.1370502
3.2700002,0.1463530
3.2800002,0.1380862
3.2900002,0.1360670
3.3000002,0.1488457
3.3100002,0.1419423
3.3200002,0.1362590
3.3300002,0.1476432
3.3400002,0.1485624
3.3500001,0.1388824
3.3600001,0.1543634
3.3700001,0.1541780
3.3800001,0.1424025
3.3900001,0.1546832
3.4000001,0.1351251
3.4100001,0.1527048
3.4200001,0.1510433
3.4300001,0.1432575
3.4400001,0.1435309
3.4500000,0.1563073
3.4600003,0.1502309
3.4700003,0.1454890
3.4800003,0.1506253
3.4900002,0.1349410
3.5000002,0.1416714
3.5100002,0.1548750
3.5200002,0.1459130
3.5300002,0.1395453
3.5400002,0.1270382
3.5500002,0.1333082
3.5600002,0.1277748
3.5700002,0.1358864
3.5800002,0.1327543
3.5900002,0.1492523
3.6000001,0.1382544
3.6100001,0.1343058
3.6200001,0.1415936
3.6300001,0.1409762
3.6400001,0.1343842
3.6500001,0.1260896
3.6600001,0.1394829
3.6700001,0.1314751
3.6800001,0.1316898
3.6900001,0.1443503
3.7000003,0.1453199
3.7100003,0.1456118
3.7200003,0.1399483
3.7300003,0.1410212
3.7400002,0.1554765
3.7500002,0.1527104
3.7600002,0.1526241
3.7700002,0.1629439
3.7800002,0.1860022
3.7900002,0.1936596
3.8000002,0.1649156
3.8100002,0.1700505
3.8200002,0.1584761
3.8300002,0.1802669
3.8400002,0.1612604
3.8500001,0.1587606
3.8600001,0.1518739
3.8700001,0.1427385
3.8800001,0.1502340
3.8900001,0.1563144
3.9000001,0.1593566
3.9100001,0.1559605
3.9200001,0.1475368
3.9300003,0.1862654
3.9400003,0.1783918
3.9500003,0.1687163
3.9600003,0.1593869
3.9700003,0.1586569
3.9800003,0.1484273
3.9900002,0.1498750
4.0000000,0.1513795
4.0100002,0.1771169
4.0200000,0.1715028
4.0300002,0.1598299
4.0400000,0.1568485
4.0500002,0.1779126
4.0600004,0.1891301
4.0700002,0.1674139
4.0800004,0.1700493
4.0900002,0.1631640
4.1000004,0.1467780
4.1100001,0.1475588
4.1200004,0.1513480
4.1300001,0.1470506
4.1400003,0.1385307
4.1500001,0.1494842
4.1600003,0.1556761
4.1700001,0.1480261
4.1800003,0.1497910
4.1900001,0.1518292
4.2000003,0.1692755
4.2100000,0.1539890
4.2200003,0.1574885
4.2300000,0.1605702
4.2400002,0.1601258
4.2500000,0.1404163
4.2600002,0.1558342
4.2700000,0.1570293
4.2800002,0.1628197
4.2900004,0.1666974
4.3000002,0.1700056
4.3100004,0.1497691
4.3200002,0.1474559
4.3300004,0.1483504
4.3400002,0.1481280
4.3500004,0.1524297
4.3600001,0.1582617
4.3700004,0.1405848
4.3800001,0.1545379
4.3900003,0.1709987
4.4000001,0.1661790
4.4100003,0.1467002
4.4200001,0.1476458
4.4300003,0.1601532
4.4400001,0.1548283
4.4500003,0.1506518
4.4600000,0.1673121
4.4700003,0.1734955
4.4800000,0.1678420
4.4900002,0.1640421
4.5000000,0.1725244
4.5100002,0.1660735
4.5200000,0.1793838
4.5300002,0.1696038
4.5400004,0.1662958
4.5500002,0.1558099
4.5600004,0.1556905
4.5700002,0.1502912
4.5800004,0.1478065
4.5900002,0.1553528
4.6000004,0.1596116
4.6100001,0.1569402
4.6200004,0.1621699
4.6300001,0.1637609
4.6400003,0.1723233
4.6500001,0.1693427
4.6600003,0.1641941
4.6700001,0.1621131
4.6800003,0.1646556
4.6900001,0.1512493
4.7000003,0.1671665
4.7100000,0.1535300
4.7200003,0.1559171
4.7300000,0.1372972
4.7400002,0.1610735
4.7500000,0.1587269
4.7600002,0.1751760
4.7700005,0.1584658
4.7800002,0.1687082
4.7900004,0.1651620
4.8000002,0.1644410
4.8100004,0.1644159
4.8200002,0.1557542
4.8300004,0.1522389
4.8400002,0.1523715
4.8500004,0.1664297
4.8600001,0.1627196
4.8700004,0.1536469
4.8800001,0.1549767
4.8900003,0.1520443
4.9000001,0.1456826
4.9100003,0.1455806
4.9200001,0.1552205
4.9300003,0.1568917
4.9400001,0.1601292
4.9500003,0.1584981
4.9600000,0.1658595
4.9700003,0.1600440
4.9800000,0.1615532
4.9900002,0.1758288
5.0000000,0.1743718
5.0100002,0.1715669
5.0200005,0.1726953
5.0300002,0.1638221
5.0400004,0.1586690
5.0500002,0.1565368
5.0600004,0.1600588
5.0700002,0.1560172
5.0800004,0.1634764
5.0900002,0.1604199
5.1000004,0.1572308
5.1100001,0.1703058
5.1200004,0.1691141
5.1300001,0.1816101
5.1400003,0.1560816
5.1500001,0.1712009
5.1600003,0.1920584
5.1700001,0.1640960
5.1800003,0.1732737
5.1900001,0.1633049
5.2000003,0.1723345
5.2100000,0.1695767
5.2200003,0.1644856
5.2300000,0.1809428
5.2400002,0.1689254
5.2500005,0.1618969
5.2600002,0.1648489
5.2700005,0.1517077
5.2800002,0.1627953
5.2900004,0.1645776
5.3000002,0.1649436
5.3100004,0.1697983
5.3200002,0.1619725
5.3300004,0.1586887
5.3400002,0.1463936
5.3500004,0.1646152
5.3600001,0.1624686
5.3700004,0.1708686
5.3800001,0.1461073
5.3900003,0.1559512
5.4000001,0.1462984
5.4100003,0.1532300
5.4200001,0.1668554
5.4300003,0.1614702
5.4400001,0.1610647
5.4500003,0.1542144
5.4600000,0.1478447
5.4700003,0.1483358
5.4800005,0.1471724
5.4900002,0.1377325
5.5000005,0.1449679
5.5100002,0.1404334
5.5200005,0.1435742
5.5300002,0.1547268
5.5400004,0.1496946
5.5500002,0.1509825
5.5600004,0.1484805
5.5700002,0.1542213
5.5800004,0.1523124
5.5900002,0.1579123
5.6000004,0.1565622
5.6100001,0.1540900
5.6200004,0.1613090
5.6300001,0.1615934
5.6400003,0.1540964
5.6500001,0.1548831
5.6600003,0.1600175
5.6700001,0.1516168
5.6800003,0.1565511
5.6900001,0.1592866
5.7000003,0.1569651
5.7100000,0.1525498
5.7200003,0.1556596
5.7300005,0.1713447
5.7400002,0.1571275
5.7500005,0.1955304
5.7600002,0.1807083
5.7700005,0.1567746
5.7800002,0.1474590
5.7900004,0.1554035
5.8000002,0.1567358
5.8100004,0.1454789
5.8200002,0.1493827
5.8300004,0.1445538
5.8400002,0.1471690
5.8500004,0.1531103
5.8600001,0.1452214
5.8700004,0.1460657
5.8800001,0.1564001
5.8900003,0.1468880
5.9000001,0.1449715
5.9100003,0.1538811
5.9200001,0.1442775
5.9300003,0.1520524
5.9400001,0.1569629
5.9500003,0.1517317
5.9600005,0.1467555
5.9700003,0.1570453
5.9800005,0.1565211
5.9900002,0.1538325
6.0000005,0.1643058
6.0100002,0.1576085
6.0200005,0.1533309
6.0300002,0.1564820
6.0400004,0.1428064
6.0500002,0.1604964
6.0600004,0.1540206
6.0700002,0.1466011
6.0800004,0.1584902
6.0900002,0.1659643
6.1000004,0.1476076
6.1100001,0.1567897
6.1200004,0.1459859
6.1300001,0.1539453
6.1400003,0.1538074
6.1500001,0.1491272
6.1600003,0.1624885
6.1700001,0.1505143
6.1800003,0.1564695
6.1900001,0.1580868
6.2000003,0.1591782
6.2100005,0.1663001
6.2200003,0.1565081
6.2300005,0.1682296
6.2400002,0.1652403
6.2500005,0.1676120
6.2600002,0.1576873
6.2700005,0.1525416
6.2800002,0.1547362
6.2900004,0.1649762
6.3000002,0.1786151
6.3100004,0.1676798
6.3200002,0.1773622
6.3300004,0.1696715
6.3400002,0.1779975
6.3500004,0.1934895
6.3600001,0.2036777
6.3700004,0.1867419
6.3800001,0.2006576
6.3900003,0.1831165
6.4000001,0.1856909
6.4100003,0.1788536
6.4200001,0.1722429
6.4300003,0.1815168
6.4400005,0.1697276
6.4500003,0.1564421
6.4600005,0.1634222
6.4700003,0.1661890
6.4800005,0.1780550
6.4900002,0.1655615
6.5000005,0.1736027
6.5100002,0.1675793
6.5200005,0.1806542
6.5300002,0.1874954
6.5400004,0.1684332
6.5500002,0.1786173
6.5600004,0.1655960
6.5700002,0.1784852
6.5800004,0.1763788
6.5900002,0.1671374
6.6000004,0.1694700
6.6100001,0.1899049
6.6200004,0.1677577
6.6300001,0.1586988
6.6400003,0.1593084
6.6500001,0.1648041
6.6600003,0.1692549
6.6700006,0.1707608
6.6800003,0.1615345
6.6900005,0.1728061
6.7000003,0.1722937
6.7100005,0.1685829
6.7200003,0.1802253
6.7300005,0.1707255
6.7400002,0.1720198
6.7500005,0.1748778
6.7600002,0.1661592
6.7700005,0.1666575
6.7800002,0.1685907
6.7900004,0.1609224
6.8000002,0.1616794
6.8100004,0.1678542
6.8200002,0.1692265
6.8300004,0.1614387
6.8400002,0.1584358
6.8500004,0.1598383
6.8600001,0.1738786
6.8700004,0.1850279
6.8800001,0.1859693
6.8900003,0.1645484
6.9000001,0.1717806
6.9100003,0.1729099
6.9200006,0.1457582
6.9300003,0.1458752
6.9400005,0.1400760
6.9500003,0.1579979
6.9600005,0.1523260
6.9700003,0.1537487
6.9800005,0.1506212
6.9900002,0.1422260
7.0000005,0.1461601
7.0100002,0.1360495
7.0200005,0.1422483
7.0300002,0.1496027
7.0400004,0.1617978
7.0500002,0.1573877
7.0600004,0.1555097
7.0700002,0.1492477
7.0800004,0.1619968
7.0900002,0.1519841
7.1000004,0.1444494
7.1100001,0.1461669
7.1200004,0.1662854
7.1300001,0.1499455
7.1400003,0.1587663
7.1500006,0.1539079
7.1600003,0.1603737
7.1700006,0.1598478
7.1800003,0.1565361
7.1900005,0.1505822
7.2000003,0.1422081
7.2100005,0.1395493
7.2200003,0.1355276
7.2300005,0.1538289
7.2400002,0.1498485
7.2500005,0.1519585
7.2600002,0.1542649
7.2700005,0.1464313
7.2800002,0.1430059
7.2900004,0.1476837
7.3000002,0.1482065
7.3100004,0.1541179
7.3200002,0.1395726
7.3300004,0.1380121
7.3400002,0.1429942
7.3500004,0.1495230
7.3600001,0.1441998
7.3700004,0.1463850
7.3800001,0.1547388
7.3900003,0.1550823
7.4000006,0.1631078
7.4100003,0.1363310
7.4200006,0.1453790
7.4300003,0.1400731
7.4400005,0.1428092
7.4500003,0.1483688
7.4600005,0.1420660
7.4700003,0.1331096
7.4800005,0.1279918
7.4900002,0.1305203
7.5000005,0.1304299
7.5100002,0.1270626
7.5200005,0.1314635
7.5300002,0.1331246
7.5400004,0.1330413
7.5500002,0.1326698
7.5600004,0.1305673
7.5700002,0.1320404
7.5800004,0.1427861
7.5900002,0.1457131
7.6000004,0.1428653
7.6100001,0.1522230
7.6200004,0.1580625
7.6300006,0.1747842
7.6400003,0.1404793
7.6500006,0.1411153
7.6600003,0.1536793
7.6700006,0.1720442
7.6800003,0.1442144
7.6900005,0.1334463
7.7000003,0.1476170
7.7100005,0.1327558
7.7200003,0.1462152
7.7300005,0.1512652
7.7400002,0.1587059
7.7500005,0.1732540
7.7600002,0.1576207
7.7700005,0.1563697
7.7800002,0.1537669
7.7900004,0.1496538
7.8000002,0.1314015
7.8100004,0.1345203
7.8200002,0.1254284
7.8300004,0.1237671
7.8400002,0.1345089
7.8500004,0.1273556
7.8600006,0.1323435
7.8700004,0.1416351
7.8800006,0.1351271
7.8900003,0.1324191
7.9000006,0.1365270
7.9100003,0.1306602
7.9200006,0.1453504
7.9300003,0.1407351
7.9400005,0.1483508
7.9500003,0.1294028
7.9600005,0.1355793
7.9700003,0.1461956
7.9800005,0.1224841
7.9900002,0.1242362
8.0000000,0.1263973
8.0100002,0.1374339
8.0200005,0.1400576
8.0300007,0.1255631
8.0400000,0.1157524
8.0500002,0.1167904
8.0600004,0.1345678
8.0700006,0.1243790
8.0799999,0.1188455
8.0900002,0.1335745
8.1000004,0.1156405
8.1100006,0.1293546
8.1200008,0.1392990
8.1300001,0.1548002
8.1400003,0.1467462
8.1500006,0.1334668
8.1600008,0.1422400
8.1700001,0.1284549
8.1800003,0.1230716
8.1900005,0.1287685
8.2000008,0.1312249
8.2100000,0.1455952
8.2200003,0.1437868
8.2300005,0.1400070
8.2400007,0.1350072
8.2500000,0.1402374
8.2600002,0.1390205
8.2700005,0.1337939
8.2800007,0.1355375
8.2900000,0.1273676
8.3000002,0.1133006
8.3100004,0.1219078
8.3200006,0.1507973
8.3299999,0.1449049
8.3400002,0.1449751
8.3500004,0.1282008
8.3600006,0.1326704
8.3700008,0.1294565
8.3800001,0.1229681
8.3900003,0.1348189
8.4000006,0.1280272
8.4100008,0.1365340
8.4200001,0.1374824
8.4300003,0.1326421
8.4400005,0.1406014
8.4500008,0.1283821
8.4600000,0.1411204
8.4700003,0.1462512
8.4800005,0.1246741
8.4900007,0.1459709
8.5000000,0.1374806
8.5100002,0.1258634
8.5200005,0.1256122
8.5300007,0.1342830
8.5400000,0.1338716
8.5500002,0.1436327
8.5600004,0.1383729
8.5700006,0.1245304
8.5800009,0.1362769
8.5900002,0.1286443
8.6000004,0.1336434
8.6100006,0.1398713
8.6200008,0.1429509
8.6300001,0.1325123
8.6400003,0.1245050
8.6500006,0.1345912
8.6600008,0.1347270
8.6700001,0.1324155
8.6800003,0.1260718
8.6900005,0.1267741
8.7000008,0.1394696
8.7100000,0.1318058
8.7200003,0.1278053
8.7300005,0.1400361
8.7400007,0.1343744
8.7500000,0.1307974
8.7600002,0.1503808
8.7700005,0.1257519
8.7800007,0.1358803
8.7900000,0.1438904
8.8000002,0.1330880
8.8100004,0.1423255
8.8200006,0.1449756
8.8300009,0.1388023
8.8400002,0.1277840
8.8500004,0.1404045
8.8600006,0.1212547
8.8700008,0.1358323
8.8800001,0.1314532
8.8900003,0.1517974
8.9000006,0.1291286
8.9100008,0.1429756
8.9200001,0.1445080
8.9300003,0.1371170
8.9400005,0.1410128
8.9500008,0.1394483
8.9600000,0.1394416
8.9700003,0.1387671
8.9800005,0.1324958
8.9900007,0.1404999
9.0000000,0.1432703
9.0100002,0.1496754
9.0200005,0.1455223
9.0300007,0.1420305
9.0400000,0.1439802
9.0500002,0.1396625
9.0600004,0.1376574
9.0700006,0.1334437
9.0800009,0.1423640
9.0900002,0.1471884
9.1000004,0.1414317
9.1100006,0.1424699
9.1200008,0.1448527
9.1300001,0.1430697
9.1400003,0.1435896
9.1500006,0.1304733
9.1600008,0.1383905
9.1700001,0.1547542
9.1800003,0.1480245
9.1900005,0.1274015
9.2000008,0.1376209
9.2100000,0.1359951
9.2200003,0.1456931
9.2300005,0.1411477
9.2400007,0.1383040
9.2500000,0.1520137
9.2600002,0.1438253
9.2700005,0.1427583
9.2800007,0.1404987
9.2900009,0.1442203
9.3000002,0.1424521
9.3100004,0.1396302
9.3200006,0.1580478
9.3300009,0.1344718
9.3400002,0.1465576
9.3500004,0.1447455
9.3600006,0.1461761
9.3700008,0.1549018
9.3800001,0.1510115
9.3900003,0.1542719
9.4000006,0.1397420
9.4100008,0.1353470
9.4200001,0.1517347
9.4300003,0.1456585
9.4400005,0.1580730
9.4500008,0.1543608
9.4600000,0.1541513
9.4700003,0.1499273
9.4800005,0.1532669
9.4900007,0.1561722
9.5000000,0.1650762
9.5100002,0.1463798
9.5200005,0.1601153
9.5300007,0.1550385
9.5400009,0.1599640
9.5500002,0.1527142
9.5600004,0.1534246
9.5700006,0.1454211
9.5800009,0.1465296
9.5900002,0.1582706
9.6000004,0.1619865
9.6100006,0.1670447
9.6200008,0.1627855
9.6300001,0.1534170
9.6400003,0.1435988
9.6500006,0.1464417
9.6600008,0.1562167
9.6700001,0.1547858
9.6800003,0.1563152
9.6900005,0.1649112
9.7000008,0.1654069
9.7100000,0.1652030
9.7200003,0.1762745
9.7300005,0.1495678
9.7400007,0.1574109
9.7500000,0.1462528
9.7600002,0.1476736
9.7700005,0.1504194
9.7800007,0.1569930
9.7900009,0.1597903
9.8000002,0.1570309
9.8100004,0.1608213
9.8200006,0.1611065
9.8300009,0.1594954
9.8400002,0.1758070
9.8500004,0.1679121
9.8600006,0.1716286
9.8700008,0.1524250
9.8800001,0.1568207
9.8900003,0.1616507
9.9000006,0.1599201
9.9100008,0.1658269
9.9200001,0.1793458
9.9300003,0.1600551
9.9400005,0.1670645
9.9500008,0.1675216
9.9600000,0.1646444
9.9700003,0.1695639
9.9800005,0.1765554
9.9900007,0.1540238
10.0000000,0.1680244
10.0100002,0.1650773
10.0200005,0.1689311
10.0300007,0.1795621
10.0400009,0.1730188
10.0500002,0.1650356
10.0600004,0.1755787
10.0700006,0.1729290
10.0800009,0.1694489
10.0900002,0.1723428
10.1000004,0.1657467
10.1100006,0.1755627
10.1200008,0.1643988
10.1300001,0.1643029
10.1400003,0.1608790
10.1500006,0.1764367
10.1600008,0.1626743
10.1700001,0.1714331
10.1800003,0.1766717
10.1900005,0.1782425
10.2000008,0.1696364
10.2100000,0.1731096
10.2200003,0.1658388
10.2300005,0.1634165
10.2400007,0.1658785
10.2500010,0.1633685
10.2600002,0.1721801
10.2700005,0.1751723
10.2800007,0.1676434
10.2900009,0.1668726
10.3000002,0.1630640
10.3100004,0.1609017
10.3200006,0.1522948
10.3300009,0.1607571
10.3400002,0.1471121
10.3500004,0.1506871
10.3600006,0.1584507
10.3700008,0.1691210
10.3800001,0.1591370
10.3900003,0.1644224
10.4000006,0.1588009
10.4100008,0.1603737
10.4200001,0.1575330
10.4300003,0.1508731
10.4400005,0.1665654
10.4500008,0.1563657
10.4600000,0.1633826
10.4700003,0.1628055
10.4800005,0.1523540
10.4900007,0.1530861
10.5000010,0.1517165
10.5100002,0.1481119
10.5200005,0.1561684
10.5300007,0.1497849
10.5400009,0.1487896
10.5500002,0.1424467
10.5600004,0.1597285
10.5700006,0.1508866
10.5800009,0.1519220
10.5900002,0.1456825
10.6000004,0.1548681
10.6100006,0.1552731
10.6200008,0.1487569
10.6300001,0.1484591
10.6400003,0.1453382
10.6500006,0.1513742
10.6600008,0.1512289
10.6700001,0.1466999
10.6800003,0.1474120
10.6900005,0.1516642
10.7000008,0.1518733
10.7100000,0.1746127
10.7200003,0.1457035
10.7300005,0.1483595
10.7400007,0.1459722
10.7500010,0.1586714
10.7600002,0.1502869
10.7700005,0.1532715
10.7800007,0.1636700
10.7900009,0.1591299
10.8000002,0.1528428
10.8100004,0.1602678
10.8200006,0.1718816
10.8300009,0.1644236
10.8400002,0.1575911
10.8500004,0.1646393
10.8600006,0.1687817
10.8700008,0.1637424
10.8800001,0.1609986
10.8900003,0.1616633
10.9000006,0.1675374
10.9100008,0.1672373
10.9200001,0.1651167
10.9300003,0.1597448
10.9400005,0.1550392
10.9500008,0.1680081
10.9600010,0.1592691
10.9700003,0.1516332
10.9800005,0.1525144
10.9900007,0.1469962
11.0000010,0.1546167
11.0100002,0.1478571
11.0200005,0.1517230
11.0300007,0.1584938
11.0400009,0.1561856
11.0500002,0.1572020
11.0600004,0.1560924
11.0700006,0.1721885
11.0800009,0.1727542
11.0900002,0.1696277
11.1000004,0.1469820
11.1100006,0.1497147
11.1200008,0.1569215
11.1300001,0.1564448
11.1400003,0.1574158
11.1500006,0.1554411
11.1600008,0.1476403
11.1700001,0.1637423
11.1800003,0.1708618
11.1900005,0.1855855
11.2000008,0.1896920
11.2100010,0.1806545
11.2200003,0.1648881
11.2300005,0.1406293
11.2400007,0.1349896
11.2500010,0.1501630
11.2600002,0.1494059
11.2700005,0.1535494
11.2800007,0.1520987
11.2900009,0.1505438
11.3000002,0.1671545
11.3100004,0.1562295
11.3200006,0.1498692
11.3300009,0.1532758
11.3400002,0.1489977
11.3500004,0.1462607
11.3600006,0.1514611
11.3700008,0.1501337
11.3800001,0.1412552
11.3900003,0.1417960
11.4000006,0.1420940
11.4100008,0.1516667
11.4200001,0.1513138
11.4300003,0.1499334
11.4400005,0.1463744
11.4500008,0.1426556
11.4600010,0.1571880
11.4700003,0.1591561
11.4800005,0.1572831
11.4900007,0.1547470
11.5000010,0.1553664
11.5100002,0.1565029
11.5200005,0.1565843
11.5300007,0.1582596
11.5400009,0.1421818
11.5500002,0.1532385
11.5600004,0.1506478
11.5700006,0.1563480
11.5800009,0.1483165
11.5900002,0.1382766
11.6000004,0.1461094
11.6100006,0.1584737
11.6200008,0.1519408
11.6300001,0.1469976
11.6400003,0.1422512
11.6500006,0.1496743
11.6600008,0.1415198
11.6700010,0.1452645
11.6800003,0.1548985
11.6900005,0.1439037
11.7000008,0.1550640
11.7100010,0.1523827
11.7200003,0.1471125
11.7300005,0.1478596
11.7400007,0.1463048
11.7500010,0.1522528
11.7600002,0.1702384
11.7700005,0.1546653
11.7800007,0.1514488
11.7900009,0.1613755
11.8000002,0.1598543
11.8100004,0.1551652
11.8200006,0.1520482
11.8300009,0.1561077
11.8400002,0.1668941
11.8500004,0.1641933
11.8600006,0.1635088
11.8700008,0.1681775
11.8800001,0.1632829
11.8900003,0.1711553
11.9000006,0.1573723
11.9100008,0.1647132
11.9200010,0.1661323
11.9300003,0.1571894
11.9400005,0.1694801
11.9500008,0.1566943
11.9600010,0.1636889
11.9700003,0.1534707
11.9800005,0.1421094
11.9900007,0.1535902
12.0000010,0.1595495
12.0100002,0.1551688
12.0200005,0.1584092
12.0300007,0.1564489
12.0400009,0.1578434
12.0500002,0.1590013
12.0600004,0.1502632
12.0700006,0.1612020
12.0800009,0.1479806
12.0900002,0.1379313
12.1000004,0.1456058
12.1100006,0.1493180
12.1200008,0.1590029
12.1300001,0.1588182
12.1400003,0.1596284
12.1500006,0.1536605
12.1600008,0.1476802
12.1700010,0.1524446
12.1800003,0.1497023
12.1900005,0.1503817
12.2000008,0.1523501
12.2100010,0.1478073
12.2200003,0.1412157
12.2300005,0.1452774
12.2400007,0.1474448
12.2500010,0.1527032
12.2600002,0.1552262
12.2700005,0.1518666
12.2800007,0.1562003
12.2900009,0.1483774
12.3000002,0.1522994
12.3100004,0.1565204
12.3200006,0.1622854
12.3300009,0.1569158
12.3400002,0.1479906
12.3500004,0.1557715
12.3600006,0.1541647
12.3700008,0.1450034
12.3800001,0.1435387
12.3900003,0.1544548
12.4000006,0.1508154
12.4100008,0.1384777
12.4200010,0.1433207
12.4300003,0.1569445
12.4400005,0.1499517
12.4500008,0.1524216
12.4600010,0.1448907
12.4700003,0.1456440
12.4800005,0.1496105
12.4900007,0.1521752
12.5000010,0.1599251
12.5100002,0.1542930
12.5200005,0.1712975
12.5300007,0.1624802
12.5400009,0.1594144
12.5500002,0.1501249
12.5600004,0.1615774
12.5700006,0.1412153
12.5800009,0.1491209
12.5900002,0.1386709
12.6000004,0.1573586
12.6100006,0.1509852
12.6200008,0.1450079
12.6300011,0.1353769
12.6400003,0.1408411
12.6500006,0.1519276
12.6600008,0.1438810
12.6700010,0.1478097
12.6800003,0.1524012
12.6900005,0.1613507
12.7000008,0.1597581
12.7100010,0.1556327
12.7200003,0.1630152
12.7300005,0.1546424
12.7400007,0.1413711
12.7500010,0.1486755
12.7600002,0.1745035
12.7700005,0.1512238
12.7800007,0.1510812
12.7900009,0.1445180
12.8000002,0.1539883
12.8100004,0.1565054
12.8200006,0.1502061
12.8300009,0.1595632
12.8400002,0.1567809
12.8500004,0.1686407
12.8600006,0.1665855
12.8700008,0.1522371
12.8800011,0.1610489
12.8900003,0.1541120
12.9000006,0.1623239
12.9100008,0.1643933
12.9200010,0.1696447
12.9300003,0.1613527
12.9400005,0.1677611
12.9500008,0.1649224
12.9600010,0.1711126
12.9700003,0.1691958
12.9800005,0.1608841
12.9900007,0.1623350
13.0000010,0.1685070
13.0100002,0.1754150
13.0200005,0.1649873
13.0300007,0.1525154
13.0400009,0.1694940
13.0500002,0.1725787
13.0600004,0.1751541
13.0700006,0.1552049
13.0800009,0.1684401
13.0900002,0.1607102
13.1000004,0.1617528
13.1100006,0.1529281
13.1200008,0.1620846
13.1300011,0.1560194
13.1400003,0.1491273
13.1500006,0.1484309
13.1600008,0.1500103
13.1700010,0.1583359
13.1800003,0.1636545
13.1900005,0.1401323
13.2000008,0.1461430
13.2100010,0.1550691
13.2200003,0.1553220
13.2300005,0.1572506
13.2400007,0.1517128
13.2500010,0.1631295
13.2600002,0.1571988
13.2700005,0.1609285
13.2800007,0.1547986
13.2900009,0.1575606
13.3000002,0.1637409
13.3100004,0.1653233
13.3200006,0.1868798
13.3300009,0.1598110
13.3400011,0.1641084
13.3500004,0.1611324
13.3600006,0.1632454
13.3700008,0.1564628
13.3800011,0.1533857
13.3900003,0.1498948
13.4000006,0.1625213
13.4100008,0.1690369
13.4200010,0.1618426
13.4300003,0.1571271
13.4400005,0.1586043
13.4500008,0.1660128
13.4600010,0.1710602
13.4700003,0.1642866
13.4800005,0.1570624
13.4900007,0.1660330
13.5000010,0.1704190
13.5100002,0.1639401
13.5200005,0.1703732
13.5300007,0.1633897
13.5400009,0.1661024
13.5500002,0.1626513
13.5600004,0.1607637
13.5700006,0.1610868
13.5800009,0.1679399
13.5900011,0.1602909
13.6000004,0.1602620
13.6100006,0.1592957
13.6200008,0.1647844
13.6300011,0.1478425
13.6400003,0.1506312
13.6500006,0.1590030
13.6600008,0.1398754
13.6700010,0.1591383
13.6800003,0.1448757
13.6900005,0.1577131
13.7000008,0.1597162
13.7100010,0.1473892
13.7200003,0.1405096
13.7300005,0.1666727
13.7400007,0.1742372
13.7500010,0.1493974
13.7600002,0.1450228
13.7700005,0.1408758
13.7800007,0.1436020
13.7900009,0.1279936
13.8000002,0.1308025
13.8100004,0.1308363
13.8200006,0.1376046
13.8300009,0.1314957
13.8400011,0.1294688
13.8500004,0.1396559
13.8600006,0.1372848
13.8700008,0.1424099
13.8800011,0.1610617
13.8900003,0.1637893
13.9000006,0.1563029
13.9100008,0.1632281
13.9200010,0.1511615
13.9300003,0.1561231
13.9400005,0.1544043
13.9500008,0.1566547
13.9600010,0.1460169
13.9700003,0.1508632
13.9800005,0.1570444
13.9900007,0.1463893
14.0000010,0.1487445
14.0100002,0.1454206
14.0200005,0.1447742
14.0300007,0.1394276
14.0400009,0.1461000
14.0500002,0.1600939
14.0600004,0.1367937
14.0700006,0.1360469
14.0800009,0.1434129
14.0900011,0.1514402
14.1000004,0.1413131
14.1100006,0.1574624
14.1200008,0.1545839
14.1300011,0.1491832
14.1400003,0.1484944
14.1500006,0.1527842
14.1600008,0.1535963
14.1700010,0.1538983
14.1800003,0.1597692
14.1900005,0.1505451
14.2000008,0.1505176
14.2100010,0.1566382
14.2200003,0.1621432
14.2300005,0.1558986
14.2400007,0.1586864
14.2500010,0.1493141
14.2600002,0.1467193
14.2700005,0.1619285
14.2800007,0.1417191
14.2900009,0.1477692
14.3000011,0.1530658
14.3100004,0.1441609
14.3200006,0.1456694
14.3300009,0.1503729
14.3400011,0.1597159
14.3500004,0.1657079
14.3600006,0.1497333
14.3700008,0.1482870
14.3800011,0.1447461
14.3900003,0.1310282
14.4000006,0.1445308
14.4100008,0.1470201
14.4200010,0.1489887
14.4300003,0.1328549
14.4400005,0.1498784
14.4500008,0.1349538
14.4600010,0.1295707
14.4700003,0.1309811
14.4800005,0.1437976
14.4900007,0.1379786
14.5000010,0.1327038
14.5100002,0.1312565
14.5200005,0.1389069
14.5300007,0.1432315
14.5400009,0.1413075
14.5500011,0.1468275
14.5600004,0.1276650
14.5700006,0.1424465
14.5800009,0.1453387
14.5900011,0.1403672
14.6000004,0.1267172
14.6100006,0.1371505
14.6200008,0.1297417
14.6300011,0.1450240
14.6400003,0.1359801
14.6500006,0.1492299
14.6600008,0.1460460
14.6700010,0.1292839
14.6800003,0.1448119
14.6900005,0.1461389
14.7000008,0.1374573
14.7100010,0.1405378
14.7200003,0.1355116
14.7300005,0.1321420
14.7400007,0.1381357
14.7500010,0.1455493
14.7600002,0.1577144
14.7700005,0.1409308
14.7800007,0.1272459
14.7900009,0.1359593
14.8000011,0.1334884
14.8100004,0.1405610
14.8200006,0.1426006
14.8300009,0.1478270
14.8400011,0.1411511
14.8500004,0.1495361
14.8600006,0.1552256
14.8700008,0.1357539
14.8800011,0.1293949
14.8900003,0.1530599
14.9000006,0.1626420
14.9100008,0.1407712
14.9200010,0.1381423
14.9300003,0.1630867
14.9400005,0.1281472
14.9500008,0.1425738
14.9600010,0.1605052
14.9700003,0.1631539
14.9800005,0.1528887
14.9900007,0.1490424
15.0000010,0.1644737
15.0100012,0.1434097
15.0200005,0.1367454
15.0300007,0.1387257
15.0400009,0.1457886
15.0500011,0.1512624
15.0600004,0.1486135
15.0700006,0.1493305
15.0800009,0.1447223
15.0900011,0.1409273
15.1000004,0.1483345
15.1100006,0.1339298
15.1200008,0.1449513
15.1300011,0.1377557
15.1400003,0.1468283
15.1500006,0.1394927
15.1600008,0.1497438
15.1700010,0.1688435
15.1800003,0.1574486
15.1900005,0.1571662
15.2000008,0.1565592
15.2100010,0.1643208
15.2200003,0.1649639
15.2300005,0.1575864
15.2400007,0.1590250
15.2500010,0.1757407
15.2600012,0.1672501
15.2700005,0.1742669
15.2800007,0.1561513
15.2900009,0.1526027
15.3000011,0.1548770
15.3100004,0.1436889
15.3200006,0.1547239
15.3300009,0.1558572
15.3400011,0.1579384
15.3500004,0.1443187
15.3600006,0.1392291
15.3700008,0.1462211
15.3800011,0.1557865
15.3900003,0.1674948
15.4000006,0.1553376
15.4100008,0.1548919
15.4200010,0.1597238
15.4300003,0.1475480
15.4400005,0.1495244
15.4500008,0.1565376
15.4600010,0.1436994
15.4700003,0.1521148
15.4800005,0.1469325
15.4900007,0.1575015
15.5000010,0.1510386
15.5100012,0.1421605
15.5200005,0.1553039
15.5300007,0.1665908
15.5400009,0.1526018
15.5500011,0.1438442
15.5600004,0.1233264
15.5700006,0.1323817
15.5800009,0.1327962
15.5900011,0.1502962
15.6000004,0.1315401
15.6100006,0.1560290
15.6200008,0.1630309
15.6300011,0.1492295
15.6400003,0.1265101
15.6500006,0.1336314
15.6600008,0.1444128
15.6700010,0.1455027
15.6800003,0.1485688
15.6900005,0.1391502
15.7000008,0.1412974
15.7100010,0.1448485
15.7200012,0.1515286
15.7300005,0.1474979
15.7400007,0.1614878
15.7500010,0.1516341
15.7600012,0.1572959
15.7700005,0.1675055
15.7800007,0.1564913
15.7900009,0.1520762
15.8000011,0.1507138
15.8100004,0.1567881
15.8200006,0.1426136
15.8300009,0.1471506
15.8400011,0.1565235
15.8500004,0.1527291
15.8600006,0.1417955
15.8700008,0.1391477
15.8800011,0.1557071
15.8900003,0.1398427
15.9000006,0.1362938
15.9100008,0.1423026
15.9200010,0.1548633
15.9300003,0.1455651
15.9400005,0.1347657
15.9500008,0.1441177
15.9600010,0.1407212
15.9700012,0.1632036
15.9800005,0.1537570
15.9900007,0.1641902
16.0000000,0.1606109
16.0100002,0.1514932
16.0200005,0.1660847
16.0300007,0.1616367
16.0400009,0.1624907
16.0500011,0.1596575
16.0600014,0.1543079
16.0700016,0.1574233
16.0799999,0.1518258
16.0900002,0.1679746
16.1000004,0.1589968
16.1100006,0.1476573
16.1200008,0.1461184
16.1300011,0.1496879
16.1400013,0.1498748
16.1500015,0.1546532
16.1599998,0.1418753
16.1700001,0.1427923
16.1800003,0.1420335
16.1900005,0.1526089
16.2000008,0.1492383
16.2100010,0.1546443
16.2200012,0.1448773
16.2300014,0.1570339
16.2400017,0.1318193
16.2500000,0.1343201
16.2600002,0.1448874
16.2700005,0.1392364
16.2800007,0.1399943
16.2900009,0.1264657
16.3000011,0.1479182
16.3100014,0.1563894
16.3200016,0.1584715
16.3299999,0.1512172
16.3400002,0.1508434
16.3500004,0.1488460
16.3600006,0.1459565
16.3700008,0.1435260
16.3800011,0.1492425
16.3900013,0.1644016
16.4000015,0.1518395
16.4099998,0.1388338
16.4200001,0.1379442
16.4300003,0.1373806
16.4400005,0.1218517
16.4500008,0.1276871
16.4600010,0.1280230
16.4700012,0.1387646
16.4800014,0.1308032
16.4900017,0.1272716
16.5000000,0.1492103
16.5100002,0.1353378
16.5200005,0.1493776
16.5300007,0.1309328
16.5400009,0.1245419
16.5500011,0.1348431
16.5600014,0.1378324
16.5700016,0.1548496
16.5799999,0.1450228
16.5900002,0.1513556
16.6000004,0.1473513
16.6100006,0.1505300
16.6200008,0.1418852
16.6300011,0.1451286
16.6400013,0.1516341
16.6500015,0.1375154
16.6599998,0.1445767
16.6700001,0.1417938
16.6800003,0.1443692
16.6900005,0.1609015
16.7000008,0.1664795
16.7100010,0.1418930
16.7200012,0.1389654
16.7300014,0.1407730
16.7400017,0.1413076
16.7500000,0.1427510
16.7600002,0.1484270
16.7700005,0.1448392
16.7800007,0.1453839
16.7900009,0.1426380
16.8000011,0.1584434
16.8100014,0.1567065
16.8200016,0.1451924
16.8299999,0.1522416
16.8400002,0.1723517
16.8500004,0.1506593
16.8600006,0.1495889
16.8700008,0.1399853
16.8800011,0.1699657
16.8900013,0.1579260
16.9000015,0.1697768
16.9100018,0.1559109
16.9200001,0.1539548
16.9300003,0.1559577
16.9400005,0.1611091
16.9500008,0.1440812
16.9600010,0.1476297
16.9700012,0.1460406
16.9800014,0.1488547
16.9900017,0.1427686
17.0000000,0.1487179
17.0100002,0.1718923
17.0200005,0.1488137
17.0300007,0.1611128
17.0400009,0.1441860
17.0500011,0.1391287
17.0600014,0.1491372
17.0700016,0.1498253
17.0799999,0.1539927
17.0900002,0.1493297
17.1000004,0.1493591
17.1100006,0.1532833
17.1200008,0.1536225
17.1300011,0.1492493
17.1400013,0.1550580
17.1500015,0.1464370
17.1600018,0.1442997
17.1700001,0.1404474
17.1800003,0.1542114
17.1900005,0.1390782
17.2000008,0.1438617
17.2100010,0.1648385
17.2200012,0.1565263
17.2300014,0.1316201
17.2400017,0.1390419
17.2500000,0.1404427
17.2600002,0.1497761
17.2700005,0.1335048
17.2800007,0.1473570
17.2900009,0.1473308
17.3000011,0.1483035
17.3100014,0.1566343
17.3200016,0.1688266
17.3299999,0.1413418
17.3400002,0.1533218
17.3500004,0.1573504
17.3600006,0.1495443
17.3700008,0.1619826
17.3800011,0.1617659
17.3900013,0.1715412
17.4000015,0.1806806
17.4100018,0.1654900
17.4200001,0.1582208
17.4300003,0.1498289
17.4400005,0.1475191
17.4500008,0.1504588
17.4600010,0.1438832
17.4700012,0.1641019
17.4800014,0.1596264
17.4900017,0.1592651
17.5000000,0.1591514
17.5100002,0.1559838
17.5200005,0.1636247
17.5300007,0.1649129
17.5400009,0.1628535
17.5500011,0.1506477
17.5600014,0.1430206
17.5700016,0.1401145
17.5799999,0.1458102
17.5900002,0.1478466
17.6000004,0.1550971
17.6100006,0.1394386
17.6200008,0.1490149
17.6300011,0.1554475
17.6400013,0.1524715
17.6500015,0.1513343
17.6600018,0.1434144
17.6700001,0.1450550
17.6800003,0.1440658
17.6900005,0.1262025
17.7000008,0.1432679
17.7100010,0.1233669
17.7200012,0.1293660
17.7300014,0.1419682
17.7400017,0.1462425
17.7500000,0.1400792
17.7600002,0.1551291
17.7700005,0.1501945
17.7800007,0.1482960
17.7900009,0.1565628
17.8000011,0.1513467
17.8100014,0.1523266
17.8200016,0.1532188
17.8299999,0.1590561
17.8400002,0.1650093
17.8500004,0.1684893
17.8600006,0.1544185
17.8700008,0.1770967
17.8800011,0.1544346
17.8900013,0.1506367
17.9000015,0.1366436
17.9100018,0.1386716
17.9200001,0.1606358
17.9300003,0.1496898
17.9400005,0.1716009
17.9500008,0.1506934
17.9600010,0.1672175
17.9700012,0.1603785
17.9800014,0.1698804
17.9900017,0.1652466
18.0000000,0.1705286
18.0100002,0.1791382
18.0200005,0.1666608
18.0300007,0.1627540
18.0400009,0.1579371
18.0500011,0.1638502
18.0600014,0.1670843
18.0700016,0.1610284
18.0799999,0.1593269
18.0900002,0.1604138
18.1000004,0.1677500
18.1100006,0.1609505
18.1200008,0.1596535
18.1300011,0.1763386
18.1400013,0.1573218
18.1500015,0.1686496
18.1600018,0.1675415
18.1700001,0.1643318
18.1800003,0.1720790
18.1900005,0.1765460
18.2000008,0.1802669
18.2100010,0.1755597
18.2200012,0.1687253
18.2300014,0.1629727
18.2400017,0.1564687
18.2500000,0.1724002
18.2600002,0.1520562
18.2700005,0.1604351
18.2800007,0.1622778
18.2900009,0.1566088
18.3000011,0.1721018
18.3100014,0.1400957
18.3200016,0.1534093
18.3299999,0.1529454
18.3400002,0.1544836
18.3500004,0.1648827
18.3600006,0.1566798
18.3700008,0.1588734
18.3800011,0.1595096
18.3900013,0.1563967
18.4000015,0.1577516
18.4100018,0.1597691
18.4200001,0.1583829
18.4300003,0.1523344
18.4400005,0.1572081
18.4500008,0.1521823
18.4600010,0.1694595
18.4700012,0.1772092
18.4800014,0.1626887
18.4900017,0.1591570
18.5000000,0.1568385
18.5100002,0.1637301
18.5200005,0.1667378
18.5300007,0.1586246
18.5400009,0.1535760
18.5500011,0.1648173
18.5600014,0.1566439
18.5700016,0.1539122
18.5800018,0.1512103
18.5900002,0.1478287
18.6000004,0.1551365
18.6100006,0.1675605
18.6200008,0.1599505
18.6300011,0.1531879
18.6400013,0.1561087
18.6500015,0.1642896
18.6600018,0.1492892
18.6700001,0.1557913
18.6800003,0.1616545
18.6900005,0.1720523
18.7000008,0.1580354
18.7100010,0.1621281
18.7200012,0.1771836
18.7300014,0.1622837
18.7400017,0.1653128
18.7500000,0.1483960
18.7600002,0.1634914
18.7700005,0.1580291
18.7800007,0.1692941
18.7900009,0.1599474
18.8000011,0.1642034
18.8100014,0.1583188
18.8200016,0.1597554
18.8300018,0.1739928
18.8400002,0.1763659
18.8500004,0.1533192
18.8600006,0.1614381
18.8700008,0.1505080
18.8800011,0.1601691
18.8900013,0.1617718
18.9000015,0.1703945
18.9100018,0.1563388
18.9200001,0.1464311
18.9300003,0.1546133
18.9400005,0.1557148
18.9500008,0.1591099
18.9600010,0.1489076
18.9700012,0.1500831
18.9800014,0.1442143
18.9900017,0.1587079
19.0000000,0.1577632
19.0100002,0.1668243
19.0200005,0.1733322
19.0300007,0.1780858
19.0400009,0.1621467
19.0500011,0.1577732
19.0600014,0.1708342
19.0700016,0.1588662
19.0800018,0.1679850
19.0900002,0.1716043
19.1000004,0.1819937
19.1100006,0.1804016
19.1200008,0.1735825
19.1300011,0.1833532
19.1400013,0.1841036
19.1500015,0.1780282
19.1600018,0.1888179
19.1700001,0.1779165
19.1800003,0.1843560
19.1900005,0.1831413
19.2000008,0.1824923
19.2100010,0.1856827
19.2200012,0.1671417
19.2300014,0.1748270
19.2400017,0.1746907
19.2500000,0.1889458
19.2600002,0.1720554
19.2700005,0.1770209
19.2800007,0.1891973
19.2900009,0.1949000
19.3000011,0.1906917
19.3100014,0.1934963
19.3200016,0.1949565
19.3300018,0.2021099
19.3400002,0.2172761
19.3500004,0.2036212
19.3600006,0.2053733
19.3700008,0.2018154
19.3800011,0.2087870
19.3900013,0.1981167
19.4000015,0.1935620
19.4100018,0.2017114
19.4200001,0.2031335
19.4300003,0.2114764
19.4400005,0.2077907
19.4500008,0.1987350
19.4600010,0.1945038
19.4700012,0.1926308
19.4800014,0.1908271
19.4900017,0.1937023
19.5000000,0.1948963
19.5100002,0.1811799
19.5200005,0.1653913
19.5300007,0.1758334
19.5400009,0.1784742
19.5500011,0.1819161
19.5600014,0.1843124
19.5700016,0.1820046
19.5800018,0.1759848
19.5900002,0.1821115
19.6000004,0.1927252
19.6100006,0.1915149
19.6200008,0.1822729
19.6300011,0.1651254
19.6400013,0.1890469
19.6500015,0.1799198
19.6600018,0.1854011
19.6700001,0.1945568
19.6800003,0.2116939
19.6900005,0.1923083
19.7000008,0.1987780
19.7100010,0.1841435
19.7200012,0.1912595
19.7300014,0.1758702
19.7400017,0.1842749
19.7500000,0.1873018
19.7600002,0.1787673
19.7700005,0.1863033
19.7800007,0.1776417
19.7900009,0.1845297
19.8000011,0.1899190
19.8100014,0.1746196
19.8200016,0.1844287
19.8300018,0.1913489
19.8400002,0.1965076
19.8500004,0.1929191
19.8600006,0.2007650
19.8700008,0.1744644
19.8800011,0.1913839
19.8900013,0.1893764
19.9000015,0.1653236
19.9100018,0.1755580
19.9200001,0.1878473
19.9300003,0.1876881
19.9400005,0.1896289
19.9500008,0.1757758
19.9600010,0.1803910
19.9700012,0.1812464
19.9800014,0.1844780
19.9900017,0.1883029
20.0000000,0.1873354
20.0100002,0.1731165
20.0200005,0.1736668
20.0300007,0.1745608
20.0400009,0.1666265
20.0500011,0.1777429
20.0600014,0.1848364
20.0700016,0.1949933
20.0800018,0.1804344
20.0900002,0.1769147
20.1000004,0.1656686
20.1100006,0.1781660
20.1200008,0.1870437
20.1300011,0.1832285
20.1400013,0.1852141
20.1500015,0.2001831
20.1600018,0.1877669
20.1700001,0.1863025
20.1800003,0.1865491
20.1900005,0.1880446
20.2000008,0.1909609
20.2100010,0.1872086
20.2200012,0.1753187
20.2300014,0.1787028
20.2400017,0.1795810
20.2500019,0.1728705
20.2600002,0.1845370
20.2700005,0.1840307
20.2800007,0.1860711
20.2900009,0.1920993
20.3000011,0.1962761
20.3100014,0.1980332
20.3200016,0.1906853
20.3300018,0.1853915
20.3400002,0.1741834
20.3500004,0.1677594
20.3600006,0.1682879
20.3700008,0.1735855
20.3800011,0.1658518
20.3900013,0.1728308
20.4000015,0.1638868
20.4100018,0.1719645
20.4200001,0.1648907
20.4300003,0.1619321
20.4400005,0.1708023
20.4500008,0.1730593
20.4600010,0.1807933
20.4700012,0.1780691
20.4800014,0.1673375
20.4900017,0.1642374
20.5000019,0.1672295
20.5100002,0.1717642
20.5200005,0.1699587
20.5300007,0.1695779
20.5400009,0.1672836
20.5500011,0.1724755
20.5600014,0.1625042
20.5700016,0.1675577
20.5800018,0.1667530
20.5900002,0.1730125
20.6000004,0.1838143
20.6100006,0.1682621
20.6200008,0.1737798
20.6300011,0.1759584
20.6400013,0.1753329
20.6500015,0.1670112
20.6600018,0.1488837
20.6700001,0.1693442
20.6800003,0.1649761
20.6900005,0.1604973
20.7000008,0.1611572
20.7100010,0.1718838
20.7200012,0.1692421
20.7300014,0.1557928
20.7400017,0.1586762
20.7500019,0.1647321
20.7600002,0.1712560
20.7700005,0.1790025
20.7800007,0.1682622
20.7900009,0.1735670
20.8000011,0.1736965
20.8100014,0.1643138
20.8200016,0.1661090
20.8300018,0.1767505
20.8400002,0.1701447
20.8500004,0.1609189
20.8600006,0.1545409
20.8700008,0.1561053
20.8800011,0.1509396
20.8900013,0.1574166
20.9000015,0.1659255
20.9100018,0.1611067
20.9200001,0.1633902
20.9300003,0.1732002
20.9400005,0.1749824
20.9500008,0.1714130
20.9600010,0.1569496
20.9700012,0.1585866
20.9800014,0.1638681
20.9900017,0.1622112
21.0000019,0.1663035
21.0100002,0.1711924
21.0200005,0.1684426
21.0300007,0.1625124
21.0400009,0.1637345
21.0500011,0.1627730
21.0600014,0.1684819
21.0700016,0.1858858
21.0800018,0.1650266
21.0900002,0.1645658
21.1000004,0.1674051
21.1100006,0.1671748
21.1200008,0.1724963
21.1300011,0.1872332
21.1400013,0.1675563
21.1500015,0.1727686
21.1600018,0.1760017
21.1700001,0.1561340
21.1800003,0.1702076
21.1900005,0.1726106
21.2000008,0.1776711
21.2100010,0.1666080
21.2200012,0.1784169
21.2300014,0.1662378
21.2400017,0.1662630
21.2500019,0.1468030
21.2600002,0.1617555
21.2700005,0.1403005
21.2800007,0.1586589
21.2900009,0.1499937
21.3000011,0.1587306
21.3100014,0.1710778
21.3200016,0.1650077
21.3300018,0.1735278
21.3400002,0.1605836
21.3500004,0.1584218
21.3600006,0.1602754
21.3700008,0.1510240
21.3800011,0.1669724
21.3900013,0.1732090
21.4000015,0.1575728
21.4100018,0.1955845
21.4200001,0.1694429
21.4300003,0.1725320
21.4400005,0.1713222
21.4500008,0.1870859
21.4600010,0.1811476
21.4700012,0.1916028
21.4800014,0.1938003
21.4900017,0.1769274
21.5000019,0.1783884
21.5100002,0.1838920
21.5200005,0.1922876
21.5300007,0.1873569
21.5400009,0.1725623
21.5500011,0.1729397
21.5600014,0.1736749
21.5700016,0.1860246
21.5800018,0.1889319
21.5900002,0.1829447
21.6000004,0.1702230
21.6100006,0.1599778
21.6200008,0.1703344
21.6300011,0.1680930
21.6400013,0.1800542
21.6500015,0.1599402
21.6600018,0.1725271
21.6700001,0.1731234
21.6800003,0.1780241
21.6900005,0.1876027
21.7000008,0.1715333
21.7100010,0.1819829
21.7200012,0.1912665
21.7300014,0.1893689
21.7400017,0.1685061
21.7500019,0.1819350
21.7600002,0.1624490
21.7700005,0.1675193
21.7800007,0.1712909
21.7900009,0.1760076
21.8000011,0.1789888
21.8100014,0.1749426
21.8200016,0.1815214
21.8300018,0.1865787
21.8400002,0.1616581
21.8500004,0.1681291
21.8600006,0.1865850
21.8700008,0.1729320
21.8800011,0.1712236
21.8900013,0.1690938
21.9000015,0.1552436
21.9100018,0.1621769
21.9200020,0.1753995
21.9300003,0.1717605
21.9400005,0.1629601
21.9500008,0.1610394
21.9600010,0.1724885
21.9700012,0.1682766
21.9800014,0.1683689
21.9900017,0.1680297
22.0000019,0.1652059
22.0100002,0.1814135
22.0200005,0.1815030
22.0300007,0.1687904
22.0400009,0.1974377
22.0500011,0.1832824
22.0600014,0.1928114
22.0700016,0.1910801
22.0800018,0.1903043
22.0900002,0.2068742
22.1000004,0.1818749
22.1100006,0.1760024
22.1200008,0.1671702
22.1300011,0.1703060
22.1400013,0.1787572
22.1500015,0.1814590
22.1600018,0.1786829
22.1700020,0.1809959
22.1800003,0.1797569
22.1900005,0.1701895
22.2000008,0.1749401
22.2100010,0.1903549
22.2200012,0.1762031
22.2300014,0.1685954
22.2400017,0.1568018
22.2500019,0.1567403
22.2600002,0.1567674
22.2700005,0.1547401
22.2800007,0.1568905
22.2900009,0.1639318
22.3000011,0.1771775
22.3100014,0.1593301
22.3200016,0.1654091
22.3300018,0.1755110
22.3400002,0.1666730
22.3500004,0.1717380
22.3600006,0.1653347
22.3700008,0.1606165
22.3800011,0.1627999
22.3900013,0.1719909
22.4000015,0.1697120
22.4100018,0.1513622
22.4200020,0.1712726
22.4300003,0.1626474
22.4400005,0.1612873
22.4500008,0.1662819
22.4600010,0.1774223
22.4700012,0.1691167
22.4800014,0.1583558
22.4900017,0.1589145
22.5000019,0.1735830
22.5100002,0.1761993
22.5200005,0.1643683
22.5300007,0.1582830
22.5400009,0.1620079
22.5500011,0.1443521
22.5600014,0.1637693
22.5700016,0.1816984
22.5800018,0.1648514
22.5900002,0.1662021
22.6000004,0.1508475
22.6100006,0.1712573
22.6200008,0.1498413
22.6300011,0.1612326
22.6400013,0.1485464
22.6500015,0.1515235
22.6600018,0.1589615
22.6700020,0.1654764
22.6800003,0.1685943
22.6900005,0.1624105
22.7000008,0.1658404
22.7100010,0.1586726
22.7200012,0.1637112
22.7300014,0.1561678
22.7400017,0.1544273
22.7500019,0.1522561
22.7600002,0.1485823
22.7700005,0.1490093
22.7800007,0.1532647
22.7900009,0.1491882
22.8000011,0.1462906
22.8100014,0.1479681
22.8200016,0.1509661
22.8300018,0.1395756
22.8400002,0.1438000
22.8500004,0.1352033
22.8600006,0.1497655
22.8700008,0.1548539
22.8800011,0.1496987
22.8900013,0.1497599
22.9000015,0.1610594
22.9100018,0.1539301
22.9200020,0.1465956
22.9300003,0.1566407
22.9400005,0.1567833
22.9500008,0.1476389
22.9600010,0.1504618
22.9700012,0.1599851
22.9800014,0.1581024
22.9900017,0.1511704
23.0000019,0.1450566
23.0100002,0.1534571
23.0200005,0.1659244
23.0300007,0.1489475
23.0400009,0.1527016
23.0500011,0.1547386
23.0600014,0.1629918
23.0700016,0.1489200
23.0800018,0.1463554
23.0900002,0.1603837
23.1000004,0.1505902
23.1100006,0.1476108
23.1200008,0.1403239
23.1300011,0.1394318
23.1400013,0.1430300
23.1500015,0.1387602
23.1600018,0.1367924
23.1700020,0.1470195
23.1800003,0.1425860
23.1900005,0.1545138
23.2000008,0.1486768
23.2100010,0.1472979
23.2200012,0.1529871
23.2300014,0.1587640
23.2400017,0.1533643
23.2500019,0.1635263
23.2600002,0.1547782
23.2700005,0.1587013
23.2800007,0.1643801
23.2900009,0.1655805
23.3000011,0.1415387
23.3100014,0.1584228
23.3200016,0.1551147
23.3300018,0.1596526
23.3400021,0.1615058
23.3500004,0.1515007
23.3600006,0.1311541
23.3700008,0.1294578
23.3800011,0.1448507
23.3900013,0.1672753
23.4000015,0.1732316
23.4100018,0.1477605
23.4200020,0.1401544
23.4300003,0.1588876
23.4400005,0.1667884
23.4500008,0.1556772
23.4600010,0.1442082
23.4700012,0.1486096
23.4800014,0.1466815
23.4900017,0.1604539
23.5000019,0.1530343
23.5100002,0.1262419
23.5200005,0.1490102
23.5300007,0.1417174
23.5400009,0.1409339
23.5500011,0.1328898
23.5600014,0.1350550
23.5700016,0.1484551
23.5800018,0.1764084
23.5900021,0.1584496
23.6000004,0.1653463
23.6100006,0.1741467
23.6200008,0.1455601
23.6300011,0.1535641
23.6400013,0.1656735
23.6500015,0.1572959
23.6600018,0.1610153
23.6700020,0.1745474
23.6800003,0.1629369
23.6900005,0.1686127
23.7000008,0.1674690
23.7100010,0.1556799
23.7200012,0.1537156
23.7300014,0.1543093
23.7400017,0.1672319
23.7500019,0.1631707
23.7600002,0.1547167
23.7700005,0.1638872
23.7800007,0.1642056
23.7900009,0.1695930
23.8000011,0.1755036
23.8100014,0.1677249
23.8200016,0.1758290
23.8300018,0.1605103
23.8400021,0.1557177
23.8500004,0.1687207
23.8600006,0.1682491
23.8700008,0.1577042
23.8800011,0.1678524
23.8900013,0.1800575
23.9000015,0.1704545
23.9100018,0.1644216
23.9200020,0.1697691
23.9300003,0.1690926
23.9400005,0.1774819
23.9500008,0.1685463
23.9600010,0.1640640
23.9700012,0.1627623
23.9800014,0.1686892
23.9900017,0.1639834
24.0000019,0.1448386
24.0100002,0.1621880
24.0200005,0.1540862
24.0300007,0.1536105
24.0400009,0.1554256
24.0500011,0.1454176
24.0600014,0.1590051
24.0700016,0.1684424
24.0800018,0.1907311
24.0900021,0.1881732
24.1000004,0.1657771
24.1100006,0.1702155
24.1200008,0.1649905
24.1300011,0.1491597
24.1400013,0.1409704
24.1500015,0.1278686
24.1600018,0.1420866
24.1700020,0.1523793
24.1800003,0.1353670
24.1900005,0.1475757
24.2000008,0.1383118
24.2100010,0.1604330
24.2200012,0.1453884
24.2300014,0.1606410
24.2400017,0.1752984
24.2500019,0.1659979
24.2600002,0.1473763
24.2700005,0.1614114
24.2800007,0.1448184
24.2900009,0.1616085
24.3000011,0.1442442
24.3100014,0.1492408
24.3200016,0.1542167
24.3300018,0.1678360
24.3400021,0.1718587
24.3500004,0.1510651
24.3600006,0.1692540
24.3700008,0.1609196
24.3800011,0.1603418
24.3900013,0.1559932
24.4000015,0.1492169
24.4100018,0.1473057
24.4200020,0.1547952
24.4300003,0.1431500
24.4400005,0.1387300
24.4500008,0.1392020
24.4600010,0.1408177
24.4700012,0.1325493
24.4800014,0.1453207
24.4900017,0.1511042
24.5000019,0.1438171
24.5100002,0.1297112
24.5200005,0.1390535
24.5300007,0.1350310
24.5400009,0.1440655
24.5500011,0.1384838
24.5600014,0.1430440
24.5700016,0.1395515
24.5800018,0.1458375
24.5900021,0.1425925
24.6000004,0.1462672
24.6100006,0.1500854
24.6200008,0.1433947
24.6300011,0.1421667
24.6400013,0.1491226
24.6500015,0.1307133
24.6600018,0.1408332
24.6700020,0.1426242
24.6800003,0.1559301
24.6900005,0.1533871
24.7000008,0.1665513
24.7100010,0.1489516
24.7200012,0.1650252
24.7300014,0.1558452
24.7400017,0.1633616
24.7500019,0.1504231
24.7600002,0.1450418
24.7700005,0.1597764
24.7800007,0.1563454
24.7900009,0.1695129
24.8000011,0.1648022
24.8100014,0.1586759
24.8200016,0.1497505
24.8300018,0.1418029
24.8400021,0.1475236
24.8500004,0.1459430
24.8600006,0.1558951
24.8700008,0.1457020
24.8800011,0.1518731
24.8900013,0.1589232
24.9000015,0.1570634
24.9100018,0.1497599
24.9200020,0.1516971
24.9300003,0.1320972
24.9400005,0.1389881
24.9500008,0.1420465
24.9600010,0.1451205
24.9700012,0.1449121
24.9800014,0.1654828
24.9900017,0.1625178
25.0000019,0.1768804
25.0100021,0.1659668
25.0200005,0.1525983
25.0300007,0.1536029
25.0400009,0.1496549
25.0500011,0.1552119
25.0600014,0.1682022
25.0700016,0.1612532
25.0800018,0.1535665
25.0900021,0.1665459
25.1000004,0.1471445
25.1100006,0.1398475
25.1200008,0.1651212
25.1300011,0.1723697
25.1400013,0.1665427
25.1500015,0.1750608
25.1600018,0.1857046
25.1700020,0.1764893
25.1800003,0.1860717
25.1900005,0.1819824
25.2000008,0.1856531
25.2100010,0.1806695
25.2200012,0.1826252
25.2300014,0.1705292
25.2400017,0.2041320
25.2500019,0.1843889
25.2600021,0.1855942
25.2700005,0.1729549
25.2800007,0.1639137
25.2900009,0.1675908
25.3000011,0.1848886
25.3100014,0.1803423
25.3200016,0.1792276
25.3300018,0.1765980
25.3400021,0.1698614
25.3500004,0.1640673
25.3600006,0.1706678
25.3700008,0.1851656
25.3800011,0.1911887
25.3900013,0.1807582
25.4000015,0.1992082
25.4100018,0.1781265
25.4200020,0.1792275
25.4300003,0.1702731
25.4400005,0.1764761
25.4500008,0.1809998
25.4600010,0.1938133
25.4700012,0.1777859
25.4800014,0.1585885
25.4900017,0.1620079
25.5000019,0.1741324
25.5100021,0.1683991
25.5200005,0.1693707
25.5300007,0.1592096
25.5400009,0.1595547
25.5500011,0.1637957
25.5600014,0.1674938
25.5700016,0.1595407
25.5800018,0.1654484
25.5900021,0.1917370
25.6000004,0.1803585
25.6100006,0.1813363
25.6200008,0.1715118
25.6300011,0.1804529
25.6400013,0.1775528
25.6500015,0.1885719
25.6600018,0.1768325
25.6700020,0.1658203
25.6800003,0.1785152
25.6900005,0.1825827
25.7000008,0.1723792
25.7100010,0.1739226
25.7200012,0.1816659
25.7300014,0.1755270
25.7400017,0.1648934
25.7500019,0.1688943
25.7600021,0.1637614
25.7700005,0.1758756
25.7800007,0.1683466
25.7900009,0.1932352
25.8000011,0.2014830
25.8100014,0.1827149
25.8200016,0.1962343
25.8300018,0.2009644
25.8400021,0.2038379
25.8500004,0.1842102
25.8600006,0.1855255
25.8700008,0.1816650
25.8800011,0.1703269
25.8900013,0.1623957
25.9000015,0.1620356
25.9100018,0.1881759
25.9200020,0.1979492
25.9300003,0.1871237
25.9400005,0.1962248
25.9500008,0.1854243
25.9600010,0.1941401
25.9700012,0.1914292
25.9800014,0.1898397
25.9900017,0.1934634
26.0000019,0.1938104
26.0100021,0.1913266
26.0200005,0.1993128
26.0300007,0.1928499
26.0400009,0.1976068
26.0500011,0.2004090
26.0600014,0.1897491
26.0700016,0.1949578
26.0800018,0.2081545
26.0900021,0.2128284
26.1000004,0.2024023
26.1100006,0.2047054
26.1200008,0.2201424
26.1300011,0.2073463
26.1400013,0.2059015
26.1500015,0.2120741
26.1600018,0.2168655
26.1700020,0.1929108
26.1800003,0.1811848
26.1900005,0.1883063
26.2000008,0.1690076
26.2100010,0.1963155
26.2200012,0.1846777
26.2300014,0.1957642
26.2400017,0.1751281
26.2500019,0.1990179
26.2600021,0.1932205
26.2700005,0.1942455
26.2800007,0.1901641
26.2900009,0.1851129
26.3000011,0.1820666
26.3100014,0.1847174
26.3200016,0.1867572
26.3300018,0.1922657
26.3400021,0.2114048
26.3500004,0.1878756
26.3600006,0.1875402
26.3700008,0.1869188
26.3800011,0.1816837
26.3900013,0.1768783
26.4000015,0.1728248
26.4100018,0.1798350
26.4200020,0.1831203
26.4300003,0.1715389
26.4400005,0.1741856
26.4500008,0.1766526
26.4600010,0.1787177
26.4700012,0.1966850
26.4800014,0.1836974
26.4900017,0.1750860
26.5000019,0.1693667
26.5100021,0.1687361
26.5200005,0.1665775
26.5300007,0.1729245
26.5400009,0.1673560
26.5500011,0.1780613
26.5600014,0.1578280
26.5700016,0.1636619
26.5800018,0.1736876
26.5900021,0.1602676
26.6000004,0.1776817
26.6100006,0.1900677
26.6200008,0.1877467
26.6300011,0.1721528
26.6400013,0.1724631
26.6500015,0.1886621
26.6600018,0.1849630
26.6700020,0.1711837
26.6800022,0.1751752
26.6900005,0.2001973
26.7000008,0.2287479
26.7100010,0.1930916
26.7200012,0.1682034
26.7300014,0.1673045
26.7400017,0.1643592
26.7500019,0.1644596
26.7600021,0.1602758
26.7700005,0.1583403
26.7800007,0.1947029
26.7900009,0.1854263
26.8000011,0.1731352
26.8100014,0.1805945
26.8200016,0.1583145
26.8300018,0.1464434
26.8400021,0.1774368
26.8500004,0.1730246
26.8600006,0.1717734
26.8700008,0.1685649
26.8800011,0.1798774
26.8900013,0.1527567
26.9000015,0.1630452
26.9100018,0.1682307
26.9200020,0.1555214
26.9300022,0.1493242
26.9400005,0.1620451
26.9500008,0.1696677
26.9600010,0.1512064
26.9700012,0.1735807
26.9800014,0.1606197
26.9900017,0.1421366
27.0000019,0.1391280
27.0100021,0.1559303
27.0200005,0.1415123
27.0300007,0.1653030
27.0400009,0.1715628
27.0500011,0.1786922
27.0600014,0.1714122
27.0700016,0.1767936
27.0800018,0.1612182
27.0900021,0.1652334
27.1000004,0.1679086
27.1100006,0.1712005
27.1200008,0.1942391
27.1300011,0.1960144
27.1400013,0.1856800
27.1500015,0.1688802
27.1600018,0.1916743
27.1700020,0.1918503
27.1800022,0.1697959
27.1900005,0.1684046
27.2000008,0.1786216
27.2100010,0.1758503
27.2200012,0.1588665
27.2300014,0.1746243
27.2400017,0.1881404
27.2500019,0.1621688
27.2600021,0.1430051
27.2700005,0.1476556
27.2800007,0.1540009
27.2900009,0.1584333
27.3000011,0.1823489
27.3100014,0.1607660
27.3200016,0.1418016
27.3300018,0.1515654
27.3400021,0.1298339
27.3500004,0.1391150
27.3600006,0.1204848
27.3700008,0.1334578
27.3800011,0.1488405
27.3900013,0.1437321
27.4000015,0.1325421
27.4100018,0.1258111
27.4200020,0.1214627
27.4300022,0.1443502
27.4400005,0.1574485
27.4500008,0.1724215
27.4600010,0.1799848
27.4700012,0.1511020
27.4800014,0.1644933
27.4900017,0.1392740
27.5000019,0.1476429
27.5100021,0.1548845
27.5200005,0.1639021
27.5300007,0.1521775
27.5400009,0.1397155
27.5500011,0.1446788
27.5600014,0.1258273
27.5700016,0.1130036
27.5800018,0.1287082
27.5900021,0.1256759
27.6000004,0.1269176
27.6100006,0.1349723
27.6200008,0.1397956
27.6300011,0.1436429
27.6400013,0.1375925
27.6500015,0.1491632
27.6600018,0.1531019
27.6700020,0.1492413
27.6800022,0.1509691
27.6900005,0.1253967
27.7000008,0.1420723
27.7100010,0.1459685
27.7200012,0.1395110
27.7300014,0.1541366
27.7400017,0.1696836
27.7500019,0.1642746
27.7600021,0.1398581
27.7700005,0.1629066
27.7800007,0.1451992
27.7900009,0.1476252
27.8000011,0.1701317
27.8100014,0.1469908
27.8200016,0.1539336
27.8300018,0.1552181
27.8400021,0.1418417
27.8500004,0.1602993
27.8600006,0.1578859
27.8700008,0.1528972
27.8800011,0.1434306
27.8900013,0.1313647
27.9000015,0.1224871
27.9100018,0.1300365
27.9200020,0.1536694
27.9300022,0.1386893
27.9400005,0.1537474
27.9500008,0.1327502
27.9600010,0.1464516
27.9700012,0.1662348
27.9800014,0.1701684
27.9900017,0.1955359
28.0000019,0.1913930
28.0100021,0.1954699
28.0200005,0.1550463
28.0300007,0.1595560
28.0400009,0.1424918
28.0500011,0.1485055
28.0600014,0.1586064
28.0700016,0.1562143
28.0800018,0.1545303
28.0900021,0.1418251
28.1000004,0.1411512
28.1100006,0.1564596
28.1200008,0.1514100
28.1300011,0.1677028
28.1400013,0.1457668
28.1500015,0.1828693
28.1600018,0.1693976
28.1700020,0.1708150
28.1800022,0.1845447
28.1900005,0.1813162
28.2000008,0.1460971
28.2100010,0.1415827
28.2200012,0.1466983
28.2300014,0.1628564
28.2400017,0.1504595
28.2500019,0.1656229
28.2600021,0.1439120
28.2700005,0.1515813
28.2800007,0.1476656
28.2900009,0.1566779
28.3000011,0.1621848
28.3100014,0.1634718
28.3200016,0.1602246
28.3300018,0.1619418
28.3400021,0.1580030
28.3500023,0.1645919
28.3600006,0.1601872
28.3700008,0.2114700
28.3800011,0.1696838
28.3900013,0.1690712
28.4000015,0.1861008
28.4100018,0.1657606
28.4200020,0.1455029
28.4300022,0.1615326
28.4400005,0.1451612
28.4500008,0.1770880
28.4600010,0.1766991
28.4700012,0.1696733
28.4800014,0.1703736
28.4900017,0.1689323
28.5000019,0.1591286
28.5100021,0.1444167
28.5200005,0.1312133
28.5300007,0.1219836
28.5400009,0.1255341
28.5500011,0.1434162
28.5600014,0.1383999
28.5700016,0.1261577
28.5800018,0.1298065
28.5900021,0.1314376
28.6000023,0.1236538
28.6100006,0.1367112
28.6200008,0.1501426
28.6300011,0.1289102
28.6400013,0.1625240
28.6500015,0.1429147
28.6600018,0.1392732
28.6700020,0.1441520
28.6800022,0.1350772
28.6900005,0.1397409
28.7000008,0.1240330
28.7100010,0.1532007
28.7200012,0.1400696
28.7300014,0.1285437
28.7400017,0.1269636
28.7500019,0.1406707
28.7600021,0.1370768
28.7700005,0.1248548
28.7800007,0.1374799
28.7900009,0.1360830
28.8000011,0.1195317
28.8100014,0.1259588
28.8200016,0.1133180
28.8300018,0.1379735
28.8400021,0.1357716
28.8500023,0.1496350
28.8600006,0.1336674
28.8700008,0.1752037
28.8800011,0.1459333
28.8900013,0.1715158
28.9000015,0.1450470
28.9100018,0.1470604
28.9200020,0.1369714
28.9300022,0.1525525
28.9400005,0.1620996
28.9500008,0.1799715
28.9600010,0.1627653
28.9700012,0.1704450
28.9800014,0.1643704
28.9900017,0.1609215
29.0000019,0.1763357
29.0100021,0.1770057
29.0200005,0.1848287
29.0300007,0.1706096
29.0400009,0.1596078
29.0500011,0.1701978
29.0600014,0.1959869
29.0700016,0.1858290
29.0800018,0.1807711
29.0900021,0.2023461
29.1000023,0.1928899
29.1100006,0.2053855
29.1200008,0.1962709
29.1300011,0.1917689
29.1400013,0.2018193
29.1500015,0.1994123
29.1600018,0.2120683
29.1700020,0.2118193
29.1800022,0.1812315
29.1900005,0.1814707
29.2000008,0.2016159
29.2100010,0.2171479
29.2200012,0.1865783
29.2300014,0.1837150
29.2400017,0.1907921
29.2500019,0.2173019
29.2600021,0.2145448
29.2700005,0.2162725
29.2800007,0.1985531
29.2900009,0.1946704
29.3000011,0.2266934
29.3100014,0.2129660
29.3200016,0.2000123
29.3300018,0.1548308
29.3400021,0.1812175
29.3500023,0.1458132
29.3600006,0.1442626
29.3700008,0.1532640
29.3800011,0.1901073
29.3900013,0.2006299
29.4000015,0.1716833
29.4100018,0.1753315
29.4200020,0.1737715
29.4300022,0.1875271
29.4400005,0.1723114
29.4500008,0.1561258
29.4600010,0.1740095
29.4700012,0.1480220
29.4800014,0.1516220
29.4900017,0.1571365
29.5000019,0.1793397
29.5100021,0.1892306
29.5200005,0.1654542
29.5300007,0.1641855
29.5400009,0.1515620
29.5500011,0.1578908
29.5600014,0.1476693
29.5700016,0.1462002
29.5800018,0.1496540
29.5900021,0.1720021
29.6000023,0.1706003
29.6100006,0.1881417
29.6200008,0.1518718
29.6300011,0.1655446
29.6400013,0.1703764
29.6500015,0.1457236
29.6600018,0.1565752
29.6700020,0.1506989
29.6800022,0.1534830
29.6900005,0.1547082
29.7000008,0.1695811
29.7100010,0.1454602
29.7200012,0.1525573
29.7300014,0.1695317
29.7400017,0.1449250
29.7500019,0.1379762
29.7600021,0.1447898
29.7700024,0.1519050
29.7800007,0.1411120
29.7900009,0.1456430
29.8000011,0.1465848
29.8100014,0.1731046
29.8200016,0.1500561
29.8300018,0.1544173
29.8400021,0.1552290
29.8500023,0.1536442
29.8600006,0.1416487
29.8700008,0.1837950
29.8800011,0.1825826
29.8900013,0.2056495
29.9000015,0.2143797
29.9100018,0.1905714
29.9200020,0.1801152
29.9300022,0.1854545
29.9400005,0.1680966
29.9500008,0.1724780
29.9600010,0.1687944
29.9700012,0.1869109
29.9800014,0.1596018
29.9900017,0.1597999
30.0000019,0.1592932
30.0100021,0.1684375
30.0200024,0.1619449
30.0300007,0.1583487
30.0400009,0.1560643
30.0500011,0.1576684
30.0600014,0.1490003
30.0700016,0.1438557
30.0800018,0.1432976
30.0900021,0.1561210
30.1000023,0.1611961
30.1100006,0.1598192
30.1200008,0.1676486
30.1300011,0.1326242
30.1400013,0.1464928
30.1500015,0.1470781
30.1600018,0.1565300
30.1700020,0.1492967
30.1800022,0.1610240
30.1900005,0.1614428
30.2000008,0.1624317
30.2100010,0.1626499
30.2200012,0.1837036
30.2300014,0.1856889
30.2400017,0.1875353
30.2500019,0.1744275
30.2600021,0.1622272
30.2700024,0.1788337
30.2800007,0.1676456
30.2900009,0.1517411
30.3000011,0.1351303
30.3100014,0.1503288
30.3200016,0.1552756
30.3300018,0.1575386
30.3400021,0.1471106
30.3500023,0.1660995
30.3600006,0.1710535
30.3700008,0.1564008
30.3800011,0.1481737
30.3900013,0.1351742
30.4000015,0.1560415
30.4100018,0.1548184
30.4200020,0.1484973
30.4300022,0.1493943
30.4400005,0.1551074
30.4500008,0.1504229
30.4600010,0.1604431
30.4700012,0.1514323
30.4800014,0.1542624
30.4900017,0.1622462
30.5000019,0.1606411
30.5100021,0.1537223
30.5200024,0.1638772
30.5300007,0.1861194
30.5400009,0.1740175
30.5500011,0.1841028
30.5600014,0.1640687
30.5700016,0.1615698
30.5800018,0.1490757
30.5900021,0.1567159
30.6000023,0.1449089
30.6100006,0.1501019
30.6200008,0.1549716
30.6300011,0.1623885
30.6400013,0.1592416
30.6500015,0.1730957
30.6600018,0.1672627
30.6700020,0.1671972
30.6800022,0.1939481
30.6900005,0.1715090
30.7000008,0.1956188
30.7100010,0.1779913
30.7200012,0.1789726
30.7300014,0.1765767
30.7400017,0.1656832
30.7500019,0.1679989
30.7600021,0.1674954
30.7700024,0.1654950
30.7800007,0.1654702
30.7900009,0.1661602
30.8000011,0.1730301
30.8100014,0.1822848
30.8200016,0.1886302
30.8300018,0.1908143
30.8400021,0.1823240
30.8500023,0.1828487
30.8600006,0.1734365
30.8700008,0.1805422
30.8800011,0.1814777
30.8900013,0.1810780
30.9000015,0.1810002
30.9100018,0.1575848
30.9200020,0.1648459
30.9300022,0.1731079
30.9400005,0.1722962
30.9500008,0.1580296
30.9600010,0.1542305
30.9700012,0.1574898
30.9800014,0.1610681
30.9900017,0.1631976
31.0000019,0.1633804
31.0100021,0.1798781
31.0200024,0.2023185
31.0300007,0.2163466
31.0400009,0.2051735
31.0500011,0.2015985
31.0600014,0.2087409
31.0700016,0.2135886
31.0800018,0.1992116
31.0900021,0.1862403
31.1000023,0.1875618
31.1100006,0.1821925
31.1200008,0.1620856
31.1300011,0.1754484
31.1400013,0.1874468
31.1500015,0.1765367
31.1600018,0.1655422
31.1700020,0.1892423
31.1800022,0.1851836
31.1900005,0.1893795
31.2000008,0.1847749
31.2100010,0.1580548
31.2200012,0.1519942
31.2300014,0.1727444
31.2400017,0.1797580
31.2500019,0.2168776
31.2600021,0.1712006
31.2700024,0.1987882
31.2800007,0.1773651
31.2900009,0.1755908
31.3000011,0.1778755
31.3100014,0.1481526
31.3200016,0.1577683
31.3300018,0.1487042
31.3400021,0.1623790
31.3500023,0.1495800
31.3600006,0.1604987
31.3700008,0.1694180
31.3800011,0.1727845
31.3900013,0.1812527
31.4000015,0.1988179
31.4100018,0.1864634
31.4200020,0.1680515
31.4300022,0.1746914
31.4400024,0.1546206
31.4500008,0.1481207
31.4600010,0.1798001
31.4700012,0.1686785
31.4800014,0.1800292
31.4900017,0.1621208
31.5000019,0.1594500
31.5100021,0.1803588
31.5200024,0.1639377
31.5300007,0.1660862
31.5400009,0.1609003
31.5500011,0.1557196
31.5600014,0.1661323
31.5700016,0.1641537
31.5800018,0.1687561
31.5900021,0.1945023
31.6000023,0.1910059
31.6100006,0.1845777
31.6200008,0.1781478
31.6300011,0.2048272
31.6400013,0.1819656
31.6500015,0.1630161
31.6600018,0.1485407
31.6700020,0.1678604
31.6800022,0.1442885
31.6900024,0.1604162
31.7000008,0.1772584
31.7100010,0.1706495
31.7200012,0.1654022
31.7300014,0.1635040
31.7400017,0.1757658
31.7500019,0.1707270
31.7600021,0.1820574
31.7700024,0.1655830
31.7800007,0.1647574
31.7900009,0.1774703
31.8000011,0.1715388
31.8100014,0.1667615
31.8200016,0.1765397
31.8300018,0.1623777
31.8400021,0.2037354
31.8500023,0.2018991
31.8600006,0.1790669
31.8700008,0.1423902
31.8800011,0.1354482
31.8900013,0.1566004
31.9000015,0.1585717
31.9100018,0.1699525
31.9200020,0.1792521
31.9300022,0.1970908
31.9400024,0.1873576
31.9500008,0.1975249
31.9600010,0.1952565
31.9700012,0.1916185
31.9800014,0.1692766
31.9900017,0.1616326
32.0000000,0.1691609
32.0100021,0.1749695
32.0200005,0.1805764
32.0300026,0.1694521
32.0400009,0.1639776
32.0500031,0.1801308
32.0600014,0.1757856
32.0699997,0.1760165
32.0800018,0.1763978
32.0900002,0.1574654
32.1000023,0.1545016
32.1100006,0.1650674
32.1200027,0.1347968
32.1300011,0.1640318
32.1400032,0.1781135
32.1500015,0.1619460
32.1599998,0.1608960
32.1700020,0.1900754
32.1800003,0.1795280
32.1900024,0.1772758
32.2000008,0.1801270
32.2100029,0.1890112
32.2200012,0.1691096
32.2300034,0.1676137
32.2400017,0.1786418
32.2500000,0.1798169
32.2600021,0.1662431
32.2700005,0.1681023
32.2800026,0.1697562
32.2900009,0.1703881
32.3000031,0.1611977
32.3100014,0.1621735
32.3199997,0.1581995
32.3300018,0.1860032
32.3400002,0.1730731
32.3500023,0.1634627
32.3600006,0.1766671
32.3700027,0.1625312
32.3800011,0.1734769
32.3900032,0.1680659
32.4000015,0.1574732
32.4099998,0.1769614
32.4200020,0.1709571
32.4300003,0.1663114
32.4400024,0.1637546
32.4500008,0.1567297
32.4600029,0.1739287
32.4700012,0.1610172
32.4800034,0.1680585
32.4900017,0.1811242
32.5000000,0.1573551
32.5100021,0.1741048
32.5200005,0.1749873
32.5300026,0.1894823
32.5400009,0.1890820
32.5500031,0.1568395
32.5600014,0.1582974
32.5699997,0.1680656
32.5800018,0.1730210
32.5900002,0.1593177
32.6000023,0.1623231
32.6100006,0.1610046
32.6200027,0.1714588
32.6300011,0.1683122
32.6400032,0.1763641
32.6500015,0.1848851
32.6599998,0.1887759
32.6700020,0.2060558
32.6800003,0.1850303
32.6900024,0.1613243
32.7000008,0.1771732
32.7100029,0.1600892
32.7200012,0.1508255
32.7300034,0.1468259
32.7400017,0.1519084
32.7500000,0.1619105
32.7600021,0.1448229
32.7700005,0.1513236
32.7800026,0.1676872
32.7900009,0.1486342
32.8000031,0.1708935
32.8100014,0.1675508
32.8199997,0.1662554
32.8300018,0.1403011
32.8400002,0.1442111
32.8500023,0.1558376
32.8600006,0.1594195
32.8700027,0.1639803
32.8800011,0.1659888
32.8900032,0.1636028
32.9000015,0.1737363
32.9099998,0.1560133
32.9200020,0.1685362
32.9300003,0.1601626
32.9400024,0.1672414
32.9500008,0.1499107
32.9600029,0.1618505
32.9700012,0.1449415
32.9800034,0.1330410
32.9900017,0.1490947
33.0000000,0.1340532
33.0100021,0.1522897
33.0200005,0.1435631
33.0300026,0.1607065
33.0400009,0.1510369
33.0500031,0.1623878
33.0600014,0.1581990
33.0699997,0.1653628
33.0800018,0.1528684
33.0900002,0.1529395
33.1000023,0.1684085
33.1100006,0.1488180
33.1200027,0.1467114
33.1300011,0.1501758
33.1400032,0.1417250
33.1500015,0.1394728
33.1599998,0.1511848
33.1700020,0.1694934
33.1800003,0.1306594
33.1900024,0.1427222
33.2000008,0.1401357
33.2100029,0.1483045
33.2200012,0.1502348
33.2300034,0.1627654
33.2400017,0.1492340
33.2500000,0.1449381
33.2600021,0.1424735
33.2700005,0.1582421
33.2800026,0.1437621
33.2900009,0.1590220
33.3000031,0.1769582
33.3100014,0.1724414
33.3199997,0.1880838
33.3300018,0.1494758
33.3400002,0.1690919
33.3500023,0.1692569
33.3600006,0.1692606
33.3700027,0.1647865
33.3800011,0.1705125
33.3900032,0.1588483
33.4000015,0.1390414
33.4099998,0.1343322
33.4200020,0.1465433
33.4300003,0.1329069
33.4400024,0.1423336
33.4500008,0.1333036
33.4600029,0.1407050
33.4700012,0.1462844
33.4800034,0.1611881
33.4900017,0.1456900
33.5000000,0.1439586
33.5100021,0.1396670
33.5200005,0.1422595
33.5300026,0.1581341
33.5400009,0.1544308
33.5500031,0.1495201
33.5600014,0.1555058
33.5699997,0.1739710
33.5800018,0.1526062
33.5900002,0.1539039
33.6000023,0.1592187
33.6100006,0.1670953
33.6200027,0.1621599
33.6300011,0.1344198
33.6400032,0.1527786
33.6500015,0.1490931
33.6599998,0.1241725
33.6700020,0.1384404
33.6800003,0.1411017
33.6900024,0.1364331
33.7000008,0.1421452
33.7100029,0.1595611
33.7200012,0.1472206
33.7300034,0.1560932
33.7400017,0.1473820
33.7500000,0.1539358
33.7600021,0.1507310
33.7700005,0.1491420
33.7800026,0.1481826
33.7900009,0.1480552
33.8000031,0.1421277
33.8100014,0.1473316
33.8200035,0.1439829
33.8300018,0.1763971
33.8400002,0.1588418
33.8500023,0.1579680
33.8600006,0.1612222
33.8700027,0.1545637
33.8800011,0.1547278
33.8900032,0.1383658
33.9000015,0.1548789
33.9099998,0.1623082
33.9200020,0.1586081
33.9300003,0.1895345
33.9400024,0.1979239
33.9500008,0.1816613
33.9600029,0.1626533
33.9700012,0.1626535
33.9800034,0.1600147
33.9900017,0.1914480
34.0000000,0.1541780
34.0100021,0.1448573
34.0200005,0.1620466
34.0300026,0.1472511
34.0400009,0.1386193
34.0500031,0.1355320
34.0600014,0.1336820
34.0700035,0.1588594
34.0800018,0.1515098
34.0900002,0.1570523
34.1000023,0.1515420
34.1100006,0.1604674
34.1200027,0.1579515
34.1300011,0.1585125
34.1400032,0.1516038
34.1500015,0.1700269
34.1599998,0.1706204
34.1700020,0.1669334
34.1800003,0.1727318
34.1900024,0.1572017
34.2000008,0.1521914
34.2100029,0.1654200
34.2200012,0.1495024
34.2300034,0.1620382
34.2400017,0.1776263
34.2500000,0.1603082
34.2600021,0.1564138
34.2700005,0.1509743
34.2800026,0.1574920
34.2900009,0.1599005
34.3000031,0.1667972
34.3100014,0.1611134
34.3200035,0.1579049
34.3300018,0.1399206
34.3400002,0.1525122
34.3500023,0.1840881
34.3600006,0.1668166
34.3700027,0.1624962
34.3800011,0.1632733
34.3900032,0.1642374
34.4000015,0.1771318
34.4099998,0.1858475
34.4200020,0.1935974
34.4300003,0.1715470
34.4400024,0.1594077
34.4500008,0.1751448
34.4600029,0.1683470
34.4700012,0.1784784
34.4800034,0.1636215
34.4900017,0.1750381
34.5000000,0.1618608
34.5100021,0.1758996
34.5200005,0.1694672
34.5300026,0.1621110
34.5400009,0.1448725
34.5500031,0.1522353
34.5600014,0.1815312
34.5700035,0.1626713
34.5800018,0.1391853
34.5900002,0.1256616
34.6000023,0.1510671
34.6100006,0.1580238
34.6200027,0.1541083
34.6300011,0.1510616
34.6400032,0.1656062
34.6500015,0.1744724
34.6599998,0.1650467
34.6700020,0.1703083
34.6800003,0.1479853
34.6900024,0.1540288
34.7000008,0.1487816
34.7100029,0.1555758
34.7200012,0.1642088
34.7300034,0.1804323
34.7400017,0.1723935
34.7500000,0.1714108
34.7600021,0.1680350
34.7700005,0.1624734
34.7800026,0.1762649
34.7900009,0.1729213
34.8000031,0.1804232
34.8100014,0.1771436
34.8200035,0.1619101
34.8300018,0.1830270
34.8400002,0.1551415
34.8500023,0.1665439
34.8600006,0.1864075
34.8700027,0.1766571
34.8800011,0.1649070
34.8900032,0.1658093
34.9000015,0.1612500
34.9099998,0.1409092
34.9200020,0.1605506
34.9300003,0.1603695
34.9400024,0.1710820
34.9500008,0.1718635
34.9600029,0.1600719
34.9700012,0.1428273
34.9800034,0.1587377
34.9900017,0.1360816
35.0000000,0.1349947
35.0100021,0.1326023
35.0200005,0.1241670
35.0300026,0.1349031
35.0400009,0.1504823
35.0500031,0.1509128
35.0600014,0.1438555
35.0700035,0.1414067
35.0800018,0.1356506
35.0900002,0.1268632
35.1000023,0.1261733
35.1100006,0.1191459
35.1200027,0.1272681
35.1300011,0.1272357
35.1400032,0.1495177
35.1500015,0.1372925
35.1599998,0.1368936
35.1700020,0.1484116
35.1800003,0.1518848
35.1900024,0.1300912
35.2000008,0.1404948
35.2100029,0.1367454
35.2200012,0.1498829
35.2300034,0.1627194
35.2400017,0.1565076
35.2500000,0.1647587
35.2600021,0.1676785
35.2700005,0.1772903
35.2800026,0.1766569
35.2900009,0.1621070
35.3000031,0.1414198
35.3100014,0.1406455
35.3200035,0.1308113
35.3300018,0.1316699
35.3400002,0.1418506
35.3500023,0.1472483
35.3600006,0.1472137
35.3700027,0.1301733
35.3800011,0.1359334
35.3900032,0.1418620
35.4000015,0.1220313
35.4099998,0.1514373
35.4200020,0.1665398
35.4300003,0.1455934
35.4400024,0.1647606
35.4500008,0.1459998
35.4600029,0.1490670
35.4700012,0.1469143
35.4800034,0.1676939
35.4900017,0.1810156
35.5000000,0.1813568
35.5100021,0.1527008
35.5200005,0.1475948
35.5300026,0.1509793
35.5400009,0.1532631
35.5500031,0.1526280
35.5600014,0.1617725
35.5700035,0.1623284
35.5800018,0.1567343
35.5900002,0.1561606
35.6000023,0.1563833
35.6100006,0.1601178
35.6200027,0.1525156
35.6300011,0.1473844
35.6400032,0.1488848
35.6500015,0.1435216
35.6599998,0.1755327
35.6700020,0.1620224
35.6800003,0.1604422
35.6900024,0.1463430
35.7000008,0.1468254
35.7100029,0.1390387
35.7200012,0.1626310
35.7300034,0.1498730
35.7400017,0.1614553
35.7500000,0.1631201
35.7600021,0.1680292
35.7700005,0.1711820
35.7800026,0.1524203
35.7900009,0.1519007
35.8000031,0.1590943
35.8100014,0.1703510
35.8200035,0.1567289
35.8300018,0.1569184
35.8400002,0.1559807
35.8500023,0.1484207
35.8600006,0.1486241
35.8700027,0.1474629
35.8800011,0.1482060
35.8900032,0.1506170
35.9000015,0.1434522
35.9099998,0.1469393
35.9200020,0.1328283
35.9300003,0.1399421
35.9400024,0.1410130
35.9500008,0.1438312
35.9600029,0.1512385
35.9700012,0.1487454
35.9800034,0.1494248
35.9900017,0.1470505
36.0000000,0.1482622
36.0100021,0.1504815
36.0200005,0.1613647
36.0300026,0.1526515
36.0400009,0.1496577
36.0500031,0.1420698
36.0600014,0.1522511
36.0700035,0.1560313
36.0800018,0.1612182
36.0900002,0.1557930
36.1000023,0.1603997
36.1100006,0.1600367
36.1200027,0.1678721
36.1300011,0.1838540
36.1400032,0.1898355
36.1500015,0.1577399
36.1599998,0.1607473
36.1700020,0.1682610
36.1800003,0.1684544
36.1900024,0.1524264
36.2000008,0.1433952
36.2100029,0.1392041
36.2200012,0.1443363
36.2300034,0.1757403
36.2400017,0.1704681
36.2500000,0.1620656
36.2600021,0.1492816
36.2700005,0.1677141
36.2800026,0.1570805
36.2900009,0.1590491
36.3000031,0.1697601
36.3100014,0.1413538
36.3200035,0.1500046
36.3300018,0.1450893
36.3400002,0.1386905
36.3500023,0.1450548
36.3600006,0.1467706
36.3700027,0.1396641
36.3800011,0.1533411
36.3900032,0.1718593
36.4000015,0.1650112
36.4099998,0.1635711
36.4200020,0.1658320
36.4300003,0.1783689
36.4400024,0.1708723
36.4500008,0.1560801
36.4600029,0.1450657
36.4700012,0.1618666
36.4800034,0.1815736
36.4900017,0.1755677
36.5000000,0.2082073
36.5100021,0.1808330
36.5200005,0.1977059
36.5300026,0.2019350
36.5400009,0.2027349
36.5500031,0.1651544
36.5600014,0.1636841
36.5700035,0.1667900
36.5800018,0.1645170
36.5900002,0.1946195
36.6000023,0.1902986
36.6100006,0.1871764
36.6200027,0.1971648
36.6300011,0.1829887
36.6400032,0.1651127
36.6500015,0.1559515
36.6599998,0.1557991
36.6700020,0.1628632
36.6800003,0.1674811
36.6900024,0.1517412
36.7000008,0.1519630
36.7100029,0.1586917
36.7200012,0.1526253
36.7300034,0.1773787
36.7400017,0.1647086
36.7500000,0.1762531
36.7600021,0.1888325
36.7700005,0.1700559
36.7800026,0.1660508
36.7900009,0.1702792
36.8000031,0.1719776
36.8100014,0.1911916
36.8200035,0.1727574
36.8300018,0.1763005
36.8400002,0.1780429
36.8500023,0.1716937
36.8600006,0.1859191
36.8700027,0.1699793
36.8800011,0.1735120
36.8900032,0.1831276
36.9000015,0.1695624
36.9099998,0.1962401
36.9200020,0.1922342
36.9300003,0.1671728
36.9400024,0.1488413
36.9500008,0.1589379
36.9600029,0.1632100
36.9700012,0.1527932
36.9800034,0.1680248
36.9900017,0.1472539
37.0000000,0.1464541
37.0100021,0.1353202
37.0200005,0.1508545
37.0300026,0.1414605
37.0400009,0.1644736
37.0500031,0.1806722
37.0600014,0.1638651
37.0700035,0.1678501
37.0800018,0.1506791
37.0900002,0.1570999
37.1000023,0.1486988
37.1100006,0.1602208
37.1200027,0.1730043
37.1300011,0.1662805
37.1400032,0.1600488
37.1500015,0.1564568
37.1600037,0.1675780
37.1700020,0.1816666
37.1800003,0.1560726
37.1900024,0.1817622
37.2000008,0.1460554
37.2100029,0.1514954
37.2200012,0.1543955
37.2300034,0.1431325
37.2400017,0.1495292
37.2500000,0.1600257
37.2600021,0.1577134
37.2700005,0.1591772
37.2800026,0.1650329
37.2900009,0.1529588
37.3000031,0.1477471
37.3100014,0.1267118
37.3200035,0.1424752
37.3300018,0.1739190
37.3400002,0.1547702
37.3500023,0.1554005
37.3600006,0.1629000
37.3700027,0.1552160
37.3800011,0.1423316
37.3900032,0.1551514
37.4000015,0.1780258
37.4100037,0.1684532
37.4200020,0.1728313
37.4300003,0.1610309
37.4400024,0.1716904
37.4500008,0.1629450
37.4600029,0.1580779
37.4700012,0.1383441
37.4800034,0.1520798
37.4900017,0.1589477
37.5000000,0.1481715
37.5100021,0.1520374
37.5200005,0.1477901
37.5300026,0.1515987
37.5400009,0.1383272
37.5500031,0.1434139
37.5600014,0.1685069
37.5700035,0.1595144
37.5800018,0.1554078
37.5900002,0.1538830
37.6000023,0.1575567
37.6100006,0.1591029
37.6200027,0.1600409
37.6300011,0.1667235
37.6400032,0.1776595
37.6500015,0.1673797
37.6600037,0.1666170
37.6700020,0.1619748
37.6800003,0.1671957
37.6900024,0.1578804
37.7000008,0.1705242
37.7100029,0.1810104
37.7200012,0.1980650
37.7300034,0.1811313
37.7400017,0.1886640
37.7500000,0.2017370
37.7600021,0.2038512
37.7700005,0.2022773
37.7800026,0.1712348
37.7900009,0.1662026
37.8000031,0.1524040
37.8100014,0.1331139
37.8200035,0.1443636
37.8300018,0.1436745
37.8400002,0.1531909
37.8500023,0.1741408
37.8600006,0.1708905
37.8700027,0.1620900
37.8800011,0.1633272
37.8900032,0.1679459
37.9000015,0.1585356
37.9100037,0.1378049
37.9200020,0.1432797
37.9300003,0.1488524
37.9400024,0.1401477
37.9500008,0.1467398
37.9600029,0.1597370
37.9700012,0.1649508
37.9800034,0.1503939
37.9900017,0.1579973
38.0000000,0.1578887
38.0100021,0.1519119
38.0200005,0.1449209
38.0300026,0.1737743
38.0400009,0.1880027
38.0500031,0.1960449
38.0600014,0.2187958
38.0700035,0.2018403
38.0800018,0.2087000
38.0900002,0.2190760
38.1000023,0.2088755
38.1100006,0.2041251
38.1200027,0.1828493
38.1300011,0.1924236
38.1400032,0.1660050
38.1500015,0.1650041
38.1600037,0.1778390
38.1700020,0.1895156
38.1800003,0.1680150
38.1900024,0.1775593
38.2000008,0.1598918
38.2100029,0.1495801
38.2200012,0.1638080
38.2300034,0.1569079
38.2400017,0.1663985
38.2500000,0.1608500
38.2600021,0.1421964
38.2700005,0.1358749
38.2800026,0.1421652
38.2900009,0.1504326
38.3000031,0.1558189
38.3100014,0.1508142
38.3200035,0.1557750
38.3300018,0.1721101
38.3400002,0.1526136
38.3500023,0.1662883
38.3600006,0.1646969
38.3700027,0.1380465
38.3800011,0.1657979
38.3900032,0.1757052
38.4000015,0.1637803
38.4100037,0.1559692
38.4200020,0.1687453
38.4300003,0.1623919
38.4400024,0.1478421
38.4500008,0.1501664
38.4600029,0.1500075
38.4700012,0.1589364
38.4800034,0.1620475
38.4900017,0.1597682
38.5000000,0.1624822
38.5100021,0.1570996
38.5200005,0.1453243
38.5300026,0.1554328
38.5400009,0.1395292
38.5500031,0.1512756
38.5600014,0.1483707
38.5700035,0.1275381
38.5800018,0.1460597
38.5900002,0.1480701
38.6000023,0.1455292
38.6100006,0.1530573
38.6200027,0.1474250
38.6300011,0.1345896
38.6400032,0.1341423
38.6500015,0.1438859
38.6600037,0.1485171
38.6700020,0.1544605
38.6800003,0.1307824
38.6900024,0.1367641
38.7000008,0.1386532
38.7100029,0.1697171
38.7200012,0.1447208
38.7300034,0.1466376
38.7400017,0.1587603
38.7500000,0.1373254
38.7600021,0.1540069
38.7700005,0.1448395
38.7800026,0.1358556
38.7900009,0.1425471
38.8000031,0.1562586
38.8100014,0.1621864
38.8200035,0.1719144
38.8300018,0.1852437
38.8400002,0.1718470
38.8500023,0.1582640
38.8600006,0.1595960
38.8700027,0.1609347
38.8800011,0.1682739
38.8900032,0.1757804
38.9000015,0.1607860
38.9100037,0.1502949
38.9200020,0.1481481
38.9300003,0.1481748
38.9400024,0.1593518
38.9500008,0.1381935
38.9600029,0.1489561
38.9700012,0.1547007
38.9800034,0.1497157
38.9900017,0.1417328
39.0000000,0.1495088
39.0100021,0.1494917
39.0200005,0.1459354
39.0300026,0.1529083
39.0400009,0.1487043
39.0500031,0.1393571
39.0600014,0.1397176
39.0700035,0.1323026
39.0800018,0.1480471
39.0900002,0.1448938
39.1000023,0.1430566
39.1100006,0.1513007
39.1200027,0.1676868
39.1300011,0.1612559
39.1400032,0.1735976
39.1500015,0.1677292
39.1600037,0.1697934
39.1700020,0.1847667
39.1800003,0.1643965
39.1900024,0.1709229
39.2000008,0.1561891
39.2100029,0.1907871
39.2200012,0.1904745
39.2300034,0.1866717
39.2400017,0.2063626
39.2500000,0.2101193
39.2600021,0.1891972
39.2700005,0.1906178
39.2800026,0.2093175
39.2900009,0.2188276
39.3000031,0.2015770
39.3100014,0.1876834
39.3200035,0.1734238
39.3300018,0.1853546
39.3400002,0.1878367
39.3500023,0.1867728
39.3600006,0.1688440
39.3700027,0.1634666
39.3800011,0.1767815
39.3900032,0.1572097
39.4000015,0.1499713
39.4100037,0.1774245
39.4200020,0.1721318
39.4300003,0.1880026
39.4400024,0.1778753
39.4500008,0.1858997
39.4600029,0.1858035
39.4700012,0.1903682
39.4800034,0.1781983
39.4900017,0.1814520
39.5000000,0.1717063
39.5100021,0.1733878
39.5200005,0.1735973
39.5300026,0.1826063
39.5400009,0.1725525
39.5500031,0.1801055
39.5600014,0.1682974
39.5700035,0.1749301
39.5800018,0.1882892
39.5900002,0.1818473
39.6000023,0.1820208
39.6100006,0.1874641
39.6200027,0.1925367
39.6300011,0.2278200
39.6400032,0.2221211
39.6500015,0.2200713
39.6600037,0.2365031
39.6700020,0.2116650
39.6800003,0.2130631
39.6900024,0.2169081
39.7000008,0.2194631
39.7100029,0.1943913
39.7200012,0.1912725
39.7300034,0.1858063
39.7400017,0.1965459
39.7500000,0.2119138
39.7600021,0.1985068
39.7700005,0.2382975
39.7800026,0.2156830
39.7900009,0.2030169
39.8000031,0.2044586
39.8100014,0.1996979
39.8200035,0.2429089
39.8300018,0.2177235
39.8400002,0.2199303
39.8500023,0.2122892
39.8600006,0.2299751
39.8700027,0.2018904
39.8800011,0.1935827
39.8900032,0.1915778
39.9000015,0.1986810
39.9100037,0.2172884
39.9200020,0.2154927
39.9300003,0.1957764
39.9400024,0.1925219
39.9500008,0.2040247
39.9600029,0.1929452
39.9700012,0.2165150
39.9800034,0.2108535
39.9900017,0.2108060
40.0000000,0.1925561
40.0100021,0.1871291
40.0200005,0.1861676
40.0300026,0.1973639
40.0400009,0.2114956
40.0500031,0.1985289
40.0600014,0.2166216
40.0700035,0.2236914
40.0800018,0.1998193
40.0900002,0.2077230
40.1000023,0.2195038
40.1100006,0.2102396
40.1200027,0.2029225
40.1300011,0.2240880
40.1400032,0.2071207
40.1500015,0.2095935
40.1600037,0.2043755
40.1700020,0.1849809
40.1800003,0.1949992
40.1900024,0.2022832
40.2000008,0.2038748
40.2100029,0.1995747
40.2200012,0.2027915
40.2300034,0.2098445
40.2400017,0.2242991
40.2500038,0.2196485
40.2600021,0.2332387
40.2700005,0.2206023
40.2800026,0.2393879
40.2900009,0.2624646
40.3000031,0.2837039
40.3100014,0.2613943
40.3200035,0.2559293
40.3300018,0.2601774
40.3400002,0.2946215
40.3500023,0.3117667
40.3600006,0.3345183
40.3700027,0.3130164
40.3800011,0.3094356
40.3900032,0.2275554
40.4000015,0.2137621
40.4100037,0.2190184
40.4200020,0.2316508
40.4300003,0.2068681
40.4400024,0.2121910
40.4500008,0.2347331
40.4600029,0.2433416
40.4700012,0.2336618
40.4800034,0.2369213
40.4900017,0.2061296
40.5000038,0.2053008
40.5100021,0.2277582
40.5200005,0.2192146
40.5300026,0.1884762
40.5400009,0.1918103
40.5500031,0.1797716
40.5600014,0.1891388
40.5700035,0.1957339
40.5800018,0.1682181
40.5900002,0.1782423
40.6000023,0.1868883
40.6100006,0.1713046
40.6200027,0.1671751
40.6300011,0.1691091
40.6400032,0.1629536
40.6500015,0.1614319
40.6600037,0.1630006
40.6700020,0.1591405
40.6800003,0.1642747
40.6900024,0.1678766
40.7000008,0.1610463
40.7100029,0.1639680
40.7200012,0.1746658
40.7300034,0.1763414
40.7400017,0.1719825
40.7500038,0.1594465
40.7600021,0.1491146
40.7700005,0.1566245
40.7800026,0.1555073
40.7900009,0.1650462
40.8000031,0.1650161
40.8100014,0.1662398
40.8200035,0.1621408
40.8300018,0.1640428
40.8400002,0.1950976
40.8500023,0.1782112
40.8600006,0.1729605
40.8700027,0.1734057
40.8800011,0.1732494
40.8900032,0.1799796
40.9000015,0.1753584
40.9100037,0.1675703
40.9200020,0.1572511
40.9300003,0.1671799
40.9400024,0.1721010
40.9500008,0.1828643
40.9600029,0.1719380
40.9700012,0.1711596
40.9800034,0.1652521
40.9900017,0.1687886
41.0000038,0.1804487
41.0100021,0.1882819
41.0200005,0.1719424
41.0300026,0.1787007
41.0400009,0.1767927
41.0500031,0.1825944
41.0600014,0.1828116
41.0700035,0.1793312
41.0800018,0.1814061
41.0900002,0.1587024
41.1000023,0.1612648
41.1100006,0.1646077
41.1200027,0.1748313
41.1300011,0.1695743
41.1400032,0.1887393
41.1500015,0.1683977
41.1600037,0.1733225
41.1700020,0.1905469
41.1800003,0.1805268
41.1900024,0.1723919
41.2000008,0.2043651
41.2100029,0.2097007
41.2200012,0.1909130
41.2300034,0.1888732
41.2400017,0.2021962
41.2500038,0.2077652
41.2600021,0.1849895
41.2700005,0.1776362
41.2800026,0.1967845
41.2900009,0.2015836
41.3000031,0.2046968
41.3100014,0.2367312
41.3200035,0.2344823
41.3300018,0.2582242
41.3400002,0.2490509
41.3500023,0.2312395
41.3600006,0.2447597
41.3700027,0.2446572
41.3800011,0.2458971
41.3900032,0.2521828
41.4000015,0.2366900
41.4100037,0.2703212
41.4200020,0.3024599
41.4300003,0.3168502
41.4400024,0.3134631
41.4500008,0.3015621
41.4600029,0.2746390
41.4700012,0.2622252
41.4800034,0.2510400
41.4900017,0.2257160
41.5000038,0.2262704
41.5100021,0.2524799
41.5200005,0.2418621
41.5300026,0.2225215
41.5400009,0.2335531
41.5500031,0.2396825
41.5600014,0.2248161
41.5700035,0.2287516
41.5800018,0.2237811
41.5900002,0.2381955
41.6000023,0.2209228
41.6100006,0.2324937
41.6200027,0.2240967
41.6300011,0.2410078
41.6400032,0.2560104
41.6500015,0.2729965
41.6600037,0.2914722
41.6700020,0.2533452
41.6800003,0.2448043
41.6900024,0.2655900
41.7000008,0.2685166
41.7100029,0.2400656
41.7200012,0.2230352
41.7300034,0.2183862
41.7400017,0.1930441
41.7500038,0.1984779
41.7600021,0.2093243
41.7700005,0.1998587
41.7800026,0.2094160
41.7900009,0.2328350
41.8000031,0.2108514
41.8100014,0.1913065
41.8200035,0.1882369
41.8300018,0.1887515
41.8400002,0.1860367
41.8500023,0.1741382
41.8600006,0.1857950
41.8700027,0.1921399
41.8800011,0.1963117
41.8900032,0.2074729
41.9000015,0.1934865
41.9100037,0.1942867
41.9200020,0.2017299
41.9300003,0.1977123
41.9400024,0.2129501
41.9500008,0.2143120
41.9600029,0.2232723
41.9700012,0.2170708
41.9800034,0.2092911
41.9900017,0.2198746
42.0000038,0.2263893
42.0100021,0.2331497
42.0200005,0.2474103
42.0300026,0.2228506
42.0400009,0.2465220
42.0500031,0.2451862
42.0600014,0.2289075
42.0700035,0.2264239
42.0800018,0.2234116
42.0900002,0.2366841
42.1000023,0.2238426
42.1100006,0.2176211
42.1200027,0.2102808
42.1300011,0.2122731
42.1400032,0.2018547
42.1500015,0.2367968
42.1600037,0.1978956
42.1700020,0.2092742
42.1800003,0.2107967
42.1900024,0.1983955
42.2000008,0.2111105
42.2100029,0.2163456
42.2200012,0.2149597
42.2300034,0.2112278
42.2400017,0.2171776
42.2500038,0.2282745
42.2600021,0.2090537
42.2700005,0.2048358
42.2800026,0.2096399
42.2900009,0.2408556
42.3000031,0.2504461
42.3100014,0.2665417
42.3200035,0.2326543
42.3300018,0.2184868
42.3400002,0.2317001
42.3500023,0.2131695
42.3600006,0.2237394
42.3700027,0.2114613
42.3800011,0.2483748
42.3900032,0.2137997
42.4000015,0.2190126
42.4100037,0.2303779
42.4200020,0.2042734
42.4300003,0.2072596
42.4400024,0.2127701
42.4500008,0.2083284
42.4600029,0.2078021
42.4700012,0.1993284
42.4800034,0.2072688
42.4900017,0.2014663
42.5000038,0.2181137
42.5100021,0.2154059
42.5200005,0.2069890
42.5300026,0.2188683
42.5400009,0.1993542
42.5500031,0.2046203
42.5600014,0.2013885
42.5700035,0.2010309
42.5800018,0.2209068
42.5900002,0.1992970
42.6000023,0.2076634
42.6100006,0.1996612
42.6200027,0.2002009
42.6300011,0.1913458
42.6400032,0.1955734
42.6500015,0.1934659
42.6600037,0.1904790
42.6700020,0.1955482
42.6800003,0.2032109
42.6900024,0.1953519
42.7000008,0.1798587
42.7100029,0.1981294
42.7200012,0.1961314
42.7300034,0.1962292
42.7400017,0.1958458
42.7500038,0.1895744
42.7600021,0.1968507
42.7700005,0.2013125
42.7800026,0.1940765
42.7900009,0.1939528
42.8000031,0.2024751
42.8100014,0.2021822
42.8200035,0.1979245
42.8300018,0.1904927
42.8400002,0.1994408
42.8500023,0.1932368
42.8600006,0.1998288
42.8700027,0.2129555
42.8800011,0.2193859
42.8900032,0.2161859
42.9000015,0.2113694
42.9100037,0.2045550
42.9200020,0.2063834
42.9300003,0.2109819
42.9400024,0.2074389
42.9500008,0.2044357
42.9600029,0.2281464
42.9700012,0.2128588
42.9800034,0.2097877
42.9900017,0.2157749
43.0000038,0.2207927
43.0100021,0.2267899
43.0200005,0.2252112
43.0300026,0.2403901
43.0400009,0.2432095
43.0500031,0.2578065
43.0600014,0.2809502
43.0700035,0.2308295
43.0800018,0.2272477
43.0900002,0.2208884
43.1000023,0.2098579
43.1100006,0.2356050
43.1200027,0.2588962
43.1300011,0.2528850
43.1400032,0.2563251
43.1500015,0.2613608
43.1600037,0.2796112
43.1700020,0.2771032
43.1800003,0.2638354
43.1900024,0.2779739
43.2000008,0.2676948
43.2100029,0.2164180
43.2200012,0.2017512
43.2300034,0.1634271
43.2400017,0.1582054
43.2500038,0.1876541
43.2600021,0.1673954
43.2700005,0.1554749
43.2800026,0.1571377
43.2900009,0.1531162
43.3000031,0.1576849
43.3100014,0.1653358
43.3200035,0.1741062
43.3300018,0.1586026
43.3400002,0.1764748
43.3500023,0.1603574
43.3600006,0.1915050
43.3700027,0.1628281
43.3800011,0.1452034
43.3900032,0.1553095
43.4000015,0.1546785
43.4100037,0.1612899
43.4200020,0.1630522
43.4300003,0.1764268
43.4400024,0.2024325
43.4500008,0.1971064
43.4600029,0.1850317
43.4700012,0.1785405
43.4800034,0.1927997
43.4900017,0.1941298
43.5000038,0.1969833
43.5100021,0.2030206
43.5200005,0.1767507
43.5300026,0.2056619
43.5400009,0.1830732
43.5500031,0.1926697
43.5600014,0.2087298
43.5700035,0.1893585
43.5800018,0.1870629
43.5900040,0.1616276
43.6000023,0.1573405
43.6100006,0.1588095
43.6200027,0.1469112
43.6300011,0.1614246
43.6400032,0.1721992
43.6500015,0.1828771
43.6600037,0.1932364
43.6700020,0.1751675
43.6800003,0.1701443
43.6900024,0.1821257
43.7000008,0.1934964
43.7100029,0.1894497
43.7200012,0.1692401
43.7300034,0.1797198
43.7400017,0.1757303
43.7500038,0.1854311
43.7600021,0.1835655
43.7700005,0.2060535
43.7800026,0.1748397
43.7900009,0.1869716
43.8000031,0.1667896
43.8100014,0.1918717
43.8200035,0.1785486
43.8300018,0.1950499
43.8400040,0.1946522
43.8500023,0.2016892
43.8600006,0.2363601
43.8700027,0.2587538
43.8800011,0.2372569
43.8900032,0.2539455
43.9000015,0.2510616
43.9100037,0.2193153
43.9200020,0.2392805
43.9300003,0.2147120
43.9400024,0.2033331
43.9500008,0.2132436
43.9600029,0.2188168
43.9700012,0.1828321
43.9800034,0.1647219
43.9900017,0.1721470
44.0000038,0.1788204
44.0100021,0.2213150
44.0200005,0.2228268
44.0300026,0.1992990
44.0400009,0.2082796
44.0500031,0.2043533
44.0600014,0.1935740
44.0700035,0.1791522
44.0800018,0.1650767
44.0900040,0.1596106
44.1000023,0.1754345
44.1100006,0.1709946
44.1200027,0.1919002
44.1300011,0.1968033
44.1400032,0.1732200
44.1500015,0.1847605
44.1600037,0.2027875
44.1700020,0.1963146
44.1800003,0.1888762
44.1900024,0.1912929
44.2000008,0.2212544
44.2100029,0.2214297
44.2200012,0.2229395
44.2300034,0.2104393
44.2400017,0.2164104
44.2500038,0.2184157
44.2600021,0.2312951
44.2700005,0.2566490
44.2800026,0.2677003
44.2900009,0.2811085
44.3000031,0.2628667
44.3100014,0.2711887
44.3200035,0.2603247
44.3300018,0.2584397
44.3400040,0.2549656
44.3500023,0.2667201
44.3600006,0.2819730
44.3700027,0.2417337
44.3800011,0.2394017
44.3900032,0.2566869
44.4000015,0.2383880
44.4100037,0.2485243
44.4200020,0.2506817
44.4300003,0.2174179
44.4400024,0.1915102
44.4500008,0.1941766
44.4600029,0.1892208
44.4700012,0.1775697
44.4800034,0.1859898
44.4900017,0.1651752
44.5000038,0.1629351
44.5100021,0.1576673
44.5200005,0.1677683
44.5300026,0.1539445
44.5400009,0.1520809
44.5500031,0.1506152
44.5600014,0.1613725
44.5700035,0.1588205
44.5800018,0.1589523
44.5900040,0.1613124
44.6000023,0.1649649
44.6100006,0.1475286
44.6200027,0.1667813
44.6300011,0.1674684
44.6400032,0.1981415
44.6500015,0.1722085
44.6600037,0.1980570
44.6700020,0.1986695
44.6800003,0.1662072
44.6900024,0.1580608
44.7000008,0.1566931
44.7100029,0.1587643
44.7200012,0.1615844
44.7300034,0.1470724
44.7400017,0.1483318
44.7500038,0.1546124
44.7600021,0.1513942
44.7700005,0.1377680
44.7800026,0.1441388
44.7900009,0.1426125
44.8000031,0.1430643
44.8100014,0.1591777
44.8200035,0.1538810
44.8300018,0.1604164
44.8400040,0.1544901
44.8500023,0.1631529
44.8600006,0.1563135
44.8700027,0.1477997
44.8800011,0.1437609
44.8900032,0.1606566
44.9000015,0.1622656
44.9100037,0.1465569
44.9200020,0.1625844
44.9300003,0.1572163
44.9400024,0.1502561
44.9500008,0.1694071
44.9600029,0.1658057
44.9700012,0.1728792
44.9800034,0.1691398
44.9900017,0.1607522
45.0000038,0.1667472
45.0100021,0.1658485
45.0200005,0.1571581
45.0300026,0.1620918
45.0400009,0.1709782
45.0500031,0.1783941
45.0600014,0.1864347
45.0700035,0.1558866
45.0800018,0.1768882
45.0900040,0.1787600
45.1000023,0.1572347
45.1100006,0.1727984
45.1200027,0.1834710
45.1300011,0.1921067
45.1400032,0.1974283
45.1500015,0.2498478
45.1600037,0.2223956
45.1700020,0.2300692
45.1800003,0.1936860
45.1900024,0.1740921
45.2000008,0.1934458
45.2100029,0.2223967
45.2200012,0.2015997
45.2300034,0.2072459
45.2400017,0.1990985
45.2500038,0.2378387
45.2600021,0.2035500
45.2700005,0.2005337
45.2800026,0.1656341
45.2900009,0.1809323
45.3000031,0.1694192
45.3100014,0.1722737
45.3200035,0.1843209
45.3300018,0.1591884
45.3400040,0.1536471
45.3500023,0.1620717
45.3600006,0.1606714
45.3700027,0.1629326
45.3800011,0.1573738
45.3900032,0.1763248
45.4000015,0.1475794
45.4100037,0.1628517
45.4200020,0.1608879
45.4300003,0.1708650
45.4400024,0.1694698
45.4500008,0.1742839
45.4600029,0.1652708
45.4700012,0.1472705
45.4800034,0.1413392
45.4900017,0.1644861
45.5000038,0.1540323
45.5100021,0.1550126
45.5200005,0.1724721
45.5300026,0.1620003
45.5400009,0.1634465
45.5500031,0.1686107
45.5600014,0.1474012
45.5700035,0.1376483
45.5800018,0.1432356
45.5900040,0.1626963
45.6000023,0.1611550
45.6100006,0.1624546
45.6200027,0.1779892
45.6300011,0.1695456
45.6400032,0.1633890
45.6500015,0.1608491
45.6600037,0.1456423
45.6700020,0.1638372
45.6800003,0.1835374
45.6900024,0.1620683
45.7000008,0.1663314
45.7100029,0.1330308
45.7200012,0.1390584
45.7300034,0.1461551
45.7400017,0.1627974
45.7500038,0.1537226
45.7600021,0.1589948
45.7700005,0.1522495
45.7800026,0.1512378
45.7900009,0.1633187
45.8000031,0.1617152
45.8100014,0.1577330
45.8200035,0.1670088
45.8300018,0.1778590
45.8400040,0.1642263
45.8500023,0.1544174
45.8600006,0.1518887
45.8700027,0.1710837
45.8800011,0.1835547
45.8900032,0.1597386
45.9000015,0.1662267
45.9100037,0.1568292
45.9200020,0.1607396
45.9300003,0.1680854
45.9400024,0.1400715
45.9500008,0.1360888
45.9600029,0.1447433
45.9700012,0.1471134
45.9800034,0.1415339
45.9900017,0.1399709
46.0000038,0.1327153
46.0100021,0.1397914
46.0200005,0.1459238
46.0300026,0.1548366
46.0400009,0.1625502
46.0500031,0.1734889
46.0600014,0.1625217
46.0700035,0.1632267
46.0800018,0.1621193
46.0900040,0.1582100
46.1000023,0.1684434
46.1100006,0.1925171
46.1200027,0.1750369
46.1300011,0.1631848
46.1400032,0.1893444
46.1500015,0.1815994
46.1600037,0.1704470
46.1700020,0.1676538
46.1800003,0.1326119
46.1900024,0.1335052
46.2000008,0.1267012
46.2100029,0.1446427
46.2200012,0.1386640
46.2300034,0.1462820
46.2400017,0.1452494
46.2500038,0.1401549
46.2600021,0.1417822
46.2700005,0.1456294
46.2800026,0.1366719
46.2900009,0.1332498
46.3000031,0.1508139
46.3100014,0.1550800
46.3200035,0.1465733
46.3300018,0.1423182
46.3400040,0.1491613
46.3500023,0.1470989
46.3600006,0.1520271
46.3700027,0.1344236
46.3800011,0.1437541
46.3900032,0.1412728
46.4000015,0.1415356
46.4100037,0.1424729
46.4200020,0.1472297
46.4300003,0.1457292
46.4400024,0.1472161
46.4500008,0.1455439
46.4600029,0.1451093
46.4700012,0.1459981
46.4800034,0.1568754
46.4900017,0.1586625
46.5000038,0.1628739
46.5100021,0.1599578
46.5200005,0.1552124
46.5300026,0.1352911
46.5400009,0.1551222
46.5500031,0.1595167
46.5600014,0.1524156
46.5700035,0.1731670
46.5800018,0.1711379
46.5900040,0.1701942
46.6000023,0.1797278
46.6100006,0.1852006
46.6200027,0.1751245
46.6300011,0.1581443
46.6400032,0.1687329
46.6500015,0.1807443
46.6600037,0.1595900
46.6700020,0.1627553
46.6800041,0.1648792
46.6900024,0.1701659
46.7000008,0.1641226
46.7100029,0.1599461
46.7200012,0.1693523
46.7300034,0.1782654
46.7400017,0.1740579
46.7500038,0.1694832
46.7600021,0.1585028
46.7700005,0.1669398
46.7800026,0.1693427
46.7900009,0.1780001
46.8000031,0.1724234
46.8100014,0.1778450
46.8200035,0.1656581
46.8300018,0.1789748
46.8400040,0.1908403
46.8500023,0.1931040
46.8600006,0.1766155
46.8700027,0.1701848
46.8800011,0.1695795
46.8900032,0.1672736
46.9000015,0.1670606
46.9100037,0.1854810
46.9200020,0.1891932
46.9300041,0.2010263
46.9400024,0.1919019
46.9500008,0.1940432
46.9600029,0.1851779
46.9700012,0.1879745
46.9800034,0.1827749
46.9900017,0.1836797
47.0000038,0.1837371
47.0100021,0.1750695
47.0200005,0.2106120
47.0300026,0.1787523
47.0400009,0.1811237
47.0500031,0.1692248
47.0600014,0.1613824
47.0700035,0.1712966
47.0800018,0.1938984
47.0900040,0.1907222
47.1000023,0.1802196
47.1100006,0.1874988
47.1200027,0.1748631
47.1300011,0.1791299
47.1400032,0.1796993
47.1500015,0.1839268
47.1600037,0.1733706
47.1700020,0.1931310
47.1800041,0.1862480
47.1900024,0.1847530
47.2000008,0.2022588
47.2100029,0.1722532
47.2200012,0.1690488
47.2300034,0.1809676
47.2400017,0.1699316
47.2500038,0.1713429
47.2600021,0.1794312
47.2700005,0.1914723
47.2800026,0.1745606
47.2900009,0.1571138
47.3000031,0.1677532
47.3100014,0.1628270
47.3200035,0.1661518
47.3300018,0.1572008
47.3400040,0.1577459
47.3500023,0.1452329
47.3600006,0.1525273
47.3700027,0.1708437
47.3800011,0.1615832
47.3900032,0.1599531
47.4000015,0.1681762
47.4100037,0.1680290
47.4200020,0.1937104
47.4300041,0.1974371
47.4400024,0.2201433
47.4500008,0.1961797
47.4600029,0.1889103
47.4700012,0.1768293
47.4800034,0.1653059
47.4900017,0.1573966
47.5000038,0.1749998
47.5100021,0.1740754
47.5200005,0.1574476
47.5300026,0.1554893
47.5400009,0.1537555
47.5500031,0.1828541
47.5600014,0.1824219
47.5700035,0.1541316
47.5800018,0.1557131
47.5900040,0.1672479
47.6000023,0.1838747
47.6100006,0.1964497
47.6200027,0.1757382
47.6300011,0.1821220
47.6400032,0.1896150
47.6500015,0.1850052
47.6600037,0.1879656
47.6700020,0.1878642
47.6800041,0.1710976
47.6900024,0.1701522
47.7000008,0.1564355
47.7100029,0.1627869
47.7200012,0.1615578
47.7300034,0.1503831
47.7400017,0.1586320
47.7500038,0.1489026
47.7600021,0.1548180
47.7700005,0.1597355
47.7800026,0.1460606
47.7900009,0.1551249
47.8000031,0.1718180
47.8100014,0.2138402
47.8200035,0.1732250
47.8300018,0.1635879
47.8400040,0.1653691
47.8500023,0.1604297
47.8600006,0.1620351
47.8700027,0.1705413
47.8800011,0.1749054
47.8900032,0.1411928
47.9000015,0.1448257
47.9100037,0.1611827
47.9200020,0.1445755
47.9300041,0.1472602
47.9400024,0.1466806
47.9500008,0.1498525
47.9600029,0.1560025
47.9700012,0.1549933
47.9800034,0.1767602
47.9900017,0.1753511
48.0000038,0.1799086
48.0100021,0.1701578
48.0200005,0.1822548
48.0300026,0.1735553
48.0400009,0.1634539
48.0500031,0.1566863
48.0600014,0.1433737
48.0700035,0.1537452
48.0800018,0.1958778
48.0900040,0.1793759
48.1000023,0.2052141
48.1100006,0.2001508
48.1200027,0.1934140
48.1300011,0.1956833
48.1400032,0.1837527
48.1500015,0.1792938
48.1600037,0.1742721
48.1700020,0.1721055
48.1800041,0.1745298
48.1900024,0.1800604
48.2000008,0.1620098
48.2100029,0.1609149
48.2200012,0.1808798
48.2300034,0.1744336
48.2400017,0.1827007
48.2500038,0.1908927
48.2600021,0.1920582
48.2700005,0.1579401
48.2800026,0.1643288
48.2900009,0.1545089
48.3000031,0.1681467
48.3100014,0.1399519
48.3200035,0.1281133
48.3300018,0.1549878
48.3400040,0.1525406
48.3500023,0.1578374
48.3600006,0.1577735
48.3700027,0.1801071
48.3800011,0.1506895
48.3900032,0.1567143
48.4000015,0.1650154
48.4100037,0.1764658
48.4200020,0.1588383
48.4300041,0.1725214
48.4400024,0.1573991
48.4500008,0.1748500
48.4600029,0.2152601
48.4700012,0.2003706
48.4800034,0.2497966
48.4900017,0.2434340
48.5000038,0.2227470
48.5100021,0.2242831
48.5200005,0.2216782
48.5300026,0.2451174
48.5400009,0.2347502
48.5500031,0.2443913
48.5600014,0.2188114
48.5700035,0.1930560
48.5800018,0.1683209
48.5900040,0.1840161
48.6000023,0.1643300
48.6100006,0.1778443
48.6200027,0.1930616
48.6300011,0.1808840
48.6400032,0.1771812
48.6500015,0.1629015
48.6600037,0.1401556
48.6700020,0.1320841
48.6800041,0.1516341
48.6900024,0.1526928
48.7000008,0.1347285
48.7100029,0.1338039
48.7200012,0.1532783
48.7300034,0.1651109
48.7400017,0.1771127
48.7500038,0.1528950
48.7600021,0.1693968
48.7700005,0.1645884
48.7800026,0.1514711
48.7900009,0.1724373
48.8000031,0.1923701
48.8100014,0.1641415
48.8200035,0.1508167
48.8300018,0.1618340
48.8400040,0.1579624
48.8500023,0.1610569
48.8600006,0.1446579
48.8700027,0.1398100
48.8800011,0.1448966
48.8900032,0.1318453
48.9000015,0.1343404
48.9100037,0.1784463
48.9200020,0.1475273
48.9300041,0.1477294
48.9400024,0.1552504
48.9500008,0.1569241
48.9600029,0.1709183
48.9700012,0.1674121
48.9800034,0.1528791
48.9900017,0.1591485
49.0000038,0.1588253
49.0100021,0.1536578
49.0200005,0.1461958
49.0300026,0.1548906
49.0400009,0.1557883
49.0500031,0.1610977
49.0600014,0.1446282
49.0700035,0.1473373
49.0800018,0.1480889
49.0900040,0.1423671
49.1000023,0.1533797
49.1100006,0.1538013
49.1200027,0.1587167
49.1300011,0.1491459
49.1400032,0.1521025
49.1500015,0.1466489
49.1600037,0.1493031
49.1700020,0.1558449
49.1800041,0.1451746
49.1900024,0.1498951
49.2000008,0.1550991
49.2100029,0.1494817
49.2200012,0.1531623
49.2300034,0.1525065
49.2400017,0.1615570
49.2500038,0.1581187
49.2600021,0.1531303
49.2700005,0.1562263
49.2800026,0.1593091
49.2900009,0.1650177
49.3000031,0.1496367
49.3100014,0.1472845
49.3200035,0.1534933
49.3300018,0.1556687
49.3400040,0.1576996
49.3500023,0.1603345
49.3600006,0.1588998
49.3700027,0.1468683
49.3800011,0.1414455
49.3900032,0.1449749
49.4000015,0.1375803
49.4100037,0.1440060
49.4200020,0.1461261
49.4300041,0.1447743
49.4400024,0.1408410
49.4500008,0.1470760
49.4600029,0.1430613
49.4700012,0.1414856
49.4800034,0.1575881
49.4900017,0.1615857
49.5000038,0.1759473
49.5100021,0.1590374
49.5200005,0.1639352
49.5300026,0.1636432
49.5400009,0.1649280
49.5500031,0.1531617
49.5600014,0.1605269
49.5700035,0.1678994
49.5800018,0.1761085
49.5900040,0.1608571
49.6000023,0.1620658
49.6100006,0.1427727
49.6200027,0.1493871
49.6300011,0.1590418
49.6400032,0.1700429
49.6500015,0.1619355
49.6600037,0.1548412
49.6700020,0.1538109
49.6800041,0.1486925
49.6900024,0.1523479
49.7000008,0.1525506
49.7100029,0.1601974
49.7200012,0.1609842
49.7300034,0.1647198
49.7400017,0.1590932
49.7500038,0.1635885
49.7600021,0.1739189
49.7700005,0.1844932
49.7800026,0.1657222
49.7900009,0.1768444
49.8000031,0.1706904
49.8100014,0.1597733
49.8200035,0.1679488
49.8300018,0.1743794
49.8400040,0.1640496
49.8500023,0.1726816
49.8600006,0.1567067
49.8700027,0.1709448
49.8800011,0.1699982
49.8900032,0.1665253
49.9000015,0.1735229
49.9100037,0.1810381
49.9200020,0.1577456
49.9300041,0.1500077
49.9400024,0.1492246
49.9500008,0.1572261
49.9600029,0.1493371
49.9700012,0.1526662
49.9800034,0.1449504
49.9900017,0.1497352
50.0000038,0.1501749
