0.0000000,0.0000003
0.0100000,0.1871519
0.0200000,0.1531421
0.0300000,0.1138339
0.0400000,0.1373613
0.0500000,0.1429945
0.0600000,0.1649347
0.0700000,0.1443463
0.0800000,0.1758999
0.0900000,0.1561229
0.1000000,0.1571630
0.1100000,0.2019567
0.1200000,0.1911951
0.1300000,0.2177063
0.1400000,0.1802659
0.1500000,0.1980119
0.1600000,0.1867560
0.1700000,0.1711822
0.1800000,0.1925842
0.1900000,0.1743370
0.2000000,0.1766358
0.2100000,0.1960353
0.2200000,0.2440119
0.2300000,0.2115121
0.2400000,0.1877457
0.2500000,0.1867136
0.2600000,0.1554740
0.2700000,0.1835403
0.2800000,0.1543870
0.2900000,0.1837655
0.3000000,0.1733132
0.3100000,0.1452003
0.3200000,0.1441765
0.3300000,0.1385368
0.3400000,0.1475278
0.3500000,0.1430339
0.3600000,0.1481850
0.3700000,0.1356434
0.3800000,0.1330908
0.3900000,0.1374939
0.4000000,0.1747054
0.4100000,0.2041179
0.4200000,0.1743131
0.4300000,0.1932444
0.4400000,0.2042135
0.4500000,0.1531027
0.4600000,0.1478165
0.4700000,0.1621915
0.4800000,0.1518068
0.4900000,0.1544170
0.5000000,0.1615959
0.5100001,0.1470941
0.5200000,0.1871204
0.5300000,0.1466226
0.5400000,0.1561440
0.5500000,0.1516492
0.5600000,0.1531598
0.5700001,0.1833201
0.5800000,0.1769869
0.5900000,0.2100401
0.6000000,0.1975562
0.6100000,0.1525237
0.6200000,0.1184677
0.6300001,0.1370909
0.6400000,0.1907782
0.6500000,0.1557602
0.6600000,0.1641659
0.6700000,0.1500598
0.6800000,0.1772330
0.6900001,0.1445756
0.7000000,0.1503482
0.7100000,0.1213764
0.7200000,0.1429515
0.7300000,0.1894947
0.7400000,0.2117054
0.7500001,0.2253345
0.7600001,0.1927149
0.7700000,0.2298756
0.7800000,0.2413305
0.7900000,0.1888824
0.8000000,0.1813333
0.8100001,0.1828491
0.8200001,0.1886157
0.8300000,0.1543911
0.8400000,0.1652336
0.8500000,0.1746763
0.8600000,0.1635936
0.8700001,0.1554536
0.8800001,0.1954513
0.8900000,0.2036823
0.9000000,0.1864284
0.9100000,0.1782198
0.9200000,0.1974717
0.9300001,0.2135095
0.9400001,0.2183816
0.9500000,0.1894912
0.9600000,0.1790704
0.9700000,0.2279302
0.9800000,0.2881183
0.9900001,0.2790587
1.0000000,0.2992783
1.0100000,0.3634028
1.0200001,0.3617627
1.0300001,0.3684361
1.0400001,0.3156967
1.0500001,0.3501668
1.0600001,0.3559721
1.0700001,0.3504837
1.0800000,0.3762337
1.0900000,0.3443090
1.1000000,0.3345838
1.1100000,0.3291854
1.1200000,0.3718345
1.1300000,0.3550465
1.1400001,0.3250372
1.1500001,0.3192841
1.1600001,0.3409663
1.1700001,0.3381367
1.1800001,0.3413935
1.1900001,0.3576873
1.2000000,0.3491884
1.2100000,0.3276345
1.2200000,0.2655850
1.2300000,0.2785279
1.2400000,0.2319961
1.2500000,0.1778267
1.2600001,0.2177881
1.2700001,0.2139162
1.2800001,0.2138133
1.2900001,0.2503099
1.3000001,0.2402831
1.3100001,0.2847600
1.3200001,0.2679894
1.3300000,0.2893336
1.3400000,0.2916389
1.3500000,0.2097705
1.3600000,0.2512494
1.3700001,0.2038230
1.3800001,0.1742534
1.3900001,0.1452347
1.4000001,0.1354643
1.4100001,0.1313713
1.4200001,0.1423026
1.4300001,0.1658043
1.4400001,0.1362486
1.4500000,0.1441457
1.4600000,0.1526244
1.4700000,0.1772683
1.4800000,0.1751142
1.4900001,0.1490011
1.5000001,0.1686268
1.5100001,0.1806207
1.5200001,0.1747568
1.5300001,0.1744273
1.5400001,0.1545711
1.5500001,0.1635081
1.5600001,0.1449730
1.5700001,0.1453409
1.5800000,0.1815926
1.5900000,0.1568721
1.6000000,0.1620658
1.6100001,0.1553064
1.6200001,0.1520081
1.6300001,0.1503432
1.6400001,0.1548991
1.6500001,0.1484846
1.6600001,0.1455768
1.6700001,0.1484244
1.6800001,0.1509664
1.6900001,0.1772892
1.7000000,0.1537607
1.7100000,0.1727891
1.7200000,0.1498426
1.7300001,0.1486463
1.7400001,0.1562067
1.7500001,0.1635590
1.7600001,0.1701558
1.7700001,0.1615124
1.7800001,0.1493777
1.7900001,0.1670637
1.8000001,0.1673375
1.8100001,0.1545555
1.8200001,0.1567173
1.8300000,0.1622813
1.8400000,0.1751158
1.8500001,0.1657621
1.8600001,0.1411250
1.8700001,0.1733594
1.8800001,0.1723475
1.8900001,0.1306379
1.9000001,0.1536503
1.9100001,0.1435009
1.9200001,0.1686668
1.9300001,0.1488161
1.9400001,0.1525555
1.9500000,0.1516925
1.9600000,0.1564534
1.9700001,0.1778120
1.9800001,0.1382611
1.9900001,0.1485522
2.0000000,0.1521142
2.0100000,0.1460609
2.0200000,0.1491918
2.0300002,0.1547144
2.0400002,0.1348676
2.0500002,0.1462654
2.0600002,0.1672247
2.0700002,0.1886984
2.0800002,0.1667296
2.0900002,0.1832458
2.1000001,0.1830345
2.1100001,0.1681006
2.1200001,0.1850442
2.1300001,0.1693214
2.1400001,0.1687391
2.1500001,0.1829851
2.1600001,0.2003934
2.1700001,0.2239429
2.1800001,0.2007464
2.1900001,0.1628108
2.2000000,0.1369031
2.2100000,0.1508092
2.2200000,0.1544646
2.2300000,0.1569107
2.2400000,0.1490749
2.2500000,0.1374680
2.2600000,0.1429121
2.2700002,0.1479260
2.2800002,0.1391291
2.2900002,0.1545935
2.3000002,0.1438216
2.3100002,0.1194126
2.3200002,0.1193350
2.3300002,0.1441226
2.3400002,0.1285853
2.3500001,0.1218431
2.3600001,0.1281066
2.3700001,0.1355437
2.3800001,0.1329520
2.3900001,0.1577475
2.4000001,0.1295624
2.4100001,0.1585081
2.4200001,0.1718766
2.4300001,0.1528764
2.4400001,0.1568374
2.4500000,0.1473114
2.4600000,0.1427390
2.4700000,0.1538886
2.4800000,0.1547202
2.4900000,0.1380305
2.5000000,0.1430479
2.5100002,0.1337648
2.5200002,0.1399272
2.5300002,0.1408680
2.5400002,0.1354346
2.5500002,0.1454197
2.5600002,0.1383869
2.5700002,0.1380488
2.5800002,0.1350156
2.5900002,0.1990295
2.6000001,0.1751861
2.6100001,0.1556014
2.6200001,0.1968484
2.6300001,0.1428174
2.6400001,0.1527531
2.6500001,0.1574859
2.6600001,0.1718146
2.6700001,0.1933888
2.6800001,0.1672157
2.6900001,0.1683283
2.7000000,0.1394711
2.7100000,0.1483594
2.7200000,0.1494083
2.7300000,0.1488394
2.7400002,0.1566822
2.7500002,0.1400513
2.7600002,0.1592903
2.7700002,0.1554612
2.7800002,0.1645203
2.7900002,0.1519096
2.8000002,0.1478390
2.8100002,0.1431345
2.8200002,0.1361253
2.8300002,0.1583863
2.8400002,0.1552234
2.8500001,0.1702261
2.8600001,0.1648902
2.8700001,0.1593088
2.8800001,0.1747416
2.8900001,0.1702734
2.9000001,0.1493019
2.9100001,0.1631043
2.9200001,0.1460779
2.9300001,0.1557838
2.9400001,0.1623149
2.9500000,0.1740461
2.9600000,0.1521115
2.9700000,0.1890340
2.9800003,0.1654550
2.9900002,0.1508278
3.0000002,0.1605780
3.0100002,0.1506805
3.0200002,0.1321580
3.0300002,0.1532169
3.0400002,0.1488408
3.0500002,0.1405236
3.0600002,0.1510689
3.0700002,0.1737708
3.0800002,0.1559066
3.0900002,0.1866001
3.1000001,0.2009855
3.1100001,0.1350531
3.1200001,0.1614258
3.1300001,0.1631466
3.1400001,0.1886372
3.1500001,0.1707053
3.1600001,0.1669361
3.1700001,0.1479552
3.1800001,0.1644395
3.1900001,0.1717164
3.2000000,0.1654648
3.2100000,0.2202780
3.2200003,0.1981830
3.2300003,0.2058186
3.2400002,0.2072985
3.2500002,0.2332594
3.2600002,0.2429616
3.2700002,0.2038113
3.2800002,0.2195825
3.2900002,0.2515970
3.3000002,0.2262556
3.3100002,0.2028676
3.3200002,0.2300630
3.3300002,0.2693621
3.3400002,0.2378722
3.3500001,0.2601908
3.3600001,0.2493864
3.3700001,0.2174093
3.3800001,0.2373502
3.3900001,0.2448889
3.4000001,0.1990797
3.4100001,0.2016123
3.4200001,0.2114830
3.4300001,0.1869130
3.4400001,0.2448930
3.4500000,0.2000200
3.4600003,0.1739488
3.4700003,0.1922779
3.4800003,0.1794128
3.4900002,0.1695977
3.5000002,0.1630402
3.5100002,0.1712842
3.5200002,0.2069507
3.5300002,0.1938172
3.5400002,0.2664336
3.5500002,0.2705361
3.5600002,0.2931107
3.5700002,0.3343614
3.5800002,0.3014951
3.5900002,0.3236686
3.6000001,0.2861801
3.6100001,0.2687115
3.6200001,0.2446708
3.6300001,0.2288027
3.6400001,0.2608580
3.6500001,0.2354561
3.6600001,0.2527403
3.6700001,0.2590753
3.6800001,0.2702891
3.6900001,0.2626102
3.7000003,0.2853332
3.7100003,0.2363385
3.7200003,0.2497104
3.7300003,0.2358293
3.7400002,0.2420691
3.7500002,0.2506479
3.7600002,0.2491837
3.7700002,0.2687401
3.7800002,0.2382871
3.7900002,0.2669448
3.8000002,0.2715166
3.8100002,0.2503553
3.8200002,0.2556678
3.8300002,0.2426018
3.8400002,0.2848895
3.8500001,0.2680924
3.8600001,0.3134083
3.8700001,0.3006682
3.8800001,0.2893522
3.8900001,0.2823956
3.9000001,0.2791699
3.9100001,0.2787423
3.9200001,0.2874300
3.9300003,0.3068123
3.9400003,0.2937185
3.9500003,0.2983958
3.9600003,0.2882108
3.9700003,0.2736601
3.9800003,0.2965198
3.9900002,0.2868415
4.0000000,0.2600035
4.0100002,0.2686247
4.0200000,0.2613940
4.0300002,0.2665740
4.0400000,0.2447564
4.0500002,0.2542908
4.0600004,0.2488316
4.0700002,0.2814584
4.0800004,0.2397411
4.0900002,0.2275070
4.1000004,0.2604470
4.1100001,0.2946494
4.1200004,0.2970043
4.1300001,0.2820598
4.1400003,0.2962545
4.1500001,0.2944471
4.1600003,0.2746347
4.1700001,0.2545085
4.1800003,0.2455553
4.1900001,0.2618498
4.2000003,0.2718695
4.2100000,0.2437548
4.2200003,0.2374787
4.2300000,0.2437879
4.2400002,0.2582842
4.2500000,0.2437310
4.2600002,0.2567414
4.2700000,0.2882449
4.2800002,0.2592269
4.2900004,0.2477857
4.3000002,0.2325405
4.3100004,0.2509092
4.3200002,0.2617582
4.3300004,0.2413333
4.3400002,0.2452481
4.3500004,0.2701224
4.3600001,0.2477764
4.3700004,0.2457591
4.3800001,0.2429429
4.3900003,0.2489790
4.4000001,0.2585773
4.4100003,0.2316174
4.4200001,0.2492900
4.4300003,0.2704836
4.4400001,0.2776859
4.4500003,0.2735466
4.4600000,0.2698155
4.4700003,0.2875665
4.4800000,0.2891946
4.4900002,0.2846504
4.5000000,0.2766954
4.5100002,0.2811877
4.5200000,0.2839761
4.5300002,0.3023558
4.5400004,0.2981905
4.5500002,0.2659694
4.5600004,0.2654366
4.5700002,0.2760962
4.5800004,0.2709410
4.5900002,0.2723667
4.6000004,0.2872333
4.6100001,0.2886733
4.6200004,0.2855724
4.6300001,0.2855597
4.6400003,0.2793167
4.6500001,0.2696379
4.6600003,0.2806914
4.6700001,0.2601627
4.6800003,0.2639733
4.6900001,0.2723027
4.7000003,0.2703217
4.7100000,0.2733447
4.7200003,0.2743406
4.7300000,0.2685566
4.7400002,0.2693111
4.7500000,0.2653429
4.7600002,0.2522220
4.7700005,0.2647172
4.7800002,0.2381074
4.7900004,0.2633317
4.8000002,0.2661390
4.8100004,0.2658249
4.8200002,0.2511094
4.8300004,0.2519907
4.8400002,0.2623419
4.8500004,0.2585914
4.8600001,0.3124323
4.8700004,0.2599248
4.8800001,0.2812158
4.8900003,0.2709441
4.9000001,0.2737974
4.9100003,0.2770423
4.9200001,0.2738251
4.9300003,0.2647402
4.9400001,0.2780373
4.9500003,0.2722158
4.9600000,0.2596418
4.9700003,0.2699521
4.9800000,0.2567391
4.9900002,0.2816060
5.0000000,0.2843582
5.0100002,0.3002274
5.0200005,0.2924094
5.0300002,0.2561982
5.0400004,0.2636926
5.0500002,0.2541837
5.0600004,0.2531102
5.0700002,0.2465165
5.0800004,0.2792029
5.0900002,0.2376228
5.1000004,0.2378806
5.1100001,0.2362270
5.1200004,0.2336411
5.1300001,0.2361079
5.1400003,0.2513500
5.1500001,0.2446889
5.1600003,0.2836033
5.1700001,0.2779881
5.1800003,0.3098800
5.1900001,0.3131749
5.2000003,0.3209180
5.2100000,0.3365275
5.2200003,0.2902009
5.2300000,0.2926823
5.2400002,0.2913016
5.2500005,0.2848716
5.2600002,0.2826401
5.2700005,0.3007658
5.2800002,0.2824722
5.2900004,0.2823421
5.3000002,0.2865255
5.3100004,0.2941430
5.3200002,0.3104061
5.3300004,0.3271789
5.3400002,0.3112085
5.3500004,0.3060120
5.3600001,0.3075221
5.3700004,0.3202861
5.3800001,0.3132528
5.3900003,0.3150316
5.4000001,0.3063594
5.4100003,0.2924581
5.4200001,0.2989900
5.4300003,0.2585784
5.4400001,0.2698009
5.4500003,0.2762418
5.4600000,0.2544351
5.4700003,0.2780666
5.4800005,0.2706695
5.4900002,0.2777936
5.5000005,0.2524359
5.5100002,0.2606812
5.5200005,0.2540388
5.5300002,0.2644766
5.5400004,0.2796341
5.5500002,0.2639154
5.5600004,0.2542481
5.5700002,0.2575641
5.5800004,0.2361938
5.5900002,0.2470612
5.6000004,0.2662771
5.6100001,0.2651084
5.6200004,0.2664178
5.6300001,0.2698945
5.6400003,0.2807426
5.6500001,0.2532128
5.6600003,0.2814506
5.6700001,0.2736219
5.6800003,0.2828897
5.6900001,0.3002341
5.7000003,0.2977242
5.7100000,0.2893786
5.7200003,0.2987017
5.7300005,0.3115226
5.7400002,0.2963179
5.7500005,0.3038475
5.7600002,0.2949705
5.7700005,0.3033720
5.7800002,0.3049541
5.7900004,0.3109855
5.8000002,0.2972394
5.8100004,0.2902189
5.8200002,0.3010734
5.8300004,0.3025581
5.8400002,0.3054748
5.8500004,0.2969041
5.8600001,0.3044405
5.8700004,0.2773550
5.8800001,0.3161580
5.8900003,0.2831100
5.9000001,0.2728479
5.9100003,0.2646108
5.9200001,0.2688536
5.9300003,0.2639709
5.9400001,0.2550026
5.9500003,0.2705801
5.9600005,0.2880756
5.9700003,0.2541855
5.9800005,0.2498583
5.9900002,0.2489544
6.0000005,0.2619455
6.0100002,0.2665397
6.0200005,0.2600417
6.0300002,0.2404151
6.0400004,0.2430480
6.0500002,0.2522558
6.0600004,0.2797911
6.0700002,0.2689765
6.0800004,0.2546087
6.0900002,0.2541447
6.1000004,0.2533862
6.1100001,0.2602389
6.1200004,0.2647189
6.1300001,0.2544302
6.1400003,0.2653392
6.1500001,0.2572189
6.1600003,0.2604938
6.1700001,0.2640086
6.1800003,0.2766608
6.1900001,0.2734743
6.2000003,0.2569509
6.2100005,0.2738900
6.2200003,0.2668179
6.2300005,0.2455582
6.2400002,0.2685561
6.2500005,0.2591788
6.2600002,0.2461039
6.2700005,0.2463018
6.2800002,0.2518579
6.2900004,0.2580787
6.3000002,0.2553804
6.3100004,0.2845166
6.3200002,0.2602116
6.3300004,0.2579720
6.3400002,0.2567518
6.3500004,0.2499781
6.3600001,0.2770320
6.3700004,0.2532460
6.3800001,0.2748670
6.3900003,0.2592756
6.4000001,0.2557678
6.4100003,0.2580826
6.4200001,0.2570638
6.4300003,0.2630347
6.4400005,0.2523493
6.4500003,0.2444088
6.4600005,0.2574064
6.4700003,0.2571969
6.4800005,0.2502096
6.4900002,0.2641656
6.5000005,0.2516772
6.5100002,0.2552813
6.5200005,0.2602028
6.5300002,0.2640860
6.5400004,0.2619883
6.5500002,0.2561790
6.5600004,0.2662658
6.5700002,0.2754427
6.5800004,0.2539648
6.5900002,0.2600892
6.6000004,0.2524610
6.6100001,0.2552041
6.6200004,0.2652205
6.6300001,0.2739743
6.6400003,0.2591871
6.6500001,0.2696117
6.6600003,0.2669267
6.6700006,0.2749386
6.6800003,0.2762765
6.6900005,0.2517569
6.7000003,0.2848323
6.7100005,0.2672745
6.7200003,0.2434004
6.7300005,0.2335765
6.7400002,0.2202840
6.7500005,0.2325495
6.7600002,0.2308386
6.7700005,0.2545080
6.7800002,0.2329876
6.7900004,0.2476898
6.8000002,0.2394142
6.8100004,0.2318809
6.8200002,0.2204390
6.8300004,0.2747796
6.8400002,0.2618797
6.8500004,0.2506904
6.8600001,0.2554746
6.8700004,0.2637527
6.8800001,0.2176346
6.8900003,0.2018112
6.9000001,0.2270162
6.9100003,0.2007040
6.9200006,0.2188592
6.9300003,0.2292320
6.9400005,0.1960777
6.9500003,0.1796067
6.9600005,0.1510867
6.9700003,0.1519735
6.9800005,0.1776106
6.9900002,0.1553673
7.0000005,0.1671063
7.0100002,0.1722166
7.0200005,0.1744491
7.0300002,0.1710168
7.0400004,0.1769659
7.0500002,0.1650588
7.0600004,0.1604675
7.0700002,0.1765623
7.0800004,0.1653584
7.0900002,0.1811596
7.1000004,0.1965580
7.1100001,0.1896343
7.1200004,0.1759592
7.1300001,0.1959937
7.1400003,0.2276367
7.1500006,0.1884512
7.1600003,0.1934182
7.1700006,0.1742427
7.1800003,0.1793432
7.1900005,0.1628605
7.2000003,0.1816384
7.2100005,0.2216864
7.2200003,0.1832998
7.2300005,0.1963608
7.2400002,0.2103579
7.2500005,0.1871516
7.2600002,0.1752801
7.2700005,0.1805876
7.2800002,0.1547005
7.2900004,0.1834508
7.3000002,0.1814301
7.3100004,0.1854877
7.3200002,0.1963160
7.3300004,0.2104069
7.3400002,0.1651113
7.3500004,0.1550058
7.3600001,0.1444428
7.3700004,0.1718485
7.3800001,0.1671913
7.3900003,0.1629490
7.4000006,0.1599882
7.4100003,0.1601176
7.4200006,0.1509778
7.4300003,0.1572544
7.4400005,0.1623765
7.4500003,0.1739226
7.4600005,0.1383273
7.4700003,0.1444540
7.4800005,0.1439183
7.4900002,0.1403850
7.5000005,0.1558660
7.5100002,0.1546226
7.5200005,0.1772934
7.5300002,0.1834364
7.5400004,0.1388172
7.5500002,0.1488418
7.5600004,0.1364025
7.5700002,0.1604556
7.5800004,0.1628584
7.5900002,0.1879027
7.6000004,0.1475161
7.6100001,0.1414724
7.6200004,0.1508804
7.6300006,0.1837848
7.6400003,0.1586903
7.6500006,0.1660545
7.6600003,0.1648555
7.6700006,0.1923593
7.6800003,0.1558061
7.6900005,0.1801589
7.7000003,0.1689081
7.7100005,0.1741552
7.7200003,0.1622830
7.7300005,0.1619220
7.7400002,0.1868656
7.7500005,0.1850255
7.7600002,0.1962264
7.7700005,0.2316400
7.7800002,0.2418650
7.7900004,0.2488000
7.8000002,0.2463358
7.8100004,0.2665437
7.8200002,0.2498045
7.8300004,0.2275569
7.8400002,0.2444101
7.8500004,0.2234907
7.8600006,0.2614092
7.8700004,0.1945264
7.8800006,0.2492351
7.8900003,0.1921001
7.9000006,0.2004083
7.9100003,0.2511959
7.9200006,0.2172120
7.9300003,0.2103343
7.9400005,0.2293152
7.9500003,0.2449303
7.9600005,0.2418001
7.9700003,0.2103667
7.9800005,0.2196559
7.9900002,0.2374075
8.0000000,0.1791254
8.0100002,0.1690721
8.0200005,0.1810801
8.0300007,0.1935233
8.0400000,0.1694988
8.0500002,0.1769364
8.0600004,0.2057793
8.0700006,0.2599181
8.0799999,0.2769996
8.0900002,0.2884693
8.1000004,0.2957037
8.1100006,0.2947219
8.1200008,0.2236077
8.1300001,0.1906278
8.1400003,0.1707858
8.1500006,0.1437022
8.1600008,0.1668274
8.1700001,0.1753196
8.1800003,0.1834950
8.1900005,0.1540615
8.2000008,0.1443207
8.2100000,0.1597365
8.2200003,0.1958880
8.2300005,0.1740748
8.2400007,0.1652586
8.2500000,0.1667880
8.2600002,0.1761167
8.2700005,0.1779147
8.2800007,0.1686793
8.2900000,0.1857261
8.3000002,0.2072511
8.3100004,0.2129800
8.3200006,0.2319520
8.3299999,0.1974804
8.3400002,0.1911208
8.3500004,0.1632077
8.3600006,0.1432004
8.3700008,0.1386702
8.3800001,0.1704831
8.3900003,0.1613145
8.4000006,0.1549164
8.4100008,0.1491038
8.4200001,0.1784060
8.4300003,0.1864986
8.4400005,0.1575538
8.4500008,0.1672487
8.4600000,0.1853473
8.4700003,0.1792420
8.4800005,0.1894605
8.4900007,0.2045165
8.5000000,0.1980273
8.5100002,0.1646049
8.5200005,0.1616670
8.5300007,0.1512924
8.5400000,0.1736709
8.5500002,0.2195587
8.5600004,0.2677499
8.5700006,0.2419629
8.5800009,0.2215431
8.5900002,0.2534840
8.6000004,0.2443872
8.6100006,0.1975767
8.6200008,0.1836362
8.6300001,0.1623508
8.6400003,0.1865532
8.6500006,0.1691990
8.6600008,0.1683875
8.6700001,0.1795355
8.6800003,0.1967581
8.6900005,0.1360443
8.7000008,0.1785912
8.7100000,0.1507860
8.7200003,0.1831703
8.7300005,0.1549806
8.7400007,0.1419610
8.7500000,0.1828033
8.7600002,0.1769938
8.7700005,0.1611745
8.7800007,0.1801652
8.7900000,0.1874465
8.8000002,0.1971305
8.8100004,0.2365891
8.8200006,0.2444129
8.8300009,0.2542165
8.8400002,0.2609757
8.8500004,0.2506090
8.8600006,0.3009700
8.8700008,0.3418500
8.8800001,0.3541262
8.8900003,0.3482490
8.9000006,0.2765041
8.9100008,0.2452231
8.9200001,0.2116894
8.9300003,0.2135257
8.9400005,0.1918981
8.9500008,0.1935469
8.9600000,0.2287409
8.9700003,0.2397440
8.9800005,0.2173538
8.9900007,0.2740577
9.0000000,0.2987912
9.0100002,0.2496298
9.0200005,0.2157170
9.0300007,0.2184540
9.0400000,0.1943230
9.0500002,0.1784291
9.0600004,0.1983578
9.0700006,0.2342621
9.0800009,0.2269210
9.0900002,0.2259506
9.1000004,0.2470820
9.1100006,0.2033012
9.1200008,0.2026407
9.1300001,0.1923703
9.1400003,0.2102543
9.1500006,0.1861892
9.1600008,0.1621911
9.1700001,0.1816820
9.1800003,0.2604985
9.1900005,0.2546929
9.2000008,0.2799060
9.2100000,0.3398920
9.2200003,0.2899029
9.2300005,0.3282041
9.2400007,0.2850999
9.2500000,0.2933570
9.2600002,0.3159773
9.2700005,0.2886453
9.2800007,0.2700636
9.2900009,0.2487674
9.3000002,0.2464039
9.3100004,0.2218717
9.3200006,0.2367380
9.3300009,0.2374043
9.3400002,0.2144645
9.3500004,0.2291894
9.3600006,0.2235101
9.3700008,0.2190709
9.3800001,0.2141540
9.3900003,0.2014672
9.4000006,0.2169490
9.4100008,0.2327300
9.4200001,0.2562902
9.4300003,0.2164992
9.4400005,0.2284885
9.4500008,0.2298026
9.4600000,0.2229802
9.4700003,0.2334546
9.4800005,0.2143816
9.4900007,0.2229107
9.5000000,0.2185769
9.5100002,0.2119818
9.5200005,0.2151596
9.5300007,0.2137499
9.5400009,0.2279651
9.5500002,0.2424358
9.5600004,0.2312301
9.5700006,0.2221729
9.5800009,0.2283271
9.5900002,0.2380216
9.6000004,0.2296493
9.6100006,0.2437057
9.6200008,0.2299464
9.6300001,0.2027976
9.6400003,0.2200463
9.6500006,0.2088666
9.6600008,0.2141028
9.6700001,0.2289516
9.6800003,0.2085112
9.6900005,0.2427326
9.7000008,0.2313440
9.7100000,0.2688161
9.7200003,0.2870821
9.7300005,0.2793401
9.7400007,0.2300469
9.7500000,0.2538916
9.7600002,0.2494757
9.7700005,0.2506520
9.7800007,0.2744271
9.7900009,0.2496510
9.8000002,0.2273419
9.8100004,0.2392489
9.8200006,0.2530447
9.8300009,0.2635524
9.8400002,0.2414280
9.8500004,0.2895657
9.8600006,0.2899173
9.8700008,0.2896586
9.8800001,0.3321634
9.8900003,0.3002103
9.9000006,0.3416233
9.9100008,0.3365696
9.9200001,0.2917713
9.9300003,0.3315884
9.9400005,0.3505430
9.9500008,0.3525109
9.9600000,0.3558042
9.9700003,0.3498693
9.9800005,0.3118749
9.9900007,0.2719736
10.0000000,0.2487199
10.0100002,0.2671949
10.0200005,0.2818153
10.0300007,0.2817611
10.0400009,0.2718831
10.0500002,0.2360208
10.0600004,0.2675429
10.0700006,0.2518062
10.0800009,0.2555909
10.0900002,0.2620151
10.1000004,0.2923115
10.1100006,0.2464737
10.1200008,0.2764302
10.1300001,0.2580486
10.1400003,0.2439860
10.1500006,0.2614563
10.1600008,0.2713154
10.1700001,0.2548389
10.1800003,0.2676803
10.1900005,0.3467731
10.2000008,0.3236620
10.2100000,0.3344268
10.2200003,0.3259375
10.2300005,0.3397277
10.2400007,0.3634480
10.2500010,0.3581842
10.2600002,0.3608268
10.2700005,0.3186697
10.2800007,0.2979974
10.2900009,0.2975429
10.3000002,0.3460670
10.3100004,0.3294438
10.3200006,0.2471908
10.3300009,0.2494173
10.3400002,0.2552390
10.3500004,0.2569939
10.3600006,0.2906604
10.3700008,0.3039599
10.3800001,0.2441374
10.3900003,0.2353640
10.4000006,0.2466696
10.4100008,0.2406687
10.4200001,0.2654434
10.4300003,0.2745638
10.4400005,0.2879760
10.4500008,0.2716206
10.4600000,0.2696759
10.4700003,0.2408940
10.4800005,0.2083451
10.4900007,0.2321571
10.5000010,0.2621151
10.5100002,0.2351167
10.5200005,0.2400517
10.5300007,0.2522122
10.5400009,0.2562438
10.5500002,0.2501535
10.5600004,0.2798499
10.5700006,0.2524865
10.5800009,0.2469752
10.5900002,0.2825200
10.6000004,0.3098380
10.6100006,0.3164234
10.6200008,0.3562434
10.6300001,0.3562835
10.6400003,0.3778493
10.6500006,0.4341985
10.6600008,0.3996259
10.6700001,0.3944124
10.6800003,0.3533136
10.6900005,0.4361792
10.7000008,0.3958914
10.7100000,0.3912542
10.7200003,0.3979879
10.7300005,0.4165815
10.7400007,0.3995336
10.7500010,0.3941455
10.7600002,0.3411050
10.7700005,0.3770494
10.7800007,0.3831946
10.7900009,0.3854724
10.8000002,0.3532791
10.8100004,0.3366660
10.8200006,0.3581538
10.8300009,0.3566703
10.8400002,0.3579684
10.8500004,0.3606269
10.8600006,0.3543045
10.8700008,0.3894285
10.8800001,0.3877137
10.8900003,0.3601249
10.9000006,0.4010797
10.9100008,0.4118364
10.9200001,0.3851456
10.9300003,0.4182592
10.9400005,0.3650085
10.9500008,0.3351988
10.9600010,0.3995318
10.9700003,0.3897459
10.9800005,0.3687146
10.9900007,0.3222284
11.0000010,0.3131644
11.0100002,0.3130084
11.0200005,0.3259440
11.0300007,0.3169526
11.0400009,0.3284217
11.0500002,0.3244673
11.0600004,0.3335300
11.0700006,0.3452401
11.0800009,0.3244016
11.0900002,0.3701235
11.1000004,0.3818854
11.1100006,0.3972228
11.1200008,0.4017107
11.1300001,0.3716893
11.1400003,0.3607220
11.1500006,0.3581639
11.1600008,0.3235570
11.1700001,0.3715433
11.1800003,0.3360627
11.1900005,0.3420720
11.2000008,0.3240680
11.2100010,0.3823103
11.2200003,0.3243294
11.2300005,0.3371541
11.2400007,0.3670124
11.2500010,0.3650699
11.2600002,0.3576193
11.2700005,0.3331424
11.2800007,0.3438191
11.2900009,0.3362538
11.3000002,0.3026583
11.3100004,0.3346514
11.3200006,0.3834734
11.3300009,0.3581921
11.3400002,0.3539796
11.3500004,0.3552084
11.3600006,0.3904305
11.3700008,0.3961887
11.3800001,0.3958343
11.3900003,0.3709021
11.4000006,0.3591733
11.4100008,0.3357342
11.4200001,0.3888202
11.4300003,0.3751232
11.4400005,0.3506888
11.4500008,0.3517654
11.4600010,0.3293695
11.4700003,0.3641960
11.4800005,0.3333690
11.4900007,0.3446208
11.5000010,0.3454505
11.5100002,0.3221724
11.5200005,0.3085365
11.5300007,0.3460527
11.5400009,0.3253224
11.5500002,0.3762071
11.5600004,0.3400495
11.5700006,0.3235285
11.5800009,0.3287590
11.5900002,0.3479840
11.6000004,0.3171633
11.6100006,0.3037850
11.6200008,0.3141997
11.6300001,0.3400710
11.6400003,0.3391124
11.6500006,0.3044247
11.6600008,0.3292584
11.6700010,0.3244690
11.6800003,0.2922811
11.6900005,0.3184875
11.7000008,0.3246537
11.7100010,0.3693024
11.7200003,0.3138771
11.7300005,0.3141035
11.7400007,0.3059787
11.7500010,0.3432867
11.7600002,0.3180540
11.7700005,0.3542807
11.7800007,0.3701980
11.7900009,0.3638188
11.8000002,0.3634916
11.8100004,0.3510003
11.8200006,0.3358872
11.8300009,0.3478598
11.8400002,0.3771463
11.8500004,0.3482286
11.8600006,0.3608985
11.8700008,0.3664990
11.8800001,0.3720049
11.8900003,0.3659345
11.9000006,0.3963279
11.9100008,0.3701498
11.9200010,0.3462242
11.9300003,0.3385942
11.9400005,0.3264138
11.9500008,0.3539476
11.9600010,0.3591199
11.9700003,0.3311742
11.9800005,0.3492488
11.9900007,0.3774472
12.0000010,0.3802980
12.0100002,0.3616766
12.0200005,0.3570050
12.0300007,0.3430549
12.0400009,0.3327997
12.0500002,0.3512805
12.0600004,0.3697383
12.0700006,0.3565553
12.0800009,0.3394777
12.0900002,0.3426718
12.1000004,0.3568746
12.1100006,0.3547851
12.1200008,0.3554375
12.1300001,0.3749447
12.1400003,0.3822321
12.1500006,0.3268788
12.1600008,0.3428130
12.1700010,0.2916786
12.1800003,0.3169893
12.1900005,0.2861015
12.2000008,0.2846744
12.2100010,0.3384947
12.2200003,0.3138019
12.2300005,0.3540813
12.2400007,0.3509163
12.2500010,0.3271547
12.2600002,0.3071620
12.2700005,0.3525169
12.2800007,0.3246083
12.2900009,0.2907109
12.3000002,0.3143979
12.3100004,0.2984255
12.3200006,0.3412812
12.3300009,0.3158779
12.3400002,0.3366739
12.3500004,0.3555014
12.3600006,0.3264846
12.3700008,0.3281978
12.3800001,0.3301106
12.3900003,0.3221715
12.4000006,0.3572286
12.4100008,0.3839786
12.4200010,0.3747618
12.4300003,0.4160826
12.4400005,0.3690257
12.4500008,0.3362975
12.4600010,0.3136555
12.4700003,0.3143156
12.4800005,0.3415756
12.4900007,0.3511035
12.5000010,0.3540978
12.5100002,0.3636014
12.5200005,0.3438396
12.5300007,0.3314016
12.5400009,0.3543078
12.5500002,0.3504912
12.5600004,0.3664578
12.5700006,0.3286523
12.5800009,0.3252158
12.5900002,0.3510947
12.6000004,0.3602146
12.6100006,0.3490625
12.6200008,0.3738326
12.6300011,0.4013363
12.6400003,0.3507473
12.6500006,0.4010054
12.6600008,0.4053341
12.6700010,0.3844410
12.6800003,0.3771009
12.6900005,0.3271080
12.7000008,0.3453099
12.7100010,0.3554991
12.7200003,0.3230604
12.7300005,0.3366497
12.7400007,0.3377073
12.7500010,0.3549689
12.7600002,0.3452889
12.7700005,0.3322761
12.7800007,0.3391971
12.7900009,0.3638529
12.8000002,0.3275751
12.8100004,0.2777850
12.8200006,0.2738773
12.8300009,0.2721735
12.8400002,0.3255465
12.8500004,0.3619391
12.8600006,0.3549212
12.8700008,0.3275574
12.8800011,0.2939652
12.8900003,0.3128532
12.9000006,0.3016709
12.9100008,0.2854227
12.9200010,0.2995350
12.9300003,0.3231719
12.9400005,0.3199309
12.9500008,0.3125075
12.9600010,0.3123092
12.9700003,0.3503841
12.9800005,0.3478452
12.9900007,0.3541481
13.0000010,0.3605782
13.0100002,0.3444454
13.0200005,0.3028162
13.0300007,0.3451076
13.0400009,0.2990324
13.0500002,0.3185394
13.0600004,0.3206598
13.0700006,0.3412811
13.0800009,0.3263787
13.0900002,0.3354284
13.1000004,0.3419631
13.1100006,0.3670157
13.1200008,0.3249730
13.1300011,0.3049547
13.1400003,0.3219184
13.1500006,0.3276478
13.1600008,0.3083961
13.1700010,0.3163385
13.1800003,0.2977768
13.1900005,0.3242148
13.2000008,0.3346782
13.2100010,0.3484684
13.2200003,0.3261902
13.2300005,0.3201165
13.2400007,0.3112909
13.2500010,0.3161485
13.2600002,0.3162537
13.2700005,0.3270979
13.2800007,0.3071673
13.2900009,0.3344859
13.3000002,0.3177994
13.3100004,0.3399053
13.3200006,0.3117808
13.3300009,0.3058867
13.3400011,0.2768441
13.3500004,0.2761553
13.3600006,0.3218386
13.3700008,0.3507305
13.3800011,0.3139963
13.3900003,0.3160335
13.4000006,0.3718856
13.4100008,0.3281093
13.4200010,0.3123168
13.4300003,0.3128900
13.4400005,0.2717872
13.4500008,0.2986524
13.4600010,0.2652483
13.4700003,0.3037344
13.4800005,0.3145662
13.4900007,0.3185985
13.5000010,0.2964568
13.5100002,0.3246623
13.5200005,0.3202065
13.5300007,0.3401482
13.5400009,0.3249758
13.5500002,0.3492370
13.5600004,0.3318453
13.5700006,0.3449879
13.5800009,0.3050978
13.5900011,0.2908873
13.6000004,0.2929316
13.6100006,0.3393094
13.6200008,0.2986380
13.6300011,0.3073614
13.6400003,0.2890388
13.6500006,0.3207020
13.6600008,0.3124689
13.6700010,0.3580002
13.6800003,0.3495542
13.6900005,0.3408329
13.7000008,0.3300576
13.7100010,0.2813364
13.7200003,0.3235840
13.7300005,0.3327246
13.7400007,0.2898752
13.7500010,0.2750107
13.7600002,0.2760525
13.7700005,0.2760810
13.7800007,0.2698714
13.7900009,0.3113592
13.8000002,0.2878472
13.8100004,0.2883634
13.8200006,0.3584253
13.8300009,0.3714333
13.8400011,0.3710247
13.8500004,0.3378722
13.8600006,0.3703218
13.8700008,0.3074128
13.8800011,0.3025976
13.8900003,0.3281823
13.9000006,0.3157445
13.9100008,0.2638604
13.9200010,0.3253060
13.9300003,0.3225094
13.9400005,0.3406568
13.9500008,0.3522884
13.9600010,0.3983777
13.9700003,0.3063729
13.9800005,0.3197279
13.9900007,0.3290402
14.0000010,0.2817055
14.0100002,0.2873167
14.0200005,0.2824856
14.0300007,0.3356512
14.0400009,0.2872289
14.0500002,0.2847466
14.0600004,0.3268416
14.0700006,0.2909373
14.0800009,0.3076400
14.0900011,0.3034767
14.1000004,0.3143545
14.1100006,0.2911673
14.1200008,0.3353112
14.1300011,0.3337004
14.1400003,0.3356334
14.1500006,0.3502883
14.1600008,0.3686280
14.1700010,0.3704110
14.1800003,0.3496024
14.1900005,0.3304607
14.2000008,0.3292101
14.2100010,0.3635030
14.2200003,0.3435282
14.2300005,0.3293357
14.2400007,0.3154644
14.2500010,0.3005955
14.2600002,0.3159557
14.2700005,0.2927896
14.2800007,0.3053902
14.2900009,0.2921625
14.3000011,0.3010857
14.3100004,0.3418572
14.3200006,0.2994287
14.3300009,0.3420878
14.3400011,0.2816422
14.3500004,0.2990260
14.3600006,0.3000109
14.3700008,0.3228505
14.3800011,0.3073560
14.3900003,0.3358333
14.4000006,0.3268255
14.4100008,0.3222660
14.4200010,0.2751990
14.4300003,0.2962686
14.4400005,0.3197975
14.4500008,0.3117543
14.4600010,0.2848420
14.4700003,0.2754270
14.4800005,0.2666581
14.4900007,0.2596990
14.5000010,0.2972562
14.5100002,0.3192239
14.5200005,0.3071045
14.5300007,0.3392287
14.5400009,0.3179250
14.5500011,0.3308059
14.5600004,0.2852698
14.5700006,0.2703289
14.5800009,0.2512106
14.5900011,0.2805659
14.6000004,0.2239689
14.6100006,0.1926352
14.6200008,0.1954419
14.6300011,0.2162584
14.6400003,0.2056133
14.6500006,0.2233644
14.6600008,0.2074525
14.6700010,0.2236556
14.6800003,0.2078537
14.6900005,0.1938325
14.7000008,0.1804335
14.7100010,0.2102350
14.7200003,0.1925055
14.7300005,0.1921538
14.7400007,0.1842818
14.7500010,0.2004399
14.7600002,0.2122752
14.7700005,0.2003685
14.7800007,0.2156433
14.7900009,0.2332317
14.8000011,0.2724980
14.8100004,0.2619801
14.8200006,0.2384353
14.8300009,0.2208647
14.8400011,0.1970495
14.8500004,0.2273056
14.8600006,0.2355746
14.8700008,0.2046844
14.8800011,0.1971038
14.8900003,0.2324622
14.9000006,0.2173048
14.9100008,0.3033496
14.9200010,0.2305768
14.9300003,0.2083906
14.9400005,0.2121455
14.9500008,0.1876422
14.9600010,0.2030977
14.9700003,0.2190532
14.9800005,0.2037470
14.9900007,0.2308180
15.0000010,0.2336142
15.0100012,0.1887738
15.0200005,0.1966292
15.0300007,0.2434845
15.0400009,0.2149256
15.0500011,0.2407063
15.0600004,0.1944098
15.0700006,0.2087077
15.0800009,0.2061863
15.0900011,0.2022930
15.1000004,0.1840099
15.1100006,0.2184100
15.1200008,0.2250970
15.1300011,0.1987533
15.1400003,0.1761487
15.1500006,0.1758415
15.1600008,0.1715696
15.1700010,0.1714243
15.1800003,0.2008520
15.1900005,0.2227678
15.2000008,0.2529320
15.2100010,0.2526266
15.2200003,0.2632270
15.2300005,0.2151362
15.2400007,0.1796970
15.2500010,0.1698834
15.2600012,0.1804534
15.2700005,0.2153304
15.2800007,0.3175414
15.2900009,0.2583104
15.3000011,0.2720498
15.3100004,0.2654795
15.3200006,0.2756832
15.3300009,0.3410671
15.3400011,0.3270550
15.3500004,0.3112535
15.3600006,0.1826508
15.3700008,0.2083526
15.3800011,0.2044631
15.3900003,0.1703079
15.4000006,0.1594771
15.4100008,0.1979886
15.4200010,0.1935885
15.4300003,0.1787440
15.4400005,0.1811101
15.4500008,0.1858695
15.4600010,0.1684569
15.4700003,0.1666211
15.4800005,0.1748668
15.4900007,0.1537527
15.5000010,0.1531877
15.5100012,0.1539006
15.5200005,0.1711199
15.5300007,0.1562956
15.5400009,0.1336051
15.5500011,0.1676469
15.5600004,0.1618028
15.5700006,0.1515613
15.5800009,0.1530778
15.5900011,0.2110923
15.6000004,0.2012230
15.6100006,0.2431101
15.6200008,0.1581410
15.6300011,0.1665262
15.6400003,0.1685683
15.6500006,0.1692794
15.6600008,0.1730931
15.6700010,0.1634129
15.6800003,0.1633536
15.6900005,0.2014310
15.7000008,0.1944740
15.7100010,0.1858832
15.7200012,0.1933798
15.7300005,0.1824206
15.7400007,0.1734259
15.7500010,0.1889579
15.7600012,0.1467258
15.7700005,0.1837180
15.7800007,0.2040388
15.7900009,0.2058127
15.8000011,0.2027181
15.8100004,0.2197486
15.8200006,0.2311312
15.8300009,0.1955784
15.8400011,0.2570481
15.8500004,0.1986320
15.8600006,0.1615179
15.8700008,0.1625595
15.8800011,0.1933309
15.8900003,0.1909634
15.9000006,0.2369849
15.9100008,0.2202425
15.9200010,0.1573688
15.9300003,0.1534234
15.9400005,0.2017257
15.9500008,0.2894701
15.9600010,0.2998137
15.9700012,0.3658181
15.9800005,0.2528317
15.9900007,0.2583156
16.0000000,0.2739199
16.0100002,0.2562449
16.0200005,0.2379494
16.0300007,0.1924304
16.0400009,0.1780803
16.0500011,0.2128305
16.0600014,0.1930383
16.0700016,0.1851018
16.0799999,0.1819463
16.0900002,0.2026604
16.1000004,0.1990570
16.1100006,0.1769350
16.1200008,0.1844387
16.1300011,0.1909412
16.1400013,0.1794041
16.1500015,0.1671682
16.1599998,0.1942400
16.1700001,0.2137158
16.1800003,0.2059909
16.1900005,0.2106279
16.2000008,0.1927191
16.2100010,0.1959972
16.2200012,0.1871276
16.2300014,0.1836298
16.2400017,0.1704454
16.2500000,0.1777667
16.2600002,0.1693272
16.2700005,0.1866979
16.2800007,0.2032871
16.2900009,0.2022891
16.3000011,0.2277880
16.3100014,0.2054640
16.3200016,0.2346835
16.3299999,0.2419213
16.3400002,0.2220663
16.3500004,0.2111085
16.3600006,0.1964036
16.3700008,0.2528415
16.3800011,0.2334748
16.3900013,0.2021430
16.4000015,0.2393531
16.4099998,0.2624098
16.4200001,0.1899301
16.4300003,0.1934166
16.4400005,0.1909969
16.4500008,0.2204900
16.4600010,0.2197669
16.4700012,0.2638040
16.4800014,0.2518522
16.4900017,0.2180586
16.5000000,0.2602145
16.5100002,0.2037791
16.5200005,0.2325512
16.5300007,0.2449888
16.5400009,0.2020072
16.5500011,0.2002442
16.5600014,0.2161739
16.5700016,0.1934398
16.5799999,0.1795495
16.5900002,0.1853602
16.6000004,0.2009618
16.6100006,0.2277048
16.6200008,0.2078894
16.6300011,0.2134170
16.6400013,0.2902618
16.6500015,0.2711073
16.6599998,0.3005182
16.6700001,0.3078204
16.6800003,0.3753887
16.6900005,0.3620627
16.7000008,0.3577839
16.7100010,0.3698847
16.7200012,0.4077814
16.7300014,0.4306713
16.7400017,0.4254016
16.7500000,0.4764013
16.7600002,0.4635842
16.7700005,0.4278921
16.7800007,0.4070527
16.7900009,0.3963697
16.8000011,0.3840152
16.8100014,0.3883933
16.8200016,0.3626185
16.8299999,0.3553167
16.8400002,0.4008488
16.8500004,0.3878730
16.8600006,0.3923354
16.8700008,0.3820727
16.8800011,0.3818702
16.8900013,0.4312589
16.9000015,0.3814988
16.9100018,0.3955837
16.9200001,0.4006819
16.9300003,0.3695127
16.9400005,0.3955296
16.9500008,0.4157291
16.9600010,0.4013968
16.9700012,0.4085712
16.9800014,0.3724511
16.9900017,0.4449234
17.0000000,0.4544634
17.0100002,0.4399369
17.0200005,0.4581162
17.0300007,0.5032939
17.0400009,0.5161912
17.0500011,0.4876161
17.0600014,0.4775843
17.0700016,0.4890151
17.0799999,0.4935795
17.0900002,0.5184554
17.1000004,0.4563752
17.1100006,0.4781631
17.1200008,0.4980153
17.1300011,0.4670292
17.1400013,0.5031797
17.1500015,0.5272858
17.1600018,0.5451356
17.1700001,0.4946097
17.1800003,0.5255229
17.1900005,0.4767224
17.2000008,0.4808362
17.2100010,0.4896671
17.2200012,0.4530732
17.2300014,0.5022423
17.2400017,0.4798070
17.2500000,0.4907780
17.2600002,0.4207178
17.2700005,0.3528608
17.2800007,0.3679643
17.2900009,0.3115937
17.3000011,0.3531040
17.3100014,0.3104652
17.3200016,0.3059514
17.3299999,0.2806427
17.3400002,0.3076085
17.3500004,0.3129764
17.3600006,0.3237153
17.3700008,0.2877052
17.3800011,0.2742044
17.3900013,0.2978476
17.4000015,0.3076320
17.4100018,0.3193899
17.4200001,0.3060417
17.4300003,0.2812532
17.4400005,0.3151652
17.4500008,0.2835504
17.4600010,0.2506582
17.4700012,0.2419817
17.4800014,0.2533008
17.4900017,0.2312791
17.5000000,0.2415438
17.5100002,0.2390207
17.5200005,0.2508582
17.5300007,0.2241357
17.5400009,0.2174373
17.5500011,0.2130551
17.5600014,0.2141979
17.5700016,0.2071998
17.5799999,0.2491067
17.5900002,0.2732618
17.6000004,0.2841223
17.6100006,0.2943982
17.6200008,0.2282242
17.6300011,0.2681699
17.6400013,0.2576827
17.6500015,0.2774031
17.6600018,0.2661923
17.6700001,0.2677404
17.6800003,0.2783673
17.6900005,0.2355870
17.7000008,0.2974279
17.7100010,0.2820042
17.7200012,0.2706927
17.7300014,0.2621655
17.7400017,0.2944408
17.7500000,0.3109695
17.7600002,0.2840476
17.7700005,0.3459337
17.7800007,0.3169086
17.7900009,0.3043532
17.8000011,0.2944762
17.8100014,0.2936859
17.8200016,0.3032386
17.8299999,0.3081583
17.8400002,0.3195868
17.8500004,0.3258598
17.8600006,0.2888924
17.8700008,0.3132546
17.8800011,0.3298318
17.8900013,0.2726185
17.9000015,0.3227280
17.9100018,0.2836615
17.9200001,0.2627463
17.9300003,0.2693264
17.9400005,0.2645989
17.9500008,0.2729488
17.9600010,0.2566012
17.9700012,0.2549334
17.9800014,0.2425731
17.9900017,0.2241799
18.0000000,0.2674963
18.0100002,0.2421023
18.0200005,0.2694007
18.0300007,0.2827298
18.0400009,0.2956585
18.0500011,0.2640167
18.0600014,0.2704868
18.0700016,0.2405314
18.0799999,0.2643116
18.0900002,0.2836142
18.1000004,0.2389452
18.1100006,0.2487559
18.1200008,0.3256218
18.1300011,0.3170995
18.1400013,0.2589277
18.1500015,0.2900454
18.1600018,0.3130462
18.1700001,0.3189459
18.1800003,0.3136145
18.1900005,0.3572284
18.2000008,0.3447149
18.2100010,0.3051532
18.2200012,0.3331728
18.2300014,0.3193702
18.2400017,0.2925454
18.2500000,0.2864148
18.2600002,0.2599530
18.2700005,0.2941552
18.2800007,0.2957687
18.2900009,0.2859348
18.3000011,0.2632799
18.3100014,0.2796239
18.3200016,0.2844332
18.3299999,0.3240245
18.3400002,0.3166165
18.3500004,0.3419684
18.3600006,0.3395649
18.3700008,0.3424358
18.3800011,0.2939739
18.3900013,0.3007798
18.4000015,0.3008166
18.4100018,0.2635729
18.4200001,0.3030539
18.4300003,0.2863321
18.4400005,0.3099577
18.4500008,0.2999923
18.4600010,0.3181472
18.4700012,0.2909846
18.4800014,0.2860286
18.4900017,0.3079441
18.5000000,0.3146008
18.5100002,0.2845369
18.5200005,0.2971449
18.5300007,0.3377964
18.5400009,0.2930476
18.5500011,0.2959670
18.5600014,0.2919879
18.5700016,0.2801365
18.5800018,0.2843307
18.5900002,0.2769815
18.6000004,0.2958609
18.6100006,0.3178115
18.6200008,0.3151029
18.6300011,0.2871237
18.6400013,0.2325231
18.6500015,0.2147903
18.6600018,0.2593105
18.6700001,0.3061596
18.6800003,0.2839825
18.6900005,0.3035807
18.7000008,0.2588301
18.7100010,0.2482449
18.7200012,0.2044853
18.7300014,0.2256548
18.7400017,0.2405719
18.7500000,0.2503610
18.7600002,0.2479895
18.7700005,0.2325103
18.7800007,0.2490007
18.7900009,0.2839540
18.8000011,0.2427771
18.8100014,0.2835583
18.8200016,0.2336074
18.8300018,0.2407504
18.8400002,0.3025594
18.8500004,0.2916696
18.8600006,0.2457889
18.8700008,0.2600841
18.8800011,0.2563435
18.8900013,0.2900285
18.9000015,0.2583993
18.9100018,0.3021254
18.9200001,0.2835704
18.9300003,0.2971474
18.9400005,0.2283617
18.9500008,0.2744043
18.9600010,0.2595683
18.9700012,0.2658718
18.9800014,0.2266179
18.9900017,0.2087687
19.0000000,0.2258522
19.0100002,0.2482518
19.0200005,0.2469936
19.0300007,0.2395480
19.0400009,0.2623137
19.0500011,0.2586963
19.0600014,0.2313690
19.0700016,0.2288970
19.0800018,0.2183104
19.0900002,0.2237562
19.1000004,0.2645210
19.1100006,0.2295078
19.1200008,0.2128545
19.1300011,0.2288879
19.1400013,0.2070786
19.1500015,0.2349035
19.1600018,0.1980721
19.1700001,0.2086199
19.1800003,0.1879142
19.1900005,0.1909757
19.2000008,0.2236174
19.2100010,0.2218628
19.2200012,0.1949133
19.2300014,0.1761705
19.2400017,0.2182080
19.2500000,0.2049869
19.2600002,0.1641336
19.2700005,0.2140604
19.2800007,0.2425151
19.2900009,0.2454062
19.3000011,0.2576190
19.3100014,0.3500754
19.3200016,0.3156075
19.3300018,0.3279804
19.3400002,0.3564236
19.3500004,0.3463002
19.3600006,0.2786600
19.3700008,0.2891466
19.3800011,0.3917632
19.3900013,0.3235359
19.4000015,0.3649848
19.4100018,0.3726778
19.4200001,0.3473143
19.4300003,0.3534288
19.4400005,0.2988397
19.4500008,0.3164619
19.4600010,0.2121611
19.4700012,0.2445264
19.4800014,0.2760668
19.4900017,0.2538320
19.5000000,0.2478406
19.5100002,0.2301375
19.5200005,0.2602637
19.5300007,0.2682094
19.5400009,0.2605215
19.5500011,0.2651726
19.5600014,0.2756441
19.5700016,0.2503544
19.5800018,0.2380211
19.5900002,0.2094173
19.6000004,0.2702957
19.6100006,0.1735235
19.6200008,0.1919941
19.6300011,0.2115210
19.6400013,0.2085660
19.6500015,0.1730962
19.6600018,0.2083040
19.6700001,0.1682451
19.6800003,0.1859040
19.6900005,0.2227769
19.7000008,0.2037364
19.7100010,0.2397078
19.7200012,0.2805629
19.7300014,0.2448558
19.7400017,0.2472891
19.7500000,0.2591131
19.7600002,0.2286330
19.7700005,0.2496958
19.7800007,0.2444162
19.7900009,0.2751259
19.8000011,0.2583696
19.8100014,0.2458365
19.8200016,0.2327498
19.8300018,0.2341139
19.8400002,0.2435322
19.8500004,0.2675449
19.8600006,0.2638135
19.8700008,0.2474377
19.8800011,0.2502731
19.8900013,0.2506703
19.9000015,0.2337877
19.9100018,0.2319654
19.9200001,0.1908759
19.9300003,0.2022737
19.9400005,0.2085185
19.9500008,0.1853399
19.9600010,0.1902275
19.9700012,0.1918642
19.9800014,0.1881435
19.9900017,0.1971684
20.0000000,0.2127302
20.0100002,0.2151929
20.0200005,0.2557091
20.0300007,0.2649009
20.0400009,0.2457626
20.0500011,0.2972331
20.0600014,0.2846138
20.0700016,0.2321164
20.0800018,0.2156505
20.0900002,0.2103887
20.1000004,0.2029229
20.1100006,0.2056560
20.1200008,0.1967308
20.1300011,0.2454317
20.1400013,0.2367604
20.1500015,0.2560300
20.1600018,0.2635357
20.1700001,0.2539157
20.1800003,0.2860440
20.1900005,0.2595868
20.2000008,0.2578082
20.2100010,0.2631592
20.2200012,0.2306911
20.2300014,0.2110250
20.2400017,0.2221441
20.2500019,0.2428700
20.2600002,0.2654081
20.2700005,0.2636186
20.2800007,0.1981404
20.2900009,0.2275599
20.3000011,0.2242071
20.3100014,0.2155626
20.3200016,0.2268822
20.3300018,0.2225474
20.3400002,0.2327826
20.3500004,0.2195490
20.3600006,0.2136898
20.3700008,0.2008434
20.3800011,0.1800222
20.3900013,0.2469794
20.4000015,0.2364528
20.4100018,0.2220539
20.4200001,0.2523195
20.4300003,0.2117365
20.4400005,0.2319121
20.4500008,0.2732026
20.4600010,0.2934618
20.4700012,0.3249295
20.4800014,0.2685187
20.4900017,0.2620283
20.5000019,0.2751006
20.5100002,0.2597188
20.5200005,0.3360058
20.5300007,0.2904454
20.5400009,0.3014857
20.5500011,0.2647664
20.5600014,0.3613370
20.5700016,0.2950281
20.5800018,0.3189036
20.5900002,0.2893259
20.6000004,0.3099035
20.6100006,0.2942322
20.6200008,0.3717663
20.6300011,0.2922294
20.6400013,0.3185329
20.6500015,0.2799636
20.6600018,0.3184538
20.6700001,0.3351637
20.6800003,0.3023037
20.6900005,0.3053808
20.7000008,0.3122633
20.7100010,0.3093233
20.7200012,0.3487417
20.7300014,0.3144081
20.7400017,0.3079526
20.7500019,0.2832026
20.7600002,0.3075784
20.7700005,0.2702969
20.7800007,0.2386682
20.7900009,0.2339527
20.8000011,0.2311178
20.8100014,0.2413515
20.8200016,0.2134328
20.8300018,0.2416498
20.8400002,0.2209651
20.8500004,0.2331903
20.8600006,0.2240221
20.8700008,0.2331843
20.8800011,0.2364331
20.8900013,0.2494471
20.9000015,0.2597817
20.9100018,0.2700025
20.9200001,0.2601598
20.9300003,0.2734615
20.9400005,0.2629454
20.9500008,0.2733960
20.9600010,0.2385384
20.9700012,0.2672540
20.9800014,0.2870931
20.9900017,0.2574346
21.0000019,0.2812851
21.0100002,0.2794199
21.0200005,0.2692596
21.0300007,0.2913981
21.0400009,0.2996475
21.0500011,0.2991589
21.0600014,0.3194939
21.0700016,0.2869893
21.0800018,0.2814399
21.0900002,0.2867534
21.1000004,0.2977189
21.1100006,0.3041020
21.1200008,0.2995712
21.1300011,0.3092807
21.1400013,0.2961223
21.1500015,0.3667422
21.1600018,0.3379498
21.1700001,0.3561876
21.1800003,0.2835770
21.1900005,0.2920503
21.2000008,0.3281857
21.2100010,0.2845498
21.2200012,0.3223326
21.2300014,0.2915132
21.2400017,0.3400533
21.2500019,0.3468530
21.2600002,0.3905101
21.2700005,0.3885775
21.2800007,0.3842816
21.2900009,0.3653789
21.3000011,0.3773561
21.3100014,0.3315191
21.3200016,0.3591346
21.3300018,0.3686969
21.3400002,0.3464255
21.3500004,0.3583583
21.3600006,0.3661021
21.3700008,0.3508177
21.3800011,0.3417198
21.3900013,0.3390960
21.4000015,0.3514831
21.4100018,0.3948860
21.4200001,0.4188069
21.4300003,0.4105771
21.4400005,0.4089632
21.4500008,0.3807176
21.4600010,0.3301429
21.4700012,0.3453228
21.4800014,0.3641120
21.4900017,0.3441686
21.5000019,0.3484026
21.5100002,0.3406339
21.5200005,0.3254314
21.5300007,0.3603127
21.5400009,0.3215179
21.5500011,0.2939786
21.5600014,0.3119498
21.5700016,0.2942842
21.5800018,0.3368304
21.5900002,0.3057476
21.6000004,0.3119833
21.6100006,0.2997251
21.6200008,0.3519948
21.6300011,0.3343975
21.6400013,0.3435637
21.6500015,0.3517580
21.6600018,0.3838010
21.6700001,0.3745799
21.6800003,0.3893811
21.6900005,0.3740651
21.7000008,0.3378669
21.7100010,0.3213031
21.7200012,0.3517766
21.7300014,0.3418771
21.7400017,0.3741753
21.7500019,0.4052871
21.7600002,0.4014099
21.7700005,0.4247160
21.7800007,0.4077045
21.7900009,0.3537322
21.8000011,0.3357780
21.8100014,0.3537863
21.8200016,0.3256345
21.8300018,0.3457013
21.8400002,0.3532301
21.8500004,0.3321497
21.8600006,0.3274251
21.8700008,0.3557145
21.8800011,0.3319781
21.8900013,0.3599692
21.9000015,0.3227108
21.9100018,0.3231596
21.9200020,0.3313133
21.9300003,0.3086005
21.9400005,0.3187939
21.9500008,0.3412622
21.9600010,0.3819607
21.9700012,0.3127010
21.9800014,0.3131878
21.9900017,0.3128664
22.0000019,0.3199756
22.0100002,0.3375195
22.0200005,0.3096410
22.0300007,0.2889967
22.0400009,0.3414428
22.0500011,0.3513740
22.0600014,0.3089361
22.0700016,0.3313338
22.0800018,0.2986917
22.0900002,0.3147050
22.1000004,0.2899047
22.1100006,0.2950083
22.1200008,0.3160592
22.1300011,0.3450762
22.1400013,0.3337055
22.1500015,0.3253606
22.1600018,0.3400728
22.1700020,0.3746396
22.1800003,0.3634070
22.1900005,0.3187960
22.2000008,0.3407790
22.2100010,0.3111711
22.2200012,0.3195890
22.2300014,0.3099815
22.2400017,0.3326825
22.2500019,0.2960389
22.2600002,0.3496498
22.2700005,0.3360740
22.2800007,0.3181370
22.2900009,0.3189881
22.3000011,0.2903360
22.3100014,0.2824315
22.3200016,0.2905525
22.3300018,0.2621001
22.3400002,0.2612754
22.3500004,0.3021579
22.3600006,0.3269429
22.3700008,0.3392622
22.3800011,0.3096444
22.3900013,0.3051708
22.4000015,0.2956319
22.4100018,0.3060679
22.4200020,0.2779271
22.4300003,0.3125056
22.4400005,0.3354885
22.4500008,0.3045310
22.4600010,0.3081418
22.4700012,0.3400546
22.4800014,0.3697895
22.4900017,0.4282796
22.5000019,0.3831952
22.5100002,0.4054838
22.5200005,0.3905923
22.5300007,0.4271118
22.5400009,0.3869301
22.5500011,0.3921945
22.5600014,0.3930281
22.5700016,0.3876028
22.5800018,0.3541557
22.5900002,0.2978140
22.6000004,0.3124255
22.6100006,0.2946250
22.6200008,0.2997041
22.6300011,0.2987302
22.6400013,0.2718821
22.6500015,0.2856278
22.6600018,0.3061672
22.6700020,0.3021482
22.6800003,0.2914833
22.6900005,0.2804425
22.7000008,0.2977445
22.7100010,0.3016528
22.7200012,0.3425980
22.7300014,0.3365442
22.7400017,0.3294767
22.7500019,0.3428214
22.7600002,0.3451992
22.7700005,0.3263730
22.7800007,0.3304768
22.7900009,0.3460279
22.8000011,0.3336578
22.8100014,0.3010864
22.8200016,0.2889830
22.8300018,0.2716268
22.8400002,0.2891562
22.8500004,0.2591515
22.8600006,0.2694662
22.8700008,0.2522831
22.8800011,0.2587048
22.8900013,0.2494157
22.9000015,0.3047438
22.9100018,0.3081983
22.9200020,0.2665419
22.9300003,0.2793117
22.9400005,0.2949901
22.9500008,0.2779000
22.9600010,0.3226080
22.9700012,0.3097308
22.9800014,0.2771554
22.9900017,0.2721846
23.0000019,0.3523761
23.0100002,0.3801644
23.0200005,0.3607935
23.0300007,0.3855085
23.0400009,0.4058194
23.0500011,0.4208214
23.0600014,0.4229068
23.0700016,0.3966427
23.0800018,0.3838605
23.0900002,0.3737673
23.1000004,0.3997782
23.1100006,0.3825553
23.1200008,0.4182931
23.1300011,0.4109306
23.1400013,0.4339242
23.1500015,0.4115783
23.1600018,0.4319311
23.1700020,0.4140794
23.1800003,0.4089600
23.1900005,0.4368322
23.2000008,0.4598654
23.2100010,0.4392886
23.2200012,0.4193818
23.2300014,0.4107177
23.2400017,0.4156797
23.2500019,0.4017552
23.2600002,0.4141322
23.2700005,0.4126354
23.2800007,0.4617815
23.2900009,0.4517204
23.3000011,0.4257757
23.3100014,0.4603110
23.3200016,0.4404580
23.3300018,0.3845931
23.3400021,0.3629034
23.3500004,0.3926130
23.3600006,0.3943954
23.3700008,0.4203677
23.3800011,0.4555021
23.3900013,0.4773631
23.4000015,0.4452056
23.4100018,0.3835155
23.4200020,0.4219329
23.4300003,0.4225452
23.4400005,0.4300568
23.4500008,0.4412005
23.4600010,0.4465277
23.4700012,0.4036776
23.4800014,0.4087470
23.4900017,0.4224986
23.5000019,0.4402110
23.5100002,0.4171756
23.5200005,0.4445492
23.5300007,0.4178930
23.5400009,0.4397232
23.5500011,0.4522525
23.5600014,0.4506061
23.5700016,0.4483763
23.5800018,0.4371552
23.5900021,0.4243786
23.6000004,0.4421803
23.6100006,0.4011194
23.6200008,0.4536827
23.6300011,0.4666145
23.6400013,0.4379835
23.6500015,0.4365672
23.6600018,0.4293427
23.6700020,0.4053146
23.6800003,0.4321852
23.6900005,0.4343621
23.7000008,0.4284542
23.7100010,0.4321150
23.7200012,0.4499878
23.7300014,0.4855641
23.7400017,0.4541073
23.7500019,0.4879205
23.7600002,0.4357792
23.7700005,0.4462043
23.7800007,0.4219203
23.7900009,0.4472196
23.8000011,0.4172164
23.8100014,0.4295088
23.8200016,0.4321724
23.8300018,0.3893760
23.8400021,0.4152700
23.8500004,0.4267769
23.8600006,0.4096310
23.8700008,0.4135755
23.8800011,0.3981776
23.8900013,0.4369075
23.9000015,0.4520530
23.9100018,0.4974727
23.9200020,0.4929776
23.9300003,0.4963276
23.9400005,0.4850768
23.9500008,0.4950891
23.9600010,0.5081420
23.9700012,0.4755616
23.9800014,0.4525527
23.9900017,0.4582594
24.0000019,0.4459726
24.0100002,0.4166559
24.0200005,0.4717171
24.0300007,0.4986521
24.0400009,0.5512221
24.0500011,0.5506796
24.0600014,0.5214179
24.0700016,0.5414200
24.0800018,0.4880378
24.0900021,0.4781680
24.1000004,0.4022007
24.1100006,0.3756284
24.1200008,0.3999806
24.1300011,0.4191346
24.1400013,0.4266389
24.1500015,0.4257511
24.1600018,0.4250791
24.1700020,0.3705428
24.1800003,0.3817756
24.1900005,0.4145648
24.2000008,0.3989793
24.2100010,0.3839957
24.2200012,0.3681965
24.2300014,0.3657531
24.2400017,0.3465120
24.2500019,0.3693342
24.2600002,0.3792062
24.2700005,0.3600671
24.2800007,0.3468266
24.2900009,0.3640549
24.3000011,0.3575886
24.3100014,0.3523018
24.3200016,0.3639758
24.3300018,0.3747026
24.3400021,0.3717166
24.3500004,0.3754585
24.3600006,0.3346875
24.3700008,0.3401474
24.3800011,0.3653325
24.3900013,0.3696766
24.4000015,0.3754906
24.4100018,0.3754623
24.4200020,0.3320240
24.4300003,0.3378527
24.4400005,0.3655429
24.4500008,0.3221695
24.4600010,0.2738177
24.4700012,0.3381214
24.4800014,0.3421719
24.4900017,0.3580586
24.5000019,0.3486755
24.5100002,0.3615918
24.5200005,0.3186657
24.5300007,0.3124070
24.5400009,0.3325940
24.5500011,0.3356102
24.5600014,0.3123671
24.5700016,0.3212976
24.5800018,0.3359488
24.5900021,0.3179730
24.6000004,0.3136625
24.6100006,0.3149580
24.6200008,0.3025778
24.6300011,0.3318411
24.6400013,0.3312989
24.6500015,0.3065611
24.6600018,0.2985987
24.6700020,0.3131644
24.6800003,0.3671822
24.6900005,0.3465912
24.7000008,0.3754708
24.7100010,0.4265708
24.7200012,0.4198507
24.7300014,0.4464960
24.7400017,0.4198140
24.7500019,0.4457152
24.7600002,0.4398372
24.7700005,0.4672899
24.7800007,0.4556818
24.7900009,0.4113763
24.8000011,0.4596892
24.8100014,0.4371197
24.8200016,0.4528196
24.8300018,0.4197133
24.8400021,0.4229443
24.8500004,0.4448486
24.8600006,0.4710511
24.8700008,0.4421434
24.8800011,0.4376979
24.8900013,0.4804869
24.9000015,0.4410926
24.9100018,0.4438111
24.9200020,0.4180254
24.9300003,0.4606480
24.9400005,0.4292266
24.9500008,0.4528646
24.9600010,0.4479769
24.9700012,0.4349799
24.9800014,0.4760857
24.9900017,0.4185970
25.0000019,0.4550943
25.0100021,0.4463459
25.0200005,0.4397007
25.0300007,0.4478450
25.0400009,0.5167595
25.0500011,0.4817195
25.0600014,0.4888858
25.0700016,0.4680510
25.0800018,0.4363710
25.0900021,0.4539544
25.1000004,0.4487410
25.1100006,0.4419775
25.1200008,0.4534209
25.1300011,0.4438606
25.1400013,0.4497960
25.1500015,0.4413269
25.1600018,0.4658867
25.1700020,0.4407501
25.1800003,0.4781195
25.1900005,0.4569538
25.2000008,0.4400163
25.2100010,0.4372269
25.2200012,0.4808138
25.2300014,0.4767884
25.2400017,0.4613857
25.2500019,0.4460706
25.2600021,0.4394086
25.2700005,0.4474407
25.2800007,0.4354497
25.2900009,0.4426082
25.3000011,0.4397429
25.3100014,0.4587071
25.3200016,0.4554555
25.3300018,0.4613639
25.3400021,0.4517486
25.3500004,0.4582851
25.3600006,0.4693051
25.3700008,0.4733341
25.3800011,0.4465315
25.3900013,0.4622552
25.4000015,0.4654472
25.4100018,0.4686324
25.4200020,0.4654889
25.4300003,0.4347009
25.4400005,0.4501103
25.4500008,0.4550311
25.4600010,0.4742644
25.4700012,0.4420129
25.4800014,0.4534282
25.4900017,0.4526971
25.5000019,0.4546602
25.5100021,0.4588365
25.5200005,0.4470789
25.5300007,0.4665987
25.5400009,0.4626847
25.5500011,0.4410624
25.5600014,0.4519746
25.5700016,0.4682873
25.5800018,0.4386629
25.5900021,0.4334072
25.6000004,0.4440856
25.6100006,0.4262385
25.6200008,0.4459807
25.6300011,0.4448608
25.6400013,0.4245644
25.6500015,0.3982528
25.6600018,0.4361223
25.6700020,0.4725007
25.6800003,0.4970702
25.6900005,0.4671673
25.7000008,0.4857679
25.7100010,0.4488887
25.7200012,0.4325773
25.7300014,0.4469745
25.7400017,0.4453880
25.7500019,0.4557344
25.7600021,0.4408633
25.7700005,0.4228334
25.7800007,0.4568045
25.7900009,0.4232471
25.8000011,0.4431736
25.8100014,0.4308969
25.8200016,0.4152893
25.8300018,0.4256072
25.8400021,0.4477853
25.8500004,0.4701787
25.8600006,0.4592949
25.8700008,0.4381612
25.8800011,0.4510391
25.8900013,0.4310589
25.9000015,0.4263110
25.9100018,0.4374088
25.9200020,0.4085246
25.9300003,0.4168348
25.9400005,0.4304088
25.9500008,0.4501259
25.9600010,0.4282335
25.9700012,0.4401714
25.9800014,0.4243226
25.9900017,0.4223872
26.0000019,0.4443442
26.0100021,0.3927802
26.0200005,0.3493194
26.0300007,0.3487321
26.0400009,0.3886678
26.0500011,0.3578975
26.0600014,0.3484935
26.0700016,0.3094670
26.0800018,0.3142312
26.0900021,0.3404485
26.1000004,0.3072366
26.1100006,0.3063292
26.1200008,0.3054684
26.1300011,0.3560748
26.1400013,0.3753431
26.1500015,0.3429071
26.1600018,0.3556612
26.1700020,0.3650599
26.1800003,0.3548660
26.1900005,0.3421637
26.2000008,0.3430844
26.2100010,0.3740862
26.2200012,0.3745425
26.2300014,0.3714021
26.2400017,0.3857549
26.2500019,0.3864423
26.2600021,0.3715116
26.2700005,0.3684426
26.2800007,0.3742970
26.2900009,0.3875351
26.3000011,0.4479250
26.3100014,0.3949307
26.3200016,0.3652983
26.3300018,0.3293097
26.3400021,0.3927449
26.3500004,0.3713632
26.3600006,0.3839679
26.3700008,0.3713795
26.3800011,0.3695961
26.3900013,0.3540346
26.4000015,0.3701845
26.4100018,0.3045176
26.4200020,0.2919099
26.4300003,0.2734869
26.4400005,0.2899179
26.4500008,0.2620701
26.4600010,0.2783464
26.4700012,0.2862725
26.4800014,0.2623644
26.4900017,0.2449692
26.5000019,0.2285902
26.5100021,0.2314845
26.5200005,0.2237160
26.5300007,0.2298466
26.5400009,0.2822826
26.5500011,0.3595107
26.5600014,0.3459944
26.5700016,0.3708053
26.5800018,0.3764420
26.5900021,0.3602616
26.6000004,0.4758022
26.6100006,0.4582235
26.6200008,0.4716738
26.6300011,0.4465534
26.6400013,0.4311092
26.6500015,0.4136477
26.6600018,0.5100390
26.6700020,0.5054528
26.6800022,0.5516288
26.6900005,0.5772777
26.7000008,0.5875076
26.7100010,0.5075408
26.7200012,0.5434888
26.7300014,0.5255272
26.7400017,0.5160297
26.7500019,0.4740697
26.7600021,0.5832967
26.7700005,0.5201974
26.7800007,0.5569645
26.7900009,0.4938360
26.8000011,0.5021498
26.8100014,0.5131835
26.8200016,0.4672936
26.8300018,0.4973626
26.8400021,0.4903479
26.8500004,0.5618544
26.8600006,0.4980098
26.8700008,0.5123363
26.8800011,0.4811572
26.8900013,0.4864806
26.9000015,0.4821159
26.9100018,0.5280216
26.9200020,0.4933013
26.9300022,0.5216603
26.9400005,0.5040890
26.9500008,0.5479996
26.9600010,0.4594220
26.9700012,0.4970219
26.9800014,0.5108408
26.9900017,0.5092113
27.0000019,0.4667231
27.0100021,0.5190582
27.0200005,0.5501874
27.0300007,0.5957667
27.0400009,0.5975614
27.0500011,0.5714499
27.0600014,0.5865158
27.0700016,0.5302147
27.0800018,0.5734092
27.0900021,0.4811330
27.1000004,0.4712533
27.1100006,0.5079442
27.1200008,0.4913473
27.1300011,0.4653921
27.1400013,0.4287832
27.1500015,0.4043902
27.1600018,0.3868912
27.1700020,0.4131132
27.1800022,0.4054822
27.1900005,0.3842805
27.2000008,0.4081515
27.2100010,0.3913198
27.2200012,0.3956158
27.2300014,0.3669002
27.2400017,0.4337605
27.2500019,0.4671582
27.2600021,0.4751898
27.2700005,0.4815515
27.2800007,0.4339367
27.2900009,0.4919387
27.3000011,0.5317216
27.3100014,0.5479904
27.3200016,0.5752860
27.3300018,0.6601754
27.3400021,0.7062529
27.3500004,0.6571893
27.3600006,0.7023932
27.3700008,0.6717498
27.3800011,0.6603517
27.3900013,0.6449805
27.4000015,0.7091337
27.4100018,0.7121574
27.4200020,0.7343464
27.4300022,0.7265960
27.4400005,0.7133030
27.4500008,0.8372512
27.4600010,0.8156494
27.4700012,0.7863141
27.4800014,0.7912854
27.4900017,0.7713896
27.5000019,0.7407670
27.5100021,0.6899220
27.5200005,0.6713955
27.5300007,0.6485081
27.5400009,0.6542129
27.5500011,0.6397390
27.5600014,0.6930087
27.5700016,0.7092500
27.5800018,0.7057835
27.5900021,0.6942387
27.6000004,0.6919154
27.6100006,0.6935950
27.6200008,0.7005013
27.6300011,0.7170975
27.6400013,0.7050901
27.6500015,0.6821011
27.6600018,0.6506140
27.6700020,0.7127685
27.6800022,0.6826170
27.6900005,0.6775841
27.7000008,0.6947166
27.7100010,0.6976508
27.7200012,0.6839083
27.7300014,0.6585636
27.7400017,0.6513782
27.7500019,0.6211669
27.7600021,0.6577213
27.7700005,0.6228507
27.7800007,0.5939034
27.7900009,0.6354527
27.8000011,0.6278445
27.8100014,0.6720635
27.8200016,0.6863188
27.8300018,0.6726882
27.8400021,0.6591272
27.8500004,0.6071054
27.8600006,0.6224254
27.8700008,0.5901998
27.8800011,0.5915476
27.8900013,0.6032343
27.9000015,0.6155768
27.9100018,0.6458625
27.9200020,0.6228137
27.9300022,0.6098063
27.9400005,0.5994398
27.9500008,0.5993955
27.9600010,0.5875794
27.9700012,0.5935109
27.9800014,0.6084062
27.9900017,0.5947281
28.0000019,0.5821034
28.0100021,0.5785376
28.0200005,0.5962527
28.0300007,0.5825658
28.0400009,0.5830708
28.0500011,0.5848163
28.0600014,0.5912352
28.0700016,0.5643595
28.0800018,0.5789075
28.0900021,0.6174206
28.1000004,0.6529164
28.1100006,0.5755922
28.1200008,0.5968316
28.1300011,0.6183419
28.1400013,0.6191403
28.1500015,0.6018475
28.1600018,0.5823202
28.1700020,0.6163893
28.1800022,0.5988563
28.1900005,0.6037738
28.2000008,0.6157925
28.2100010,0.5875725
28.2200012,0.5993659
28.2300014,0.6469485
28.2400017,0.6099185
28.2500019,0.6103393
28.2600021,0.6581870
28.2700005,0.6293339
28.2800007,0.6043572
28.2900009,0.5682909
28.3000011,0.5665892
28.3100014,0.5412923
28.3200016,0.5775208
28.3300018,0.5572253
28.3400021,0.5677959
28.3500023,0.5769964
28.3600006,0.5729634
28.3700008,0.5804438
28.3800011,0.5811309
28.3900013,0.5909792
28.4000015,0.5903215
28.4100018,0.6134659
28.4200020,0.6022017
28.4300022,0.6296381
28.4400005,0.6404535
28.4500008,0.6324717
28.4600010,0.6108661
28.4700012,0.6196719
28.4800014,0.6152983
28.4900017,0.6195796
28.5000019,0.6250467
28.5100021,0.6218089
28.5200005,0.6290265
28.5300007,0.6295739
28.5400009,0.6330608
28.5500011,0.6396497
28.5600014,0.6247216
28.5700016,0.6158273
28.5800018,0.6306308
28.5900021,0.6307198
28.6000023,0.6200952
28.6100006,0.5844456
28.6200008,0.5543125
28.6300011,0.5430177
28.6400013,0.6004345
28.6500015,0.6279300
28.6600018,0.5617093
28.6700020,0.5440891
28.6800022,0.5487789
28.6900005,0.5377168
28.7000008,0.5616378
28.7100010,0.5841994
28.7200012,0.5829211
28.7300014,0.5773121
28.7400017,0.5864522
28.7500019,0.5845353
28.7600021,0.6042928
28.7700005,0.5859690
28.7800007,0.5945771
28.7900009,0.5974894
28.8000011,0.5951654
28.8100014,0.5528569
28.8200016,0.5816608
28.8300018,0.5317116
28.8400021,0.5306788
28.8500023,0.5409874
28.8600006,0.5448275
28.8700008,0.5445106
28.8800011,0.5584103
28.8900013,0.5502933
28.9000015,0.5436100
28.9100018,0.5622526
28.9200020,0.5390646
28.9300022,0.5498869
28.9400005,0.5537790
28.9500008,0.5432966
28.9600010,0.5315326
28.9700012,0.5616016
28.9800014,0.5697380
28.9900017,0.5665369
29.0000019,0.5333449
29.0100021,0.5407379
29.0200005,0.5653723
29.0300007,0.5926226
29.0400009,0.6046225
29.0500011,0.5907444
29.0600014,0.6122409
29.0700016,0.6036748
29.0800018,0.6069652
29.0900021,0.6938059
29.1000023,0.7206584
29.1100006,0.7297925
29.1200008,0.6891450
29.1300011,0.6985851
29.1400013,0.7198145
29.1500015,0.7351910
29.1600018,0.7803414
29.1700020,0.7276442
29.1800022,0.7948344
29.1900005,0.8380000
29.2000008,0.8086081
29.2100010,0.8482505
29.2200012,0.8557091
29.2300014,0.9055033
29.2400017,0.8813099
29.2500019,0.8877328
29.2600021,0.8776534
29.2700005,0.8945740
29.2800007,0.8672065
29.2900009,0.8787415
29.3000011,0.7611946
29.3100014,0.8574838
29.3200016,0.8894309
29.3300018,0.8345978
29.3400021,0.7788593
29.3500023,0.8235028
29.3600006,0.7851340
29.3700008,0.7957569
29.3800011,0.7645567
29.3900013,0.8532287
29.4000015,0.8853698
29.4100018,0.9040474
29.4200020,0.8471035
29.4300022,0.8874573
29.4400005,0.8638003
29.4500008,0.8571483
29.4600010,0.8085646
29.4700012,0.8173258
29.4800014,0.7632757
29.4900017,0.7852421
29.5000019,0.7802374
29.5100021,0.8279763
29.5200005,0.8840578
29.5300007,0.7590783
29.5400009,0.7274221
29.5500011,0.7506006
29.5600014,0.7203003
29.5700016,0.7086382
29.5800018,0.7334838
29.5900021,0.7147111
29.6000023,0.7074660
29.6100006,0.7091829
29.6200008,0.6965224
29.6300011,0.7332310
29.6400013,0.7351222
29.6500015,0.7515530
29.6600018,0.7617847
29.6700020,0.7575857
29.6800022,0.7387959
29.6900005,0.7373223
29.7000008,0.7627438
29.7100010,0.7840766
29.7200012,0.7964331
29.7300014,0.7671617
29.7400017,0.7753410
29.7500019,0.7979273
29.7600021,0.8162006
29.7700024,0.8067104
29.7800007,0.8405895
29.7900009,0.8423036
29.8000011,0.8195549
29.8100014,0.8052882
29.8200016,0.7594057
29.8300018,0.7896972
29.8400021,0.8329553
29.8500023,0.9155623
29.8600006,0.7990215
29.8700008,0.7851825
29.8800011,0.8839125
29.8900013,0.9470218
29.9000015,0.9584653
29.9100018,0.9037594
29.9200020,0.9128888
29.9300022,0.8929729
29.9400005,0.9334228
29.9500008,0.9071707
29.9600010,0.8775812
29.9700012,0.8453413
29.9800014,0.8468381
29.9900017,0.8503868
30.0000019,0.8614237
30.0100021,0.8242472
30.0200024,0.8910325
30.0300007,0.8414727
30.0400009,0.8560262
30.0500011,0.8555222
30.0600014,0.7834169
30.0700016,0.7562584
30.0800018,0.7572515
30.0900021,0.7522889
30.1000023,0.7459161
30.1100006,0.7903639
30.1200008,0.8494741
30.1300011,0.7759953
30.1400013,0.8421844
30.1500015,0.8917950
30.1600018,0.9178745
30.1700020,0.9373174
30.1800022,0.9324850
30.1900005,0.9400541
30.2000008,0.9026859
30.2100010,0.9591571
30.2200012,1.0197984
30.2300014,1.0552913
30.2400017,0.9791759
30.2500019,0.9642939
30.2600021,0.9520880
30.2700024,0.9801678
30.2800007,0.8849908
30.2900009,0.9125544
30.3000011,0.9075484
30.3100014,0.9162366
30.3200016,0.8876843
30.3300018,0.8888445
30.3400021,0.9419022
30.3500023,0.8974919
30.3600006,0.8645591
30.3700008,0.8784335
30.3800011,0.9701601
30.3900013,1.0169287
30.4000015,0.8218201
30.4100018,0.8029659
30.4200020,0.7241452
30.4300022,0.7455301
30.4400005,0.7675188
30.4500008,0.8414025
30.4600010,0.8133926
30.4700012,0.8205875
30.4800014,0.8936064
30.4900017,0.9459082
30.5000019,0.8065334
30.5100021,0.7219903
30.5200024,0.7533196
30.5300007,0.7945971
30.5400009,0.7313319
30.5500011,0.7288953
30.5600014,0.6711015
30.5700016,0.6804487
30.5800018,0.7496639
30.5900021,0.7812415
30.6000023,0.7353084
30.6100006,0.7426468
30.6200008,0.7314007
30.6300011,0.6673675
30.6400013,0.6900437
30.6500015,0.6970857
30.6600018,0.6413036
30.6700020,0.5942496
30.6800022,0.6029084
30.6900005,0.5793035
30.7000008,0.5654852
30.7100010,0.5414963
30.7200012,0.5155024
30.7300014,0.5017176
30.7400017,0.4891490
30.7500019,0.4957225
30.7600021,0.5367396
30.7700024,0.5164672
30.7800007,0.4724738
30.7900009,0.4698927
30.8000011,0.4794051
30.8100014,0.4740201
30.8200016,0.4358673
30.8300018,0.4481094
30.8400021,0.4849314
30.8500023,0.4795972
30.8600006,0.4691718
30.8700008,0.4811263
30.8800011,0.4742628
30.8900013,0.4758487
30.9000015,0.4407792
30.9100018,0.4716384
30.9200020,0.4298313
30.9300022,0.4485377
30.9400005,0.4842862
30.9500008,0.4802769
30.9600010,0.4933448
30.9700012,0.4866104
30.9800014,0.4679250
30.9900017,0.4972533
31.0000019,0.4940621
31.0100021,0.5035088
31.0200024,0.4985909
31.0300007,0.4795328
31.0400009,0.5484822
31.0500011,0.5731447
31.0600014,0.5568640
31.0700016,0.5272539
31.0800018,0.5351484
31.0900021,0.4815785
31.1000023,0.5154118
31.1100006,0.5299965
31.1200008,0.4785244
31.1300011,0.4749050
31.1400013,0.4982029
31.1500015,0.4794131
31.1600018,0.4905401
31.1700020,0.4938527
31.1800022,0.5206920
31.1900005,0.5621926
31.2000008,0.5756463
31.2100010,0.5856843
31.2200012,0.5754297
31.2300014,0.5520111
31.2400017,0.5885779
31.2500019,0.5862005
31.2600021,0.6205481
31.2700024,0.6018771
31.2800007,0.6060237
31.2900009,0.5808676
31.3000011,0.6197063
31.3100014,0.5707042
31.3200016,0.6120898
31.3300018,0.5922748
31.3400021,0.5896854
31.3500023,0.5494644
31.3600006,0.5264708
31.3700008,0.5357084
31.3800011,0.5390774
31.3900013,0.5161844
31.4000015,0.5316969
31.4100018,0.5442184
31.4200020,0.5353959
31.4300022,0.5357189
31.4400024,0.5611634
31.4500008,0.5596520
31.4600010,0.5800519
31.4700012,0.5375186
31.4800014,0.5987473
31.4900017,0.5328700
31.5000019,0.5359046
31.5100021,0.5515059
31.5200024,0.5401623
31.5300007,0.5565292
31.5400009,0.5284310
31.5500011,0.5634999
31.5600014,0.5666912
31.5700016,0.5898457
31.5800018,0.5651746
31.5900021,0.5908987
31.6000023,0.6209568
31.6100006,0.5932015
31.6200008,0.5612897
31.6300011,0.6922576
31.6400013,0.7085132
31.6500015,0.7652249
31.6600018,0.7752175
31.6700020,0.6951555
31.6800022,0.6936468
31.6900024,0.6379128
31.7000008,0.7281429
31.7100010,0.7316595
31.7200012,0.7634323
31.7300014,0.8103663
31.7400017,0.7862757
31.7500019,0.8308216
31.7600021,0.8695688
31.7700024,0.8092403
31.7800007,0.8122354
31.7900009,0.8114566
31.8000011,0.7858800
31.8100014,0.8651823
31.8200016,0.8800293
31.8300018,0.8297448
31.8400021,0.8211775
31.8500023,0.8209949
31.8600006,0.8363332
31.8700008,0.8742563
31.8800011,0.8917248
31.8900013,0.8553869
31.9000015,0.9116436
31.9100018,0.8330206
31.9200020,0.8995562
31.9300022,0.9414923
31.9400024,0.8972587
31.9500008,0.8447991
31.9600010,0.8415129
31.9700012,0.8994163
31.9800014,0.8793662
31.9900017,0.8583113
32.0000000,0.8108966
32.0100021,0.8703520
32.0200005,0.8680422
32.0300026,0.8576004
32.0400009,0.8533949
32.0500031,0.8552277
32.0600014,0.7945393
32.0699997,0.8083268
32.0800018,0.7643498
32.0900002,0.7779043
32.1000023,0.7651045
32.1100006,0.7529651
32.1200027,0.7371394
32.1300011,0.7108822
32.1400032,0.7246849
32.1500015,0.7618012
32.1599998,0.7515206
32.1700020,0.8191559
32.1800003,0.8835092
32.1900024,0.7960757
32.2000008,0.7895320
32.2100029,0.7591890
32.2200012,0.7696411
32.2300034,0.7994674
32.2400017,0.8611656
32.2500000,0.8466830
32.2600021,0.8144751
32.2700005,0.7812234
32.2800026,0.7141193
32.2900009,0.6936447
32.3000031,0.6954926
32.3100014,0.7671615
32.3199997,0.7695724
32.3300018,0.8011888
32.3400002,0.8006192
32.3500023,0.8561648
32.3600006,0.8016900
32.3700027,0.7977301
32.3800011,0.8783168
32.3900032,0.8640129
32.4000015,0.8225355
32.4099998,0.7244167
32.4200020,0.7851642
32.4300003,0.8188508
32.4400024,0.7459642
32.4500008,0.8059773
32.4600029,0.8350012
32.4700012,0.7290325
32.4800034,0.6966765
32.4900017,0.7896451
32.5000000,0.8072798
32.5100021,0.8026336
32.5200005,0.7842209
32.5300026,0.7805716
32.5400009,0.7841690
32.5500031,0.7601460
32.5600014,0.7415987
32.5699997,0.7495224
32.5800018,0.7672905
32.5900002,0.7722521
32.6000023,0.8551736
32.6100006,0.8891628
32.6200027,0.8447532
32.6300011,0.8388032
32.6400032,0.8553430
32.6500015,0.9566680
32.6599998,0.9920087
32.6700020,0.9705813
32.6800003,1.0401015
32.6900024,1.0777766
32.7000008,0.9761915
32.7100029,0.8826717
32.7200012,0.8190711
32.7300034,0.8602015
32.7400017,0.8592658
32.7500000,0.9890006
32.7600021,1.0366071
32.7700005,0.9871180
32.7800026,1.0352708
32.7900009,1.1816461
32.8000031,1.1533397
32.8100014,1.1676023
32.8199997,1.0891296
32.8300018,0.9982788
32.8400002,0.9610804
32.8500023,0.9090879
32.8600006,0.8474081
32.8700027,0.8437775
32.8800011,0.8633297
32.8900032,0.8365126
32.9000015,0.8469898
32.9099998,0.8200746
32.9200020,0.8521330
32.9300003,0.8992414
32.9400024,0.8486733
32.9500008,0.8547910
32.9600029,0.8437232
32.9700012,0.8744697
32.9800034,0.8693526
32.9900017,0.8774680
33.0000000,0.8488384
33.0100021,0.8641152
33.0200005,0.8547944
33.0300026,0.8441290
33.0400009,0.8567032
33.0500031,0.8561651
33.0600014,0.8425356
33.0699997,0.8358431
33.0800018,0.8325840
33.0900002,0.8123639
33.1000023,0.8772566
33.1100006,0.8842704
33.1200027,0.9086583
33.1300011,0.8966951
33.1400032,0.8468635
33.1500015,0.8213188
33.1599998,0.7950407
33.1700020,0.7932193
33.1800003,0.7924901
33.1900024,0.8011544
33.2000008,0.7864045
33.2100029,0.7782243
33.2200012,0.7895451
33.2300034,0.7605391
33.2400017,0.7672958
33.2500000,0.7721406
33.2600021,0.7653676
33.2700005,0.7978133
33.2800026,0.7896206
33.2900009,0.8310081
33.3000031,0.7874044
33.3100014,0.7201886
33.3199997,0.7333142
33.3300018,0.7197978
33.3400002,0.7108151
33.3500023,0.6796734
33.3600006,0.7069510
33.3700027,0.7090619
33.3800011,0.7111427
33.3900032,0.6798882
33.4000015,0.6822201
33.4099998,0.6985936
33.4200020,0.6733453
33.4300003,0.6878335
33.4400024,0.6597630
33.4500008,0.6858021
33.4600029,0.7076956
33.4700012,0.6625561
33.4800034,0.6541869
33.4900017,0.6186923
33.5000000,0.6258045
33.5100021,0.6489400
33.5200005,0.6414358
33.5300026,0.6460561
33.5400009,0.7341803
33.5500031,0.6807213
33.5600014,0.6656456
33.5699997,0.6778475
33.5800018,0.6625701
33.5900002,0.6655439
33.6000023,0.6880089
33.6100006,0.7146642
33.6200027,0.7355807
33.6300011,0.7775543
33.6400032,0.7883840
33.6500015,0.7349306
33.6599998,0.7682238
33.6700020,0.7087521
33.6800003,0.7353792
33.6900024,0.7711601
33.7000008,0.7294298
33.7100029,0.7659568
33.7200012,0.7284870
33.7300034,0.7619473
33.7400017,0.8373497
33.7500000,0.8529425
33.7600021,0.8121990
33.7700005,0.7951741
33.7800026,0.8203027
33.7900009,0.8326219
33.8000031,0.8077773
33.8100014,0.7790025
33.8200035,0.8310522
33.8300018,0.8190724
33.8400002,0.8133111
33.8500023,0.8688410
33.8600006,0.8305865
33.8700027,0.8868473
33.8800011,0.8598741
33.8900032,0.8912153
33.9000015,0.8647270
33.9099998,0.8793156
33.9200020,0.9004335
33.9300003,0.8876967
33.9400024,0.8889625
33.9500008,0.8387576
33.9600029,0.8643659
33.9700012,0.9126160
33.9800034,0.8751405
33.9900017,0.8680389
34.0000000,0.9068074
34.0100021,0.8637748
34.0200005,0.9319088
34.0300026,0.8621010
34.0400009,0.8517547
34.0500031,0.9035115
34.0600014,0.8920729
34.0700035,0.8487405
34.0800018,0.8815256
34.0900002,0.8847017
34.1000023,0.8949164
34.1100006,0.8431574
34.1200027,0.8719520
34.1300011,0.9198864
34.1400032,0.9607016
34.1500015,0.9104452
34.1599998,0.9120727
34.1700020,0.8765076
34.1800003,0.8740116
34.1900024,0.8698441
34.2000008,0.8853908
34.2100029,0.8692678
34.2200012,0.8556686
34.2300034,0.8945034
34.2400017,0.9157290
34.2500000,0.8792456
34.2600021,0.8748851
34.2700005,0.8605635
34.2800026,0.8483638
34.2900009,0.8520006
34.3000031,0.8457376
34.3100014,0.8307215
34.3200035,0.8773901
34.3300018,0.8483693
34.3400002,0.9114645
34.3500023,0.8907107
34.3600006,0.8860976
34.3700027,0.8544267
34.3800011,0.8664628
34.3900032,0.8742743
34.4000015,0.8437899
34.4099998,0.8251634
34.4200020,0.8988919
34.4300003,0.8660492
34.4400024,0.8896554
34.4500008,0.8190143
34.4600029,0.7823716
34.4700012,0.7663872
34.4800034,0.7891352
34.4900017,0.7959932
34.5000000,0.8245798
34.5100021,0.8625737
34.5200005,0.8107495
34.5300026,0.7909479
34.5400009,0.7853951
34.5500031,0.7809308
34.5600014,0.7291694
34.5700035,0.7857780
34.5800018,0.7391942
34.5900002,0.7692522
34.6000023,0.7615355
34.6100006,0.7129632
34.6200027,0.7746117
34.6300011,0.7856602
34.6400032,0.8242038
34.6500015,0.7711650
34.6599998,0.7977436
34.6700020,0.8196179
34.6800003,0.7726192
34.6900024,0.7823402
34.7000008,0.8567435
34.7100029,0.8174551
34.7200012,0.7123192
34.7300034,0.7596875
34.7400017,0.7327465
34.7500000,0.8029643
34.7600021,0.8797517
34.7700005,0.8870749
34.7800026,0.9200687
34.7900009,0.8984010
34.8000031,0.8792980
34.8100014,0.8461857
34.8200035,0.9046009
34.8300018,0.9163091
34.8400002,0.9363018
34.8500023,0.9244799
34.8600006,0.9058617
34.8700027,0.8962964
34.8800011,0.9079881
34.8900032,0.9025098
34.9000015,0.8569212
34.9099998,0.8712509
34.9200020,0.8328136
34.9300003,0.8607774
34.9400024,0.8197330
34.9500008,0.8467784
34.9600029,0.8272252
34.9700012,0.8808917
34.9800034,0.8953919
34.9900017,0.9059336
35.0000000,0.8449211
35.0100021,0.8264483
35.0200005,0.8279477
35.0300026,0.8114857
35.0400009,0.8049855
35.0500031,0.8219340
35.0600014,0.7839161
35.0700035,0.7981356
35.0800018,0.8792216
35.0900002,0.8968611
35.1000023,0.9021880
35.1100006,0.9069312
35.1200027,0.9066121
35.1300011,0.8843712
35.1400032,0.8803325
35.1500015,0.8702727
35.1599998,0.9059858
35.1700020,0.9056350
35.1800003,0.9284965
35.1900024,0.9437341
35.2000008,0.9475272
35.2100029,0.9102196
35.2200012,0.8671755
35.2300034,0.8667893
35.2400017,0.8327278
35.2500000,0.7952540
35.2600021,0.8455746
35.2700005,0.8081002
35.2800026,0.8271063
35.2900009,0.8058867
35.3000031,0.7946922
35.3100014,0.8098716
35.3200035,0.8011298
35.3300018,0.8034185
35.3400002,0.8087693
35.3500023,0.8068671
35.3600006,0.8063463
35.3700027,0.8014824
35.3800011,0.8230940
35.3900032,0.8114358
35.4000015,0.8714110
35.4099998,0.8729151
35.4200020,0.8858008
35.4300003,0.8888230
35.4400024,0.9203976
35.4500008,0.8977866
35.4600029,0.9226435
35.4700012,0.8514118
35.4800034,0.8532297
35.4900017,0.7834314
35.5000000,0.7960778
35.5100021,0.8515245
35.5200005,0.8843331
35.5300026,0.8776855
35.5400009,0.8853414
35.5500031,0.9595712
35.5600014,0.9303691
35.5700035,0.9191020
35.5800018,0.9611214
35.5900002,0.9501277
35.6000023,0.8842984
35.6100006,0.9281698
35.6200027,0.9130307
35.6300011,0.8984754
35.6400032,0.8701835
35.6500015,0.9112338
35.6599998,0.8792131
35.6700020,0.8764324
35.6800003,0.8516974
35.6900024,0.8795770
35.7000008,0.9016984
35.7100029,0.8985780
35.7200012,0.8995003
35.7300034,0.9348379
35.7400017,0.9247518
35.7500000,0.8846908
35.7600021,0.9086205
35.7700005,0.8880222
35.7800026,0.8739074
35.7900009,0.7897104
35.8000031,0.8041356
35.8100014,0.8720586
35.8200035,0.9063274
35.8300018,0.8623888
35.8400002,0.8673342
35.8500023,0.7956211
35.8600006,0.8130883
35.8700027,0.7410168
35.8800011,0.7496716
35.8900032,0.7544355
35.9000015,0.8128964
35.9099998,0.8792645
35.9200020,0.8358892
35.9300003,0.7843854
35.9400024,0.8342962
35.9500008,0.8547812
35.9600029,0.8278050
35.9700012,0.8306242
35.9800034,0.8790705
35.9900017,0.8855637
36.0000000,0.8553213
36.0100021,0.8324276
36.0200005,0.7940583
36.0300026,0.7886033
36.0400009,0.8672869
36.0500031,0.8357515
36.0600014,0.9075709
36.0700035,0.9044167
36.0800018,0.8943064
36.0900002,0.8990841
36.1000023,0.9142169
36.1100006,0.8966131
36.1200027,0.9275135
36.1300011,0.9329817
36.1400032,0.9627081
36.1500015,0.9582266
36.1599998,0.9551541
36.1700020,0.9036179
36.1800003,0.9139289
36.1900024,0.9063996
36.2000008,0.8966085
36.2100029,0.8794851
36.2200012,0.8998973
36.2300034,0.9029007
36.2400017,0.8583611
36.2500000,0.8267404
36.2600021,0.7973558
36.2700005,0.8739571
36.2800026,0.8656647
36.2900009,0.8031296
36.3000031,0.9048232
36.3100014,0.9058240
36.3200035,0.8640649
36.3300018,0.8710678
36.3400002,0.8836752
36.3500023,0.8967708
36.3600006,0.9316753
36.3700027,0.9290974
36.3800011,0.9073497
36.3900032,0.8684935
36.4000015,0.8774276
36.4099998,0.8871617
36.4200020,0.8574465
36.4300003,0.8868439
36.4400024,0.8402703
36.4500008,0.8830757
36.4600029,0.8051596
36.4700012,0.8198956
36.4800034,0.8714542
36.4900017,0.8223575
36.5000000,0.8324432
36.5100021,0.8668683
36.5200005,0.7873446
36.5300026,0.7719816
36.5400009,0.7841719
36.5500031,0.7650425
36.5600014,0.7800343
36.5700035,0.7383251
36.5800018,0.7538186
36.5900002,0.7574052
36.6000023,0.7785310
36.6100006,0.7678015
36.6200027,0.7874572
36.6300011,0.7958729
36.6400032,0.8255218
36.6500015,0.8132793
36.6599998,0.7995677
36.6700020,0.8012989
36.6800003,0.8142710
36.6900024,0.8344139
36.7000008,0.8353450
36.7100029,0.7968786
36.7200012,0.8576890
36.7300034,0.8187360
36.7400017,0.8215501
36.7500000,0.8670616
36.7600021,0.8638850
36.7700005,0.8820980
36.7800026,0.8640850
36.7900009,0.8306122
36.8000031,0.8053316
36.8100014,0.8338377
36.8200035,0.7705472
36.8300018,0.7712359
36.8400002,0.7684387
36.8500023,0.7928242
36.8600006,0.8181726
36.8700027,0.8146713
36.8800011,0.8181878
36.8900032,0.8187295
36.9000015,0.7943974
36.9099998,0.7809193
36.9200020,0.7947472
36.9300003,0.7923938
36.9400024,0.8085892
36.9500008,0.8845216
36.9600029,0.8139968
36.9700012,0.7793357
36.9800034,0.7927765
36.9900017,0.7756024
37.0000000,0.7927400
37.0100021,0.7781056
37.0200005,0.7742216
37.0300026,0.7885625
37.0400009,0.7820943
37.0500031,0.7783046
37.0600014,0.8369867
37.0700035,0.8646080
37.0800018,0.8195944
37.0900002,0.7845627
37.1000023,0.7589933
37.1100006,0.8083550
37.1200027,0.7929747
37.1300011,0.7874724
37.1400032,0.8052067
37.1500015,0.7923172
37.1600037,0.8118299
37.1700020,0.7905073
37.1800003,0.7859658
37.1900024,0.7931081
37.2000008,0.7877997
37.2100029,0.7586310
37.2200012,0.7705393
37.2300034,0.7684557
37.2400017,0.7684135
37.2500000,0.7760625
37.2600021,0.7627499
37.2700005,0.7773802
37.2800026,0.7516067
37.2900009,0.7322684
37.3000031,0.7550960
37.3100014,0.7365809
37.3200035,0.7367198
37.3300018,0.7442408
37.3400002,0.7194462
37.3500023,0.7463844
37.3600006,0.7561543
37.3700027,0.7610151
37.3800011,0.7465096
37.3900032,0.7351490
37.4000015,0.7121712
37.4100037,0.6919732
37.4200020,0.7107103
37.4300003,0.6863059
37.4400024,0.6507777
37.4500008,0.6616555
37.4600029,0.6490786
37.4700012,0.6511095
37.4800034,0.6049115
37.4900017,0.6141111
37.5000000,0.6373090
37.5100021,0.6254077
37.5200005,0.6829436
37.5300026,0.6741262
37.5400009,0.6925446
37.5500031,0.6985205
37.5600014,0.7229861
37.5700035,0.7174460
37.5800018,0.7105327
37.5900002,0.7589672
37.6000023,0.7329911
37.6100006,0.6859706
37.6200027,0.6930394
37.6300011,0.7115910
37.6400032,0.6834951
37.6500015,0.7168508
37.6600037,0.7779121
37.6700020,0.7546460
37.6800003,0.7347814
37.6900024,0.7247441
37.7000008,0.7630085
37.7100029,0.7542477
37.7200012,0.7737803
37.7300034,0.7875487
37.7400017,0.7888615
37.7500000,0.7666187
37.7600021,0.7723044
37.7700005,0.7969145
37.7800026,0.7596419
37.7900009,0.7820778
37.8000031,0.8027693
37.8100014,0.7845588
37.8200035,0.7882692
37.8300018,0.8135002
37.8400002,0.8192440
37.8500023,0.8496131
37.8600006,0.8238469
37.8700027,0.8005244
37.8800011,0.7919005
37.8900032,0.7787002
37.9000015,0.7724993
37.9100037,0.7265884
37.9200020,0.7034234
37.9300003,0.7194232
37.9400024,0.6994580
37.9500008,0.7150369
37.9600029,0.8016335
37.9700012,0.7227631
37.9800034,0.7652730
37.9900017,0.7397547
38.0000000,0.7323509
38.0100021,0.7466977
38.0200005,0.7187056
38.0300026,0.7274109
38.0400009,0.7191843
38.0500031,0.7289677
38.0600014,0.7597916
38.0700035,0.7494892
38.0800018,0.7659634
38.0900002,0.7484823
38.1000023,0.7425998
38.1100006,0.7369835
38.1200027,0.7190968
38.1300011,0.7329075
38.1400032,0.7226806
38.1500015,0.7184296
38.1600037,0.7558725
38.1700020,0.7422197
38.1800003,0.7381489
38.1900024,0.7335163
38.2000008,0.7239018
38.2100029,0.7561055
38.2200012,0.7451724
38.2300034,0.7634758
38.2400017,0.7271845
38.2500000,0.7620287
38.2600021,0.7817249
38.2700005,0.7955351
38.2800026,0.8041957
38.2900009,0.8023480
38.3000031,0.7805140
38.3100014,0.7649488
38.3200035,0.7804094
38.3300018,0.7563327
38.3400002,0.7713951
38.3500023,0.7361354
38.3600006,0.7436655
38.3700027,0.7010131
38.3800011,0.7253075
38.3900032,0.7611509
38.4000015,0.7720698
38.4100037,0.7838505
38.4200020,0.8082846
38.4300003,0.8318830
38.4400024,0.8278027
38.4500008,0.8779647
38.4600029,0.8820226
38.4700012,0.8611328
38.4800034,0.9008220
38.4900017,0.9055274
38.5000000,0.8545564
38.5100021,0.8630423
38.5200005,0.8694689
38.5300026,0.8976666
38.5400009,0.8740066
38.5500031,0.8517611
38.5600014,0.8517682
38.5700035,0.8507548
38.5800018,0.8434927
38.5900002,0.8297819
38.6000023,0.8375292
38.6100006,0.8542831
38.6200027,0.8619460
38.6300011,0.8457642
38.6400032,0.8755529
38.6500015,0.8622900
38.6600037,0.7845919
38.6700020,0.8017389
38.6800003,0.8045783
38.6900024,0.8199401
38.7000008,0.8541713
38.7100029,0.8869159
38.7200012,0.8442807
38.7300034,0.8613933
38.7400017,0.8741271
38.7500000,0.8476130
38.7600021,0.8680233
38.7700005,0.9021796
38.7800026,0.8900692
38.7900009,0.9110551
38.8000031,0.8896446
38.8100014,0.9036844
38.8200035,0.9236801
38.8300018,0.9347478
38.8400002,0.9658104
38.8500023,1.0062717
38.8600006,0.9689358
38.8700027,0.9580432
38.8800011,0.9475380
38.8900032,0.9332616
38.9000015,0.9334589
38.9100037,0.9303709
38.9200020,0.9087922
38.9300003,0.7992941
38.9400024,0.8325214
38.9500008,0.8155302
38.9600029,0.9017363
38.9700012,0.9311426
38.9800034,0.9067762
38.9900017,0.8969271
39.0000000,0.9142700
39.0100021,0.9130355
39.0200005,0.9466342
39.0300026,0.9396957
39.0400009,0.9720680
39.0500031,0.9549727
39.0600014,0.9086528
39.0700035,0.9238915
39.0800018,0.9110559
39.0900002,0.9437849
39.1000023,0.9136630
39.1100006,0.9233784
39.1200027,0.9429875
39.1300011,0.9080126
39.1400032,0.9180155
39.1500015,0.8745059
39.1600037,0.9448742
39.1700020,0.8993518
39.1800003,0.8874793
39.1900024,0.9201364
39.2000008,0.8889510
39.2100029,0.8437638
39.2200012,0.8993790
39.2300034,0.8835478
39.2400017,0.9046096
39.2500000,0.8886257
39.2600021,0.8937356
39.2700005,0.8739727
39.2800026,0.8775516
39.2900009,0.8694258
39.3000031,0.8690799
39.3100014,0.8617243
39.3200035,0.8336481
39.3300018,0.8797058
39.3400002,0.8681615
39.3500023,0.8939923
39.3600006,0.8625270
39.3700027,0.9407577
39.3800011,0.9465612
39.3900032,0.9452607
39.4000015,0.9289206
39.4100037,0.9258580
39.4200020,0.9532868
39.4300003,0.9317696
39.4400024,0.9233744
39.4500008,0.9064252
39.4600029,0.8832016
39.4700012,0.9037723
39.4800034,0.8876542
39.4900017,0.8660451
39.5000000,0.8859278
39.5100021,0.8980240
39.5200005,0.8329775
39.5300026,0.8225572
39.5400009,0.8446192
39.5500031,0.8727913
39.5600014,0.8581637
39.5700035,0.8582011
39.5800018,0.8828718
39.5900002,0.9038312
39.6000023,0.9242716
39.6100006,0.9020320
39.6200027,0.9216498
39.6300011,0.8845766
39.6400032,0.8787605
39.6500015,0.8558684
39.6600037,0.8745339
39.6700020,0.9019567
39.6800003,0.8699291
39.6900024,0.8708914
39.7000008,0.8288654
39.7100029,0.8525694
39.7200012,0.8794315
39.7300034,0.8388095
39.7400017,0.8543414
39.7500000,0.8396374
39.7600021,0.8519606
39.7700005,0.8418610
39.7800026,0.8347403
39.7900009,0.8440926
39.8000031,0.8887021
39.8100014,0.9148270
39.8200035,0.9300089
39.8300018,0.8611255
39.8400002,0.8763344
39.8500023,0.8986070
39.8600006,0.8801478
39.8700027,0.9170914
39.8800011,0.8901377
39.8900032,0.8396615
39.9000015,0.8609072
39.9100037,0.8780363
39.9200020,0.8919438
39.9300003,0.8353940
39.9400024,0.8574936
39.9500008,0.8708370
39.9600029,0.8643515
39.9700012,0.8732359
39.9800034,0.9019577
39.9900017,0.8780064
40.0000000,0.8834761
40.0100021,0.9205732
40.0200005,0.8881814
40.0300026,0.8876347
40.0400009,0.8792846
40.0500031,0.8848196
40.0600014,0.8730904
40.0700035,0.8797139
40.0800018,0.8619125
40.0900002,0.9115210
40.1000023,0.8970348
40.1100006,0.8814840
40.1200027,0.8711158
40.1300011,0.8668876
40.1400032,0.8589124
40.1500015,0.8892822
40.1600037,0.8883173
40.1700020,0.8833551
40.1800003,0.9079378
40.1900024,0.9106710
40.2000008,0.8770355
40.2100029,0.8747779
40.2200012,0.8501693
40.2300034,0.8216880
40.2400017,0.8116120
40.2500038,0.8074653
40.2600021,0.8412452
40.2700005,0.8528316
40.2800026,0.8981663
40.2900009,0.8790066
40.3000031,0.8700098
40.3100014,0.8854211
40.3200035,0.8724470
40.3300018,0.8324600
40.3400002,0.8198022
40.3500023,0.8592041
40.3600006,0.8141095
40.3700027,0.8404345
40.3800011,0.8451267
40.3900032,0.8257567
40.4000015,0.8073654
40.4100037,0.8087187
40.4200020,0.8330034
40.4300003,0.8266814
40.4400024,0.8511153
40.4500008,0.8523465
40.4600029,0.8776009
40.4700012,0.8879899
40.4800034,0.8840793
40.4900017,0.8405414
40.5000038,0.8673378
40.5100021,0.8431488
40.5200005,0.8704960
40.5300026,0.8584125
40.5400009,0.8805975
40.5500031,0.8830423
40.5600014,0.8387409
40.5700035,0.9045576
40.5800018,0.9187427
40.5900002,0.8926964
40.6000023,0.8603989
40.6100006,0.9056518
40.6200027,0.9000622
40.6300011,0.9447701
40.6400032,0.8993470
40.6500015,0.9033102
40.6600037,0.8426453
40.6700020,0.8431462
40.6800003,0.8336859
40.6900024,0.8810556
40.7000008,0.8903947
40.7100029,0.8609775
40.7200012,0.8955176
40.7300034,0.8812517
40.7400017,0.9124553
40.7500038,0.8372446
40.7600021,0.9075015
40.7700005,0.9068162
40.7800026,0.8903989
40.7900009,0.8825746
40.8000031,0.8811682
40.8100014,0.8702163
40.8200035,0.8831586
40.8300018,0.8842592
40.8400002,0.9615477
40.8500023,0.9198278
40.8600006,0.9528055
40.8700027,0.9003140
40.8800011,0.9236236
40.8900032,0.9428195
40.9000015,0.9285895
40.9100037,0.9298880
40.9200020,0.9076868
40.9300003,0.9291006
40.9400024,0.8673179
40.9500008,0.8547885
40.9600029,0.8634093
40.9700012,0.9162536
40.9800034,0.8709602
40.9900017,0.9331976
41.0000038,0.9152864
41.0100021,0.8741623
41.0200005,0.9212056
41.0300026,0.8720435
41.0400009,0.8737637
41.0500031,0.9012721
41.0600014,0.8886700
41.0700035,0.8379352
41.0800018,0.8658106
41.0900002,0.8578381
41.1000023,0.8430884
41.1100006,0.8588460
41.1200027,0.8859229
41.1300011,0.8537372
41.1400032,0.8303225
41.1500015,0.8335905
41.1600037,0.8399408
41.1700020,0.8549379
41.1800003,0.8868490
41.1900024,0.8345190
41.2000008,0.8183888
41.2100029,0.8505113
41.2200012,0.8484509
41.2300034,0.8144732
41.2400017,0.8691497
41.2500038,0.8383616
41.2600021,0.8954037
41.2700005,0.8765456
41.2800026,0.8668144
41.2900009,0.8705786
41.3000031,0.8513699
41.3100014,0.8247945
41.3200035,0.8701708
41.3300018,0.8641831
41.3400002,0.8727704
41.3500023,0.8283013
41.3600006,0.8501552
41.3700027,0.8934337
41.3800011,0.8761400
41.3900032,0.8270457
41.4000015,0.8436953
41.4100037,0.8520401
41.4200020,0.8655235
41.4300003,0.8900263
41.4400024,0.8650427
41.4500008,0.8845474
41.4600029,0.8285412
41.4700012,0.8723326
41.4800034,0.8552342
41.4900017,0.8937530
41.5000038,0.9197152
41.5100021,0.8895826
41.5200005,0.8885294
41.5300026,0.9113698
41.5400009,0.9379206
41.5500031,0.9257920
41.5600014,0.9341167
41.5700035,0.9515886
41.5800018,0.9063353
41.5900002,0.8969207
41.6000023,0.9009653
41.6100006,0.9077099
41.6200027,0.9104948
41.6300011,0.9193115
41.6400032,0.9428800
41.6500015,0.9608296
41.6600037,0.9486738
41.6700020,0.9282966
41.6800003,0.8944081
41.6900024,0.8596447
41.7000008,0.8944465
41.7100029,0.8940099
41.7200012,0.9135618
41.7300034,0.9133461
41.7400017,0.8944268
41.7500038,0.8278633
41.7600021,0.8181866
41.7700005,0.8220096
41.7800026,0.8178573
41.7900009,0.8571717
41.8000031,0.8684107
41.8100014,0.8554395
41.8200035,0.8410480
41.8300018,0.9036235
41.8400002,0.8596903
41.8500023,0.8364350
41.8600006,0.8544360
41.8700027,0.8537487
41.8800011,0.9047636
41.8900032,0.9087051
41.9000015,0.8589134
41.9100037,0.8889370
41.9200020,0.9476014
41.9300003,0.9269071
41.9400024,0.9085678
41.9500008,0.9409544
41.9600029,0.9659902
41.9700012,0.9349707
41.9800034,0.9316669
41.9900017,0.9460272
42.0000038,0.8890279
42.0100021,0.8670784
42.0200005,0.8876180
42.0300026,0.9138404
42.0400009,0.8889272
42.0500031,0.9021080
42.0600014,0.8889094
42.0700035,0.9330029
42.0800018,0.9035864
42.0900002,0.9229277
42.1000023,0.8863026
42.1100006,0.8678071
42.1200027,0.8893453
42.1300011,0.8871987
42.1400032,0.8723092
42.1500015,0.9017657
42.1600037,0.8891622
42.1700020,0.8636843
42.1800003,0.8771331
42.1900024,0.8861822
42.2000008,0.8937032
42.2100029,0.8761239
42.2200012,0.9357572
42.2300034,0.9119950
42.2400017,0.8733481
42.2500038,0.8733494
42.2600021,0.8542324
42.2700005,0.8240325
42.2800026,0.8589855
42.2900009,0.8660247
42.3000031,0.8455647
42.3100014,0.7741427
42.3200035,0.8171235
42.3300018,0.8537669
42.3400002,0.9150690
42.3500023,0.8636861
42.3600006,0.9117416
42.3700027,0.9156225
42.3800011,0.9033231
42.3900032,0.9270938
42.4000015,0.9613398
42.4100037,0.9301186
42.4200020,0.9037815
42.4300003,0.9111170
42.4400024,0.9453093
42.4500008,0.9486315
42.4600029,0.9419516
42.4700012,0.9236885
42.4800034,0.9165567
42.4900017,0.9350438
42.5000038,0.9313696
42.5100021,0.9480767
42.5200005,0.9355187
42.5300026,0.8839932
42.5400009,0.9355683
42.5500031,0.9040244
42.5600014,0.8574089
42.5700035,0.8712264
42.5800018,0.9315803
42.5900002,0.8957164
42.6000023,0.8478653
42.6100006,0.8241799
42.6200027,0.8246059
42.6300011,0.8597488
42.6400032,0.8614277
42.6500015,0.8633963
42.6600037,0.8746979
42.6700020,0.8554457
42.6800003,0.9080771
42.6900024,0.9271830
42.7000008,0.8517739
42.7100029,0.8330330
42.7200012,0.8779505
42.7300034,0.8819783
42.7400017,0.8630609
42.7500038,0.9027289
42.7600021,0.9557080
42.7700005,0.9680759
42.7800026,0.9526677
42.7900009,0.9632835
42.8000031,0.9940536
42.8100014,0.9778563
42.8200035,0.9696507
42.8300018,0.9607756
42.8400002,0.9904861
42.8500023,0.9708025
42.8600006,0.9932517
42.8700027,0.9362024
42.8800011,0.9437679
42.8900032,0.9263812
42.9000015,0.9003989
42.9100037,0.8676194
42.9200020,0.8773945
42.9300003,0.9120892
42.9400024,0.8886201
42.9500008,0.8525023
42.9600029,0.9085656
42.9700012,0.9802982
42.9800034,0.9771879
42.9900017,0.9892111
43.0000038,0.9236541
43.0100021,0.9408188
43.0200005,0.9793378
43.0300026,0.9902870
43.0400009,1.0046310
43.0500031,1.0077791
43.0600014,1.0109102
43.0700035,1.0287690
43.0800018,1.0098134
43.0900002,0.9936931
43.1000023,0.9611109
43.1100006,0.9803978
43.1200027,0.9121397
43.1300011,0.9446083
43.1400032,0.8746234
43.1500015,0.8799485
43.1600037,0.9472556
43.1700020,0.9701740
43.1800003,0.9548742
43.1900024,0.9472405
43.2000008,0.9664038
43.2100029,0.9942148
43.2200012,1.0164707
43.2300034,1.0130799
43.2400017,0.9356351
43.2500038,0.9265175
43.2600021,0.9395063
43.2700005,0.8926898
43.2800026,0.9008856
43.2900009,0.9053058
43.3000031,0.8963323
43.3100014,0.9062543
43.3200035,0.8489776
43.3300018,0.8726529
43.3400002,0.8570911
43.3500023,0.8842607
43.3600006,0.8804545
43.3700027,0.8680909
43.3800011,0.8947201
43.3900032,0.8453763
43.4000015,0.8911076
43.4100037,0.8856308
43.4200020,0.9211465
43.4300003,0.9061870
43.4400024,0.9361424
43.4500008,0.8800814
43.4600029,0.9582919
43.4700012,0.9360786
43.4800034,0.8943532
43.4900017,0.9008502
43.5000038,0.8946498
43.5100021,0.8842089
43.5200005,0.9047990
43.5300026,0.8970409
43.5400009,0.8703475
43.5500031,0.8840941
43.5600014,0.8573493
43.5700035,0.8703946
43.5800018,0.8873720
43.5900040,0.8955790
43.6000023,0.9540362
43.6100006,0.9410490
43.6200027,0.8888417
43.6300011,0.9139532
43.6400032,0.9299543
43.6500015,0.9065871
43.6600037,0.9387668
43.6700020,0.9318939
43.6800003,0.9232301
43.6900024,0.9648547
43.7000008,0.9411055
43.7100029,0.9558648
43.7200012,0.9530283
43.7300034,0.9362360
43.7400017,0.8997973
43.7500038,0.9244879
43.7600021,0.9536275
43.7700005,0.9030387
43.7800026,0.9051576
43.7900009,0.9145122
43.8000031,0.9389734
43.8100014,0.9099708
43.8200035,0.9290541
43.8300018,0.8956667
43.8400040,0.8888763
43.8500023,0.9188763
43.8600006,0.8585039
43.8700027,0.8904632
43.8800011,0.8919316
43.8900032,0.8811718
43.9000015,0.8651078
43.9100037,0.9134900
43.9200020,0.9111108
43.9300003,0.8838233
43.9400024,0.8896128
43.9500008,0.8704371
43.9600029,0.9246613
43.9700012,0.9311718
43.9800034,0.9121639
43.9900017,0.9265702
44.0000038,0.9140450
44.0100021,0.8930538
44.0200005,0.8879154
44.0300026,0.8922552
44.0400009,0.9411911
44.0500031,0.9202596
44.0600014,0.9678854
44.0700035,0.9123246
44.0800018,0.9032757
44.0900040,0.9211211
44.1000023,0.9026285
44.1100006,0.8341919
44.1200027,0.8149448
44.1300011,0.9258134
44.1400032,0.9650133
44.1500015,0.9347340
44.1600037,0.9927675
44.1700020,0.9752120
44.1800003,0.9328678
44.1900024,0.9204682
44.2000008,0.8973437
44.2100029,0.9357132
44.2200012,0.9734883
44.2300034,0.9405330
44.2400017,0.9124687
44.2500038,0.9310720
44.2600021,0.9257337
44.2700005,1.0287834
44.2800026,0.9711054
44.2900009,0.9942372
44.3000031,0.9593594
44.3100014,0.9402537
44.3200035,0.9236034
44.3300018,0.8708010
44.3400040,0.9078003
44.3500023,0.9079196
44.3600006,0.9538121
44.3700027,0.9981669
44.3800011,0.9809394
44.3900032,0.8752255
44.4000015,0.9901679
44.4100037,0.9673404
44.4200020,0.9747875
44.4300003,0.9960619
44.4400024,0.9895334
44.4500008,0.9903439
44.4600029,0.9397687
44.4700012,0.9418693
44.4800034,0.8533475
44.4900017,0.9481773
44.5000038,0.9231309
44.5100021,0.9291700
44.5200005,0.9322442
44.5300026,0.9641234
44.5400009,0.9898923
44.5500031,0.9323087
44.5600014,1.0035353
44.5700035,1.0100213
44.5800018,0.9851810
44.5900040,0.9077759
44.6000023,0.8136615
44.6100006,0.8821197
44.6200027,0.9219357
44.6300011,0.9281382
44.6400032,0.9027467
44.6500015,0.8525681
44.6600037,0.8053835
44.6700020,0.7449794
44.6800003,0.6972928
44.6900024,0.6663418
44.7000008,0.7137821
44.7100029,0.6822217
44.7200012,0.7279513
44.7300034,0.6319061
44.7400017,0.6590601
44.7500038,0.5715711
44.7600021,0.5857658
44.7700005,0.5875225
44.7800026,0.6105498
44.7900009,0.6251595
44.8000031,0.6123376
44.8100014,0.5755919
44.8200035,0.5862619
44.8300018,0.6010262
44.8400040,0.6037954
44.8500023,0.5685388
44.8600006,0.5454327
44.8700027,0.5339352
44.8800011,0.5616106
44.8900032,0.5748364
44.9000015,0.5262290
44.9100037,0.5126823
44.9200020,0.5537791
44.9300003,0.5588018
44.9400024,0.5946833
44.9500008,0.5771338
44.9600029,0.5768944
44.9700012,0.5708511
44.9800034,0.5786571
44.9900017,0.5702792
45.0000038,0.6139225
45.0100021,0.6346003
45.0200005,0.6553683
45.0300026,0.7129498
45.0400009,0.6561406
45.0500031,0.6637280
45.0600014,0.6560243
45.0700035,0.6416149
45.0800018,0.6186438
45.0900040,0.6628128
45.1000023,0.6606687
45.1100006,0.6905200
45.1200027,0.6902455
45.1300011,0.7198138
45.1400032,0.7474937
45.1500015,0.7586123
45.1600037,0.7775782
45.1700020,0.7782732
45.1800003,0.7684932
45.1900024,0.7426867
45.2000008,0.7501785
45.2100029,0.8054897
45.2200012,0.7833568
45.2300034,0.7839400
45.2400017,0.7493809
45.2500038,0.6971482
45.2600021,0.6876872
45.2700005,0.7188522
45.2800026,0.6584240
45.2900009,0.6794683
45.3000031,0.7105439
45.3100014,0.6684233
45.3200035,0.6589201
45.3300018,0.6983898
45.3400040,0.6890138
45.3500023,0.6531247
45.3600006,0.6478871
45.3700027,0.6550757
45.3800011,0.6626937
45.3900032,0.6651146
45.4000015,0.6979778
45.4100037,0.6303217
45.4200020,0.6701090
45.4300003,0.6228510
45.4400024,0.6391673
45.4500008,0.6462526
45.4600029,0.6446650
45.4700012,0.6358498
45.4800034,0.6695029
45.4900017,0.6217538
45.5000038,0.6175765
45.5100021,0.5742315
45.5200005,0.5785879
45.5300026,0.5764052
45.5400009,0.5918741
45.5500031,0.5997066
45.5600014,0.5784484
45.5700035,0.5950719
45.5800018,0.5670487
45.5900040,0.5718578
45.6000023,0.5860059
45.6100006,0.6220906
45.6200027,0.5968148
45.6300011,0.5770726
45.6400032,0.5397539
45.6500015,0.5475381
45.6600037,0.5447434
45.6700020,0.5510886
45.6800003,0.5368571
45.6900024,0.5401373
45.7000008,0.5414172
45.7100029,0.5438848
45.7200012,0.5645649
45.7300034,0.5853906
45.7400017,0.5614211
45.7500038,0.5872794
45.7600021,0.5533074
45.7700005,0.5621451
45.7800026,0.5701551
45.7900009,0.5538224
45.8000031,0.5332441
45.8100014,0.5356619
45.8200035,0.5574905
45.8300018,0.5649110
45.8400040,0.5824054
45.8500023,0.5586103
45.8600006,0.5670761
45.8700027,0.5613244
45.8800011,0.5500545
45.8900032,0.5584253
45.9000015,0.5333434
45.9100037,0.5608256
45.9200020,0.5391384
45.9300003,0.5618044
45.9400024,0.5755597
45.9500008,0.5594825
45.9600029,0.5817536
45.9700012,0.5647742
45.9800034,0.5634264
45.9900017,0.5604777
46.0000038,0.5489691
46.0100021,0.5588961
46.0200005,0.5625600
46.0300026,0.5666674
46.0400009,0.5996009
46.0500031,0.5743260
46.0600014,0.5664532
46.0700035,0.5740050
46.0800018,0.5820816
46.0900040,0.5807625
46.1000023,0.5479807
46.1100006,0.5763871
46.1200027,0.5565408
46.1300011,0.5559116
46.1400032,0.5547408
46.1500015,0.5712127
46.1600037,0.5539330
46.1700020,0.5299706
46.1800003,0.5259097
46.1900024,0.5105582
46.2000008,0.5220278
46.2100029,0.4692814
46.2200012,0.4767033
46.2300034,0.4981780
46.2400017,0.4908558
46.2500038,0.4840083
46.2600021,0.5123606
46.2700005,0.4741382
46.2800026,0.4903772
46.2900009,0.5236229
46.3000031,0.5445444
46.3100014,0.5708345
46.3200035,0.5326588
46.3300018,0.5529321
46.3400040,0.5360923
46.3500023,0.5398250
46.3600006,0.5537287
46.3700027,0.5666891
46.3800011,0.5743186
46.3900032,0.5435026
46.4000015,0.5571477
46.4100037,0.5250273
46.4200020,0.5275242
46.4300003,0.5343663
46.4400024,0.5325375
46.4500008,0.5370577
46.4600029,0.5574105
46.4700012,0.5789537
46.4800034,0.5373020
46.4900017,0.5211388
46.5000038,0.5364007
46.5100021,0.5646143
46.5200005,0.5450132
46.5300026,0.5476365
46.5400009,0.5499195
46.5500031,0.5367358
46.5600014,0.5790390
46.5700035,0.5923074
46.5800018,0.5552719
46.5900040,0.5649385
46.6000023,0.5520255
46.6100006,0.5425838
46.6200027,0.5315577
46.6300011,0.5312757
46.6400032,0.5289785
46.6500015,0.5377069
46.6600037,0.5740091
46.6700020,0.5817862
46.6800041,0.5661610
46.6900024,0.5421848
46.7000008,0.5504805
46.7100029,0.5448439
46.7200012,0.5630461
46.7300034,0.5502105
46.7400017,0.5395930
46.7500038,0.5541010
46.7600021,0.5309186
46.7700005,0.5169638
46.7800026,0.5396007
46.7900009,0.5517129
46.8000031,0.5007102
46.8100014,0.5314015
46.8200035,0.5125374
46.8300018,0.5019916
46.8400040,0.5202701
46.8500023,0.5414132
46.8600006,0.5393475
46.8700027,0.4627616
46.8800011,0.4472420
46.8900032,0.4567984
46.9000015,0.4953202
46.9100037,0.5267236
46.9200020,0.5180838
46.9300041,0.5241101
46.9400024,0.5143966
46.9500008,0.5591589
46.9600029,0.5589886
46.9700012,0.5667955
46.9800034,0.5692058
46.9900017,0.5908825
47.0000038,0.5632905
47.0100021,0.5595177
47.0200005,0.5501122
47.0300026,0.5586324
47.0400009,0.5664361
47.0500031,0.5906177
47.0600014,0.5838227
47.0700035,0.5726057
47.0800018,0.5488849
47.0900040,0.5159247
47.1000023,0.5309792
47.1100006,0.5163883
47.1200027,0.5070599
47.1300011,0.4851114
47.1400032,0.5032440
47.1500015,0.5608379
47.1600037,0.5364747
47.1700020,0.5604473
47.1800041,0.5518234
47.1900024,0.5567684
47.2000008,0.5429285
47.2100029,0.5530598
47.2200012,0.5617399
47.2300034,0.5355980
47.2400017,0.5458983
47.2500038,0.5535831
47.2600021,0.5518609
47.2700005,0.5569841
47.2800026,0.5574450
47.2900009,0.5596744
47.3000031,0.5406502
47.3100014,0.5521547
47.3200035,0.5641320
47.3300018,0.5527971
47.3400040,0.5549216
47.3500023,0.5529030
47.3600006,0.5687851
47.3700027,0.5534748
47.3800011,0.5748214
47.3900032,0.5517378
47.4000015,0.5331388
47.4100037,0.5194013
47.4200020,0.5598867
47.4300041,0.5507562
47.4400024,0.5370180
47.4500008,0.5444228
47.4600029,0.5714798
47.4700012,0.5447904
47.4800034,0.5420288
47.4900017,0.5643417
47.5000038,0.5423988
47.5100021,0.5509368
47.5200005,0.5541028
47.5300026,0.5382367
47.5400009,0.5568072
47.5500031,0.5568645
47.5600014,0.5730027
47.5700035,0.5553234
47.5800018,0.5494566
47.5900040,0.5629319
47.6000023,0.5653525
47.6100006,0.6148616
47.6200027,0.5976487
47.6300011,0.6014787
47.6400032,0.5784468
47.6500015,0.5710841
47.6600037,0.5797517
47.6700020,0.5621653
47.6800041,0.5412313
47.6900024,0.5407929
47.7000008,0.5607852
47.7100029,0.5559466
47.7200012,0.5430316
47.7300034,0.5559470
47.7400017,0.5566899
47.7500038,0.5652244
47.7600021,0.5766588
47.7700005,0.5801005
47.7800026,0.5693521
47.7900009,0.5879577
47.8000031,0.5885059
47.8100014,0.5706428
47.8200035,0.5673533
47.8300018,0.5815536
47.8400040,0.5915067
47.8500023,0.5731811
47.8600006,0.5686715
47.8700027,0.5618433
47.8800011,0.5550094
47.8900032,0.5585479
47.9000015,0.5474347
47.9100037,0.5624428
47.9200020,0.5689669
47.9300041,0.5641946
47.9400024,0.5646151
47.9500008,0.5667002
47.9600029,0.5612212
47.9700012,0.5519064
47.9800034,0.5662348
47.9900017,0.5495300
48.0000038,0.5548893
48.0100021,0.5604234
48.0200005,0.5561445
48.0300026,0.5698379
48.0400009,0.5583730
48.0500031,0.5539201
48.0600014,0.5491436
48.0700035,0.5503417
48.0800018,0.5483006
48.0900040,0.5543732
48.1000023,0.5517083
48.1100006,0.5500759
48.1200027,0.5533125
48.1300011,0.5388995
48.1400032,0.5395597
48.1500015,0.5488901
48.1600037,0.5202128
48.1700020,0.5352358
48.1800041,0.5133402
48.1900024,0.5379564
48.2000008,0.5081553
48.2100029,0.5048079
48.2200012,0.5183708
48.2300034,0.5209671
48.2400017,0.4981479
48.2500038,0.5200527
48.2600021,0.5034909
48.2700005,0.5081999
48.2800026,0.5154827
48.2900009,0.4936667
48.3000031,0.5225228
48.3100014,0.5177099
48.3200035,0.4947190
48.3300018,0.5265229
48.3400040,0.5248297
48.3500023,0.5181094
48.3600006,0.5172969
48.3700027,0.5097872
48.3800011,0.5356716
48.3900032,0.5282051
48.4000015,0.5286139
48.4100037,0.4917718
48.4200020,0.4704562
48.4300041,0.4925763
48.4400024,0.5074714
48.4500008,0.5161999
48.4600029,0.5043749
48.4700012,0.5140809
48.4800034,0.5444837
48.4900017,0.5121694
48.5000038,0.5031303
48.5100021,0.5405247
48.5200005,0.5356348
48.5300026,0.5063209
48.5400009,0.5245332
48.5500031,0.5407010
48.5600014,0.5065178
48.5700035,0.5213704
48.5800018,0.5383411
48.5900040,0.5253869
48.6000023,0.5281409
48.6100006,0.4782032
48.6200027,0.4685403
48.6300011,0.4725136
48.6400032,0.4758161
48.6500015,0.4862414
48.6600037,0.4820327
48.6700020,0.4726270
48.6800041,0.4808151
48.6900024,0.4613888
48.7000008,0.4729145
48.7100029,0.4523507
48.7200012,0.4491577
48.7300034,0.4540517
48.7400017,0.4914170
48.7500038,0.4801559
48.7600021,0.4820780
48.7700005,0.4633950
48.7800026,0.5100337
48.7900009,0.5367519
48.8000031,0.4760236
48.8100014,0.5076926
48.8200035,0.4693662
48.8300018,0.4565116
48.8400040,0.4724982
48.8500023,0.4534295
48.8600006,0.4634778
48.8700027,0.4324765
48.8800011,0.4679747
48.8900032,0.4633321
48.9000015,0.4912646
48.9100037,0.4736777
48.9200020,0.4488902
48.9300041,0.4540523
48.9400024,0.4680288
48.9500008,0.4780178
48.9600029,0.4756849
48.9700012,0.4568598
48.9800034,0.4633763
48.9900017,0.4476815
49.0000038,0.4609246
49.0100021,0.4613288
49.0200005,0.4815703
49.0300026,0.4695365
49.0400009,0.4349877
49.0500031,0.4856918
49.0600014,0.4516226
49.0700035,0.4471732
49.0800018,0.4531063
49.0900040,0.4848180
49.1000023,0.4844376
49.1100006,0.4769031
49.1200027,0.4671829
49.1300011,0.4643100
49.1400032,0.4730547
49.1500015,0.4922841
49.1600037,0.4989301
49.1700020,0.4868965
49.1800041,0.4943551
49.1900024,0.4655941
49.2000008,0.5070370
49.2100029,0.4833393
49.2200012,0.4818615
49.2300034,0.4957227
49.2400017,0.4882966
49.2500038,0.5031238
49.2600021,0.5138639
49.2700005,0.4876825
49.2800026,0.4813110
49.2900009,0.4842721
49.3000031,0.5110378
49.3100014,0.5024894
49.3200035,0.5322753
49.3300018,0.5202906
49.3400040,0.5004644
49.3500023,0.4963507
49.3600006,0.5031140
49.3700027,0.4918757
49.3800011,0.5023090
49.3900032,0.4937131
49.4000015,0.5170752
49.4100037,0.5033143
49.4200020,0.5209017
49.4300041,0.4882196
49.4400024,0.5307750
49.4500008,0.5093976
49.4600029,0.4904826
49.4700012,0.4853947
49.4800034,0.4729870
49.4900017,0.4769447
49.5000038,0.5079496
49.5100021,0.5129107
49.5200005,0.4976735
49.5300026,0.4793589
49.5400009,0.4841337
49.5500031,0.5059390
49.5600014,0.5117621
49.5700035,0.5237457
49.5800018,0.4862340
49.5900040,0.5087896
49.6000023,0.5079449
49.6100006,0.5215805
49.6200027,0.5220473
49.6300011,0.5197695
49.6400032,0.5608560
49.6500015,0.5271456
49.6600037,0.5187545
49.6700020,0.5491967
49.6800041,0.5497097
49.6900024,0.6019409
49.7000008,0.6059837
49.7100029,0.6313118
49.7200012,0.6212081
49.7300034,0.6029945
49.7400017,0.6512701
49.7500038,0.5971990
49.7600021,0.6098880
49.7700005,0.6071897
49.7800026,0.6192363
49.7900009,0.6103430
49.8000031,0.5853274
49.8100014,0.5902959
49.8200035,0.6328796
49.8300018,0.6257911
49.8400040,0.6096263
49.8500023,0.5987356
49.8600006,0.6228471
49.8700027,0.6322779
49.8800011,0.6723316
49.8900032,0.6367335
49.9000015,0.6495442
49.9100037,0.6339593
49.9200020,0.6625326
49.9300041,0.7088941
49.9400024,0.6619244
49.9500008,0.6671087
49.9600029,0.6426637
49.9700012,0.6502379
49.9800034,0.6726387
49.9900017,0.6437996
50.0000038,0.6301811
